"situacao";"dat_alteracao";"codigo";"descricao";"cod_pai";"cod_filhos";"cod_filhos_ativos";"nivel"
"A";"";"13999";"Multa do Artigo 467 da CLT ";"13970.0";"";"";"5"
"A";"";"14000";"Multa do Artigo  477 da CLT";"13970.0";"";"";"5"
"A";"";"14001";"Saldo de Salário";"13970.0";"";"";"5"
"A";"";"14002";"Contrato de Experiência";"13994.0";"";"";"6"
"A";"";"14003";"Culpa Recíproca";"13994.0";"";"";"6"
"A";"";"14004";"Indenizado - Efeitos";"13994.0";"";"";"6"
"A";"";"14005";"Proporcional";"13994.0";"";"";"6"
"A";"";"14006";"Expurgos Inflacionários";"13998.0";"";"";"6"
"A";"";"14007";"Responsabilidade Civil do Empregador";"12936.0";"14008,14009,14010,14011,14012,14013,14014,14015,14016,14017,14018,14019,14020,14021,14022,14023,14024,14025,14026,14027,14028,14029,14030";"14008,14009,14010,14011,14012,14013,14014,14015,14016,14017,14018,14019,14020,14021,14022,14023,14024,14025,14026,14027,14028,14029,14030";"3"
"A";"";"14008";"Indenização por Dano Estético";"14007.0";"";"";"4"
"A";"";"14009";"Indenização por Dano Material";"14007.0";"14012,14013,14014,14015";"14012,14013,14014,14015";"4"
"A";"";"14010";"Indenização por Dano Moral";"14007.0";"14016,14017,14018,14019,14020,14021,14022,14023,14024,14025,14026,14027,14028,14029,14030";"14016,14017,14018,14019,14020,14021,14022,14023,14024,14025,14026,14027,14028,14029,14030";"4"
"A";"";"14011";"Indenização por Dano Moral Coletivo";"14007.0";"";"";"4"
"A";"";"14012";"Acidente de Trabalho";"14009.0";"";"";"5"
"A";"";"14013";"Constituição de Capital";"14009.0";"";"";"5"
"A";"";"14014";"Doença Ocupacional";"14009.0";"";"";"5"
"A";"";"14015";"Pensão Vitalícia";"14009.0";"";"";"5"
"A";"";"14016";"Acidente de Trabalho";"14010.0";"";"";"5"
"A";"";"14017";"Anotação/Retenção da CTPS";"14010.0";"";"";"5"
"A";"";"14018";"Assédio Moral";"14010.0";"";"";"5"
"A";"";"14019";"Assédio Sexual";"14010.0";"";"";"5"
"A";"";"14020";"Atos Discriminatórios";"14010.0";"";"";"5"
"A";"";"14021";"Condições Degradantes";"14010.0";"";"";"5"
"A";"";"14022";"Controle de Correspondência Eletrônica";"14010.0";"";"";"5"
"A";"";"14023";"Desconfiguração de Justa Causa";"14010.0";"";"";"5"
"A";"";"14024";"Doença Ocupacional";"14010.0";"";"";"5"
"A";"";"14025";"Fixação do Quantum";"14010.0";"";"";"5"
"A";"";"14026";"Limitação de Uso do Banheiro";"14010.0";"";"";"5"
"A";"";"14027";"Lista Suja";"14010.0";"";"";"5"
"A";"";"14028";"Quebra de sigilo Bancário";"14010.0";"";"";"5"
"A";"";"14029";"Revistas Íntimas/Pertences";"14010.0";"";"";"5"
"A";"";"14030";"Valor Arbitrado";"14010.0";"";"";"5"
"A";"";"14031";"Responsabilidade Civil em Outras Relações de Trabalho";"12936.0";"14032,14033";"14032,14033";"3"
"A";"";"14032";"Indenização por Dano Material";"14031.0";"";"";"4"
"A";"";"14033";"Indenização por Dano Moral";"14031.0";"";"";"4"
"A";"";"14034";"Responsabilidade Solidária/Subsidiária";"12936.0";"14035,14036,14037,14038,14039,14040,14120,14041,14042,14043,14044,14045";"14035,14036,14037,14038,14039,14040,14120,14041,14042,14043,14044,14045";"3"
"A";"";"14035";"Concessão de Serviço Público";"14034.0";"";"";"4"
"A";"";"14036";"Grupo Econômico";"14034.0";"";"";"4"
"A";"";"14037";"Sócio/Acionista";"14034.0";"";"";"4"
"A";"";"14038";"Sócio Retirante";"14034.0";"";"";"4"
"A";"";"14039";"Sucessão de Empregadores";"14034.0";"14041";"14041";"4"
"A";"";"14040";"Terceirização/Tomador de Serviços";"14034.0";"14042,14043,14044,14045";"14042,14043,14044,14045";"4"
"A";"";"14041";"Bancos";"14039.0";"";"";"5"
"A";"";"14042";"Empreitada/Dono da Obra";"14040.0";"";"";"5"
"A";"";"14043";"Ente Público";"14040.0";"";"";"5"
"A";"2020-11-18 14:06:34";"14044";"Isonomia Salarial";"14040.0";"";"";"5"
"A";"";"14045";"Licitude/Ilicitude";"14040.0";"";"";"5"
"A";"";"14046";"Prescrição";"12942.0";"14047,14048,14049,14050,14051,14052,14053,14054,14055,14056,14057,14058,14059,14060,14061,14062,14063,14064";"14047,14048,14049,14050,14051,14052,14053,14054,14055,14056,14057,14058,14059,14060,14061,14062,14063,14064";"3"
"A";"";"14047";"Ação Meramente Declaratória";"14046.0";"";"";"4"
"A";"";"14048";"Acidente de trabalho";"14046.0";"";"";"4"
"A";"";"14049";"Alteração Contratual";"14046.0";"";"";"4"
"A";"";"14050";"Complementação de Aposentadoria/Pensão";"14046.0";"";"";"4"
"A";"";"14051";"Comissões - Alteração ou Supressão";"14046.0";"";"";"4"
"A";"";"14052";"Contagem do Prazo";"14046.0";"";"";"4"
"A";"";"14053";"Contribuições Previdenciárias";"14046.0";"";"";"4"
"A";"";"14054";"Desvio de Função e Reenquadramento";"14046.0";"";"";"4"
"A";"";"14055";"Expurgos Inflacionários";"14046.0";"";"";"4"
"A";"2020-11-18 14:15:50";"14056";"FGTS";"14046.0";"";"";"4"
"A";"";"14057";"Intercorrente";"14046.0";"";"";"4"
"A";"";"14058";"Interrupção";"14046.0";"14060,14061,14062,14063,14064";"14060,14061,14062,14063,14064";"4"
"A";"";"14059";"Regime Jurídico - Mudança";"14046.0";"";"";"4"
"A";"";"14060";"Ação Ajuizada pelo Sindicato como Substituto Processual";"14058.0";"";"";"5"
"A";"";"14061";"Ação Trabalhista Arquivada";"14058.0";"";"";"5"
"A";"";"14062";"Ato Inequívoco que Importe no Reconhecimento do Direito";"14058.0";"";"";"5"
"A";"";"14063";"Ato Judicial que Constitua em Mora o Devedor";"14058.0";"";"";"5"
"A";"";"14064";"Protesto Judicial";"14058.0";"";"";"5"
"A";"";"14066";"Mora";"7691.0";"";"";"4"
"A";"";"14067";"Legitimidade Ativa e Passiva";"12963.0";"";"";"4"
"A";"";"14068";"Exceção de Incompetência Territorial";"8828.0";"";"";"3"
"A";"";"14069";"Ausência de Impugnação da Conta de Liquidação/Preclusão";"9148.0";"";"";"3"
"A";"";"14070";"Fazenda Pública";"10684.0";"";"";"5"
"A";"";"14072";"Litigância de Má Fé";"12941.0";"";"";"3"
"A";"";"14073";"Fac-Símilie/E-mail";"13020.0";"";"";"4"
"A";"";"14074";"Hora Extra/Intervalo";"13237.0";"";"";"5"
"A";"";"14075";"Preparo";"13292.0";"14076,14077";"14076,14077";"5"
"A";"";"14076";"Custas";"14075.0";"";"";"6"
"A";"";"14077";"Depósito";"14075.0";"";"";"6"
"A";"";"14078";"Pressupostos Intrínsecos";"9098.0";"14079,14080";"14079,14080";"4"
"A";"";"14079";"Desfundamentação";"14078.0";"";"";"5"
"A";"";"14080";"Artigo 896, § 1º - A, CLT";"14078.0";"";"";"5"
"A";"";"14081";"Decisão Interlocutória";"9098.0";"";"";"4"
"A";"2024-06-10 18:30:05";"14082";"Transcendência";"9098.0";"";"";"4"
"A";"";"14083";"Dissídio Coletivo (1.160)";"12943.0";"14084,14085,14086,14087,14088,14089,14090";"14084,14085,14086,14087,14088";"3"
"A";"";"14084";"Comum Acordo para Ajuizamento";"14083.0";"";"";"4"
"A";"2020-11-23 17:54:12";"14085";"Greve";"14083.0";"";"";"4"
"A";"2020-11-23 17:54:24";"14086";"Natureza Econômica";"14083.0";"";"";"4"
"A";"2020-11-23 17:54:47";"14087";"Natureza Jurídica";"14083.0";"";"";"4"
"A";"2020-11-23 17:55:16";"14088";"Honorários Advocatícios";"14083.0";"";"";"4"
"A";"2023-03-31 13:54:33";"14100";"(Fato até 10/01/2023) Injúria Preconceituosa em Razão de Raça";"12543.0";"";"";"5"
"A";"2023-03-31 13:51:20";"14101";"(Fato até 10/01/2023) Injúria Preconceituosa em Razão de Cor";"12543.0";"";"";"5"
"A";"2023-03-31 13:43:28";"14102";"(Fato até 10/01/2023) Injúria Preconceituosa em Razão de Etnia";"12543.0";"";"";"5"
"A";"2023-03-31 13:57:58";"14103";"(Fato até 10/01/2023) Injúria Preconceituosa em Razão de Origem";"12543.0";"";"";"5"
"A";"";"14104";"Condição de Pessoa Idosa";"12543.0";"";"";"5"
"A";"";"14105";"Condição de Pessoa Portadora de Deficiência";"12543.0";"";"";"5"
"A";"2024-03-15 12:20:31";"14106";"(Fato até 10/01/2023) Injúria Preconceituosa em Razão de Orientação Sexual";"12543.0";"";"";"5"
"A";"2024-03-15 12:22:49";"14107";"(Fato até 10/01/2023) Injúria Preconceituosa em Razão de Identidade de Gênero";"12543.0";"";"";"5"
"A";"2023-03-31 14:13:57";"14108";"(Fato até 10/01/2023) Análogo à Injúria Preconceituosa em Razão de Raça";"12547.0";"";"";"6"
"A";"2023-03-31 14:11:57";"14109";"(Fato até 10/0/2023) Análogo à Injúria Preconceituosa em Razão de Origem";"12547.0";"";"";"6"
"A";"2023-03-31 14:09:35";"14110";"(Fato até 10/01/2023) Análogo à Injúria Preconceituosa em Razão de Etnia";"12547.0";"";"";"6"
"A";"2023-03-31 14:06:52";"14111";"(Fato até 10/01/2023) Análogo à Injúria Preconceituosa em Razão de Cor";"12547.0";"";"";"6"
"A";"";"14112";"Condição de Pessoa  Idosa";"12547.0";"";"";"6"
"A";"";"14113";"Condição de Pessoa Portadora de Deficiência";"12547.0";"";"";"6"
"A";"2024-03-15 12:26:03";"14114";"(Fato até 10/01/2023) Análogo à Injúria Preconceituosa em Razão de Orientação Sexual";"12547.0";"";"";"6"
"A";"2024-03-15 12:27:45";"14115";"(Fato até 10/01/2023) Análogo à Injúria Preconceituosa em Razão de Identidade de Gênero";"12547.0";"";"";"6"
"A";"";"14116";"Contribuição Confederativa";"13276.0";"";"";"5"
"A";"";"14117";"Atleta Profissional";"13641.0";"";"";"4"
"A";"";"14118";"Equipamento de Proteção Individual - EPI";"13875.0";"";"";"6"
"A";"";"14120";"Subempreitada";"14034.0";"";"";"4"
"A";"";"14121";"Moratórios Comuns";"8826.0";"";"";"2"
"A";"";"14122";"Tutela Provisória de Urgência";"12958.0";"";"";"4"
"A";"";"14124";"Quebra de Sigilo Telemático";"10604.0";"";"";"3"
"A";"";"14126";"Alimentos Gravídicos";"5626.0";"";"";"3"
"A";"";"14127";"Crédito Rural";"10402.0";"";"";"4"
"A";"";"14128";"FGTS";"10394.0";"";"";"3"
"A";"";"14129";"Compensação Financeira pela Exploração de Recursos Minerais (CFEM)";"10106.0";"";"";"4"
"A";"";"14130";"Sistema Prisional";"9986.0";"";"";"3"
"A";"";"14131";"Dispensa";"10385.0";"";"";"3"
"A";"";"14132";"Inexigibilidade";"10385.0";"";"";"3"
"A";"";"14133";"Concorrência";"10386.0";"";"";"4"
"A";"";"14134";"Tomada de Preço";"10386.0";"";"";"4"
"A";"";"14135";"Convite";"10386.0";"";"";"4"
"A";"";"14136";"Concurso";"10386.0";"";"";"4"
"A";"";"14137";"Leilão";"10386.0";"";"";"4"
"A";"";"14138";"Pregão";"10386.0";"14139,14140";"14139,14140";"4"
"A";"";"14139";"Presencial";"14138.0";"";"";"5"
"A";"";"14140";"Eletrônico";"14138.0";"";"";"5"
"A";"";"14141";"Descontos Indevidos";"10337.0";"";"";"4"
"A";"";"14142";"Adicional de Inatividade";"10338.0";"";"";"5"
"A";"";"14143";"Gratificação de Compensação Orgânica";"10338.0";"";"";"5"
"A";"";"14144";"Ajuda de Custo";"10340.0";"";"";"5"
"A";"";"14145";"Soldo Legal e Ajustado";"10341.0";"";"";"5"
"A";"";"14146";"Restituição ao Erário";"10337.0";"14147";"14147";"4"
"A";"";"14147";"Valores Antecipados na Tutela Revogada/Cassada";"14146.0";"";"";"5"
"A";"";"14148";"Acidentes";"10502.0";"14149,14910";"14149,14910";"4"
"A";"";"14149";"Exposição a Substâncias Tóxicas - Dicloro-Difenil-Tricloroetano (DDT/Mercúrio/Outras)";"14148.0";"";"";"5"
"A";"";"14150";"Concurso Público - Nomeação/Posse Tardia";"10502.0";"";"";"4"
"A";"";"14151";"Correspondência - ECT";"10502.0";"";"";"4"
"A";"";"14154";"Devolução de Cheques";"10502.0";"";"";"4"
"A";"2021-01-29 13:47:57";"14155";"Inscrição em Cadastro Restrito de Crédito";"10502.0";"";"";"4"
"A";"";"14156";"Protesto Indevido de Títulos";"10502.0";"";"";"4"
"A";"";"14157";"Roubo/Leilão Indevido de Bem Empenhado";"10502.0";"";"";"4"
"A";"";"14158";"Saque Fraudulento";"10502.0";"";"";"4"
"A";"";"14159";"Política Pública de Preços";"10502.0";"";"";"4"
"A";"";"14161";"Tráfego de Veículo com Excesso de Peso";"10502.0";"";"";"4"
"A";"";"14162";"Acidentes";"9992.0";"14163,14911";"14163,14911";"4"
"A";"";"14163";"Exposição a Substâncias Tóxicas (Dicloro-Difenil-Tricloroetano (DDT / Mercúrio / Outras)";"14162.0";"";"";"5"
"A";"";"14164";"Ausência/Deficiência de Fiscalização";"9992.0";"";"";"4"
"A";"";"14165";"Concurso Público - Nomeação/Posse Tardia";"9992.0";"";"";"4"
"A";"";"14166";"Ausência/Deficiência de Fiscalização";"10502.0";"";"";"4"
"A";"";"14167";"Correspondência - ECT";"9992.0";"";"";"4"
"A";"";"14168";"Devolução de Cheques";"9992.0";"";"";"4"
"A";"";"14169";"Inscrição em Cadastro Restritivo de Crédito";"9992.0";"";"";"4"
"A";"";"14170";"Protesto Indevido de Títulos";"9992.0";"";"";"4"
"A";"";"14171";"Roubo/Leilão Indevido de Bem Empenhado";"9992.0";"";"";"4"
"A";"";"14172";"Saque Fraudulento";"9992.0";"";"";"4"
"A";"";"14173";"Política Pública de Preços";"9992.0";"";"";"4"
"A";"";"14174";"Tráfego de Veículo com Excesso de Peso";"9992.0";"";"";"4"
"A";"";"14175";"Assédio Moral";"9992.0";"";"";"4"
"A";"";"14176";"Tarifa";"10075.0";"";"";"5"
"A";"";"14177";"Ciência Sem Fronteiras";"12795.0";"";"";"3"
"A";"";"14178";"Renovação de Matrícula - Inadimplência";"12795.0";"";"";"3"
"A";"";"14179";"Perda de Prazo de Matrícula";"12795.0";"";"";"3"
"A";"";"14180";"Moléstia Profissional ou Doença Grave";"10255.0";"14181,14182,14183,14184,14185,14186,14187,14188,14189,14190,14191,14192,14193";"";"5"
"A";"";"14194";"Acidente em Serviço";"10255.0";"";"";"5"
"A";"";"14195";"Maioridade";"10253.0";"";"";"5"
"A";"";"14196";"Índice da URP - 26,05% (1989)";"10313.0";"";"";"4"
"A";"";"14197";"Índice da URP - 26,06% (1987)";"10313.0";"";"";"4"
"A";"";"14198";"Natureza do Cargo Acumulável";"10225.0";"";"";"5"
"A";"";"14199";"Regime de Dedicação Exclusiva";"10225.0";"";"";"5"
"A";"";"14200";"Limite de Carga Horária - Jornada Semanal";"10225.0";"";"";"5"
"A";"";"14201";"Progressão Funcional com Interstício de Doze Meses";"10236.0";"";"";"5"
"A";"";"14202";"Lei Geral de Proteção de Dados (LGPD)";"9985.0";"14203,14204";"14203,14204";"2"
"A";"";"14203";"Proteção de Dados Pessoais";"14202.0";"";"";"3"
"A";"";"14204";"Privacidade";"14202.0";"";"";"3"
"A";"";"14205";"Lei Geral de Proteção de Dados (LGPD)";"899.0";"14206,14207";"14206,14207";"2"
"A";"";"14206";"Proteção de Dados Pessoais";"14205.0";"";"";"3"
"A";"";"14207";"Privacidade";"14205.0";"";"";"3"
"A";"";"14220";"Contas-  Simplificada";"11693.0";"";"";"6"
"A";"";"14221";"Falsificação ou Alteração de Documento Particular para Fins Eleitorais";"11467.0";"";"";"4"
"A";"";"14222";"Impugnação - Reclamação à Ata Geral de Eleição";"12049.0";"";"";"4"
"A";"";"14223";"Impugnação - Nomeação de Escrutinadores/Auxiliares Realizada pelo Presidente da Junta";"12049.0";"";"";"4"
"A";"";"14224";"Requerimento de justificativa por ausência ou abandono dos trabalhos eleitorais";"11428.0";"";"";"2"
"A";"";"14225";"Apuração de indícios de irregularidades informados pela Administração Pública";"11684.0";"";"";"4"
"A";"";"14226";"Crimes Previstos na Lei Maria da Penha";"3603.0";"14227";"14227";"3"
"A";"";"14227";"Crime de Descumprimento de Medida Protetiva  de Urgência";"14226.0";"";"";"4"
"A";"";"14228";"Previstos na Lei Maria da Penha";"9847.0";"14229";"14229";"4"
"A";"";"14229";"Descumprimento de Medida Protetiva de Urgência";"14228.0";"";"";"5"
"A";"";"14236";"Exercício Ilegal de Profissão ou Atividade";"3692.0";"";"";"3"
"A";"";"14237";"Sistema Financeiro Imobiliário";"4839.0";"";"";"5"
"A";"";"14238";"Produção Antecipada de Provas";"10925.0";"";"";"4"
"A";"";"14239";"Gratificação de Condição Especial de Trabalho";"10338.0";"";"";"5"
"A";"";"14240";"Matrícula - Ausência de Pré-Requisito";"12795.0";"";"";"3"
"A";"";"14241";"Restituição ao Erário";"10288.0";"";"";"4"
"A";"";"14654";"Condições Degradantes";"13754.0";"";"";"6"
"A";"";"14655";"Jornada Exaustiva";"13754.0";"";"";"6"
"A";"";"14656";"Restrição de Locomoção";"13754.0";"";"";"6"
"A";"";"14657";"Trabalho Forçado";"13754.0";"";"";"6"
"A";"";"14658";"Decorrente de Tráfico de Pessoa";"13754.0";"";"";"6"
"A";"";"14659";"Tráfico Interno de Pessoa";"3400.0";"14660,14661,14662,14663,14664";"14660,14661,14662,14663,14664";"3"
"A";"";"14660";"Remoção de Órgão";"14659.0";"";"";"4"
"A";"";"14661";"Submissão à Condição Análoga à de Escravo";"14659.0";"";"";"4"
"A";"";"14662";"Servidão";"14659.0";"";"";"4"
"A";"";"14663";"Adoção Ilegal";"14659.0";"";"";"4"
"A";"";"14664";"Exploração Sexual";"14659.0";"";"";"4"
"A";"";"14665";"Tráfico Internacional de Pessoa ";"3400.0";"14666,14667,14668,14669,14670";"14666,14667,14668,14669,14670";"3"
"A";"";"14666";"Exploração Sexual";"14665.0";"";"";"4"
"A";"";"14667";"Adoção Ilegal";"14665.0";"";"";"4"
"A";"";"14668";"Servidão";"14665.0";"";"";"4"
"A";"";"14669";"Submissão à Condição Análoga à de Escravo";"14665.0";"";"";"4"
"A";"";"14670";"Remoção de Órgão";"14665.0";"";"";"4"
"A";"";"14672";"Apadrinhamento Afetivo";"12341.0";"";"";"4"
"A";"";"14673";"Apadrinhamento Material";"12341.0";"";"";"4"
"A";"";"14674";"Apadrinhamento Prestador de Serviço";"12341.0";"";"";"4"
"A";"";"14675";"Apadrinhamento Cultural";"12341.0";"";"";"4"
"A";"";"14684";"Perseguição";"3400.0";"";"";"3"
"A";"";"14685";"Associação Criminosa";"3520.0";"";"";"3"
"A";"";"14686";"Perseguição (art. 147-A)";"9659.0";"";"";"4"
"A";"";"14687";"Associação Criminosa (Art. 288)";"9803.0";"";"";"4"
"A";"2021-05-28 13:17:00";"14688";"Constituição de Milícia Privada (Art. 288-A)";"9803.0";"";"";"4"
"A";"";"14689";"Constituição de Milícia Privada";"3520.0";"";"";"3"
"A";"";"14690";"Condicionamento de Atendimento Médico Hospitalar Emergencial";"3388.0";"";"";"3"
"A";"";"14691";"Condicionamento de Atendimento Médico Hospitalar Emergencial (Art. 135-A)";"9648.0";"";"";"4"
"A";"2025-09-02 18:43:06";"14692";"Estelionato contra Idoso ou Vulnerável";"3415.0";"";"";"3"
"A";"2025-09-02 18:44:33";"14693";"Estelionato contra Idoso ou Vulnerável (Art. 171, § 4º)";"9674.0";"";"";"4"
"A";"";"14694";"DPVAT";"10431.0";"";"";"3"
"A";"";"14698";"Dano Qualificado contra a Administração Pública";"3415.0";"";"";"3"
"A";"2021-05-28 15:23:10";"14700";"Dano Qualificado contra a Administração Pública (Art. 163, parágrafo único, III)";"9674.0";"";"";"4"
"A";"";"14703";"Registro Não Autorizado da Intimidade Sexual";"3463.0";"";"";"3"
"A";"";"14704";"Promoção de Migração Ilegal";"3463.0";"";"";"3"
"A";"";"14705";"Ato Obsceno";"3463.0";"";"";"3"
"A";"";"14706";"Escrito ou Objeto Obsceno";"3463.0";"";"";"3"
"A";"";"14707";"Valores Antecipados na Tutela Posteriormente Revogada/Cassada";"10288.0";"";"";"4"
"A";"";"14708";"Ajuda de Custo";"10298.0";"";"";"5"
"A";"";"14709";"Auxílio-Moradia";"10298.0";"";"";"5"
"A";"";"14710";"Diárias";"10298.0";"";"";"5"
"A";"";"14711";"Indenização de Transporte";"10298.0";"";"";"5"
"A";"";"14712";"Conversão em Pecúnia";"10301.0";"";"";"5"
"A";"";"14713";"Gratificação de Estímulo à Docência no Magistério Superior - GED";"10290.0";"";"";"5"
"A";"";"14714";"Gratificação de Estímulo à Fiscalização e à Arrecadação dos Tributos Federais - GEFA";"10290.0";"";"";"5"
"A";"";"14715";"Gratificação de Incremento da Fiscalização e da Arrecadação - GIFA";"10290.0";"";"";"5"
"A";"2021-07-29 17:13:38";"14716";"Gratificação de Biênio (Adicional Bienal)";"10290.0";"";"";"5"
"A";"";"14717";"Direito à Incorporação";"10295.0";"";"";"5"
"A";"";"14718";"Portaria 474/87";"10295.0";"";"";"5"
"A";"";"14719";"Reajuste";"10295.0";"";"";"5"
"A";"";"14720";"Função Comissionada Integral - 100%";"10718.0";"";"";"5"
"A";"";"14721";"Gratificação de Atividade Executiva - GAE";"10718.0";"";"";"5"
"A";"";"14722";"Gratificação pelo Desempenho de Atividades de Apoio - GATA";"10718.0";"";"";"5"
"A";"";"14723";"Gratificação pelo Desempenho de Atividades Rodoviárias - GDAR";"10718.0";"";"";"5"
"A";"";"14724";"Gratificação de Desempenho de Atividade Técnico-Administrativo Educacional - GDAE";"10718.0";"";"";"5"
"A";"";"14725";"Gratificação de Desempenho de Atividade do Seguro Social - GDASS";"10718.0";"";"";"5"
"A";"";"14726";"Gratificação de Desempenho e Eficiência - GDE";"10718.0";"";"";"5"
"A";"";"14727";"Gratificação Específica de Publicação e Divulgação da  Imprensa Nacional %u2013 GEPDIN";"10718.0";"";"";"5"
"A";"";"14728";"Gratificação de Desempenho do Plano Geral de Cargos do Poder Executivo - GDPGPE";"10718.0";"";"";"5"
"A";"";"14729";"Gratificação de Desempenho de Atividade Técnico-Administrativa e de Suporte - GDPGTAS";"10718.0";"";"";"5"
"A";"";"14731";"Fraudes em Certames de Interesse Público";"3523.0";"";"";"3"
"A";"";"14735";"Minha Casa, Minha Vida";"4839.0";"";"";"5"
"A";"";"14740";"Protesto de CDA";"4949.0";"";"";"4"
"A";"";"14741";"Índice de 14,23%";"10307.0";"";"";"5"
"A";"";"14742";"Índice de 13,23%";"10307.0";"";"";"5"
"A";"";"14744";"Paridade Salarial";"10221.0";"";"";"5"
"A";"";"14745";"Gratificação Especial de Localidade - GEL";"10718.0";"";"";"5"
"A";"";"14746";"Gratificação de Atividade de Risco";"10718.0";"";"";"5"
"A";"";"14747";"Gratificação por Operações Especiais - GOE";"10718.0";"";"";"5"
"A";"";"14748";"Gratificação Específica de Atividade Docente do Ensino Fundamental, Médio e Tecnológico - GEAD";"10718.0";"";"";"5"
"A";"";"14749";"Gratificação de Desempenho da Carreira da Previdência, da Saúde e do Trabalho - GDPST";"10718.0";"";"";"5"
"A";"";"14750";"Frentista";"6100.0";"";"";"4"
"A";"";"14751";"Agente Cancerígeno";"6100.0";"";"";"4"
"A";"";"14752";"Agente Agressivo - Biológico";"6100.0";"";"";"4"
"A";"";"14753";"Agente Agressivo - Químico";"6100.0";"";"";"4"
"A";"";"14754";"Agente Agressivo - Poeira";"6100.0";"";"";"4"
"A";"";"14755";"Agente Agressivo - Ruído";"6100.0";"";"";"4"
"A";"";"14756";"Agente Agressivo - Eletricidade";"6100.0";"";"";"4"
"A";"";"14757";"Crédito Direto ao Consumidor - CDC";"7752.0";"";"";"4"
"A";"";"14758";"Crédito Rotativo";"7752.0";"";"";"4"
"A";"";"14759";"Tratamento Domiciliar (Home Care)";"12481.0";"";"";"3"
"A";"2021-07-30 17:33:07";"14760";"Tratamento Domiciliar (Home Care)";"12482.0";"";"";"3"
"A";"";"14761";"Garimpeiro";"6100.0";"";"";"4"
"A";"";"14762";"Cômputo de Período Rural Remoto";"12399.0";"";"";"5"
"A";"";"14763";"Vigilante";"6100.0";"";"";"4"
"A";"";"14764";"Talidomida";"6100.0";"";"";"4"
"A";"";"14765";"Hanseníase";"6100.0";"";"";"4"
"A";"";"14766";"Seringueiro";"6100.0";"";"";"4"
"A";"";"14767";"Professor";"6100.0";"";"";"4"
"A";"";"14768";"Pessoa com Deficiência";"6100.0";"14769,14770";"14769,14770";"4"
"A";"";"14769";"Por Idade";"14768.0";"";"";"5"
"A";"";"14770";"Por Tempo de Contribuição";"14768.0";"";"";"5"
"A";"";"14771";"Adicional de 25%";"6095.0";"";"";"4"
"A";"";"14772";"Urbana (art. 42/44)";"6095.0";"";"";"4"
"A";"";"14773";"Rural (art. 42/44)";"6095.0";"";"";"4"
"A";"";"14779";"Caça Ilegal e Condutas Equiparadas";"3619.0";"";"";"5"
"A";"";"14780";"Comércio, Posse ou Tráfico Proveniente de Caça Ilegal";"3619.0";"";"";"5"
"A";"";"14781";"Importação Ilegal de Espécies Proibidas ou Controladas";"3619.0";"";"";"5"
"A";"";"14782";"Maus Tratos";"3619.0";"";"";"5"
"A";"";"14783";"Fauna Aquática Afetada por Traslado ou Descarte de Resíduos/Efluentes, ou Poluição ou Degradação da Água";"3619.0";"";"";"5"
"A";"";"14784";"Pesca Ilegal";"3619.0";"";"";"5"
"A";"";"14785";"Comércio, Posse ou Tráfico Proveniente de Pesca Ilegal";"3619.0";"";"";"5"
"A";"";"14786";"Destruição ou Degradação";"3620.0";"";"";"5"
"A";"";"14787";"Destruição ou Degradação por Incêndio ou Perigo de Incêndio";"3620.0";"";"";"5"
"A";"";"14788";"Destruição ou Degradação Mediante Desmatamento ou Exploração Econômica";"3620.0";"";"";"5"
"A";"";"14789";"Extração ou Exploração Ilegal de Madeira e Condutas Equiparadas";"3620.0";"";"";"5"
"A";"";"14790";"Comércio ou Posse Proveniente de Extração Ilegal de Madeira ";"3620.0";"";"";"5"
"A";"";"14791";"Mineração Ilegal em Floresta";"3620.0";"";"";"5"
"A";"";"14792";"Dano à Propriedade";"3620.0";"";"";"5"
"A";"";"14793";"Outros Atos Contra o Meio Ambiente";"3620.0";"";"";"5"
"A";"";"14794";"Traslado ou Descarte de Resíduos/Efluentes";"3621.0";"";"";"5"
"A";"";"14795";"Mineração Ilegal";"3621.0";"";"";"5"
"A";"2021-09-29 10:53:08";"14796";"Posse ou Uso, ou Tráfico de Substância Tóxica ou Perigosa";"3621.0";"";"";"5"
"A";"";"14797";"Traslado ou Descarte de Resíduos de Substância Tóxica ou Perigosa";"3621.0";"";"";"5"
"A";"";"14798";"Estabelecimentos, Obras ou Serviços Potencialmente Poluidores";"3621.0";"";"";"5"
"A";"";"14799";"Outros Atos Contra o Meio Ambiente";"3621.0";"";"";"5"
"A";"";"14800";"Ato ou Omissão Praticado por Funcionário Público em Abuso de Função";"10986.0";"";"";"5"
"A";"";"14801";"Atos Contrários à Fiscalização e ao Sistema de Aplicação da Lei";"10986.0";"";"";"5"
"A";"";"14802";"Falsidade";"10986.0";"";"";"5"
"A";"";"14803";"Tráfico de Material Nuclear";"3623.0";"";"";"5"
"A";"";"14804";"Outros Atos que Potencialmente Causam Poluição ou Degradação por Radiação";"3623.0";"";"";"5"
"A";"";"14805";"Atos Contra a Segurança por Violação de Sigilo";"3623.0";"";"";"5"
"A";"";"14806";"Adicional de 25%";"6101.0";"";"";"4"
"A";"";"14808";"Rural (art. 59/63)";"6101.0";"";"";"4"
"A";"";"14809";"Urbano (art. 60)";"6101.0";"";"";"4"
"A";"";"14810";"Acidente de Trabalho";"6104.0";"";"";"4"
"A";"2021-09-29 13:06:02";"14811";"Rural (Pensão por Morte (Art. 74/9))";"6104.0";"14812,14813,14814,14815,14816,14817,14824";"14812,14813,14814,14815,14816,14817,14824";"4"
"A";"";"14812";"Estudante Universitário";"14811.0";"";"";"5"
"A";"";"14813";"Menor sob Guarda";"14811.0";"";"";"5"
"A";"";"14814";"Óbito de Pai/Mãe";"14811.0";"";"";"5"
"A";"2021-09-29 13:19:40";"14815";"Óbito de Cônjuge";"14811.0";"";"";"5"
"A";"";"14816";"Óbito de Filho/Filha";"14811.0";"";"";"5"
"A";"";"14817";"Filho Maior e Inválido";"14811.0";"";"";"5"
"A";"";"14818";"Urbana (Pensão por Morte (Art. 74/9))";"6104.0";"14819,14820,14821,14822,14823,14825,14826";"14819,14820,14821,14822,14823,14825,14826";"4"
"A";"";"14819";"Estudante Universitário";"14818.0";"";"";"5"
"A";"";"14820";"Menor sob Guarda";"14818.0";"";"";"5"
"A";"";"14821";"Óbito de Pai/Mãe";"14818.0";"";"";"5"
"A";"";"14822";"Óbito de Cônjuge";"14818.0";"";"";"5"
"A";"";"14823";"Óbito de Companheiro/Companheira";"14818.0";"";"";"5"
"A";"";"14824";"Óbito de Companheiro/Companheira";"14811.0";"";"";"5"
"A";"";"14825";"Óbito de Filho/Filha";"14818.0";"";"";"5"
"A";"";"14826";"Filho Maior e Inválido";"14818.0";"";"";"5"
"A";"";"14827";"Rural";"6103.0";"";"";"4"
"A";"";"14828";"Urbano";"6103.0";"14829,14830,14831";"14829,14830,14831";"4"
"A";"";"14829";"Trabalhadora Avulsa";"14828.0";"";"";"5"
"A";"";"14830";"Empregada Doméstica";"14828.0";"";"";"5"
"A";"";"14831";"Contribuinte Individual ou Segurada Desempregada";"14828.0";"";"";"5"
"A";"";"14832";"Descontos Indevidos";"6173.0";"";"";"3"
"A";"";"14833";"Restituição ao Erário";"6173.0";"14834,14835";"14834,14835";"3"
"A";"";"14834";"Valores Antecipados na Tutela Posteriormente Revogada";"14833.0";"";"";"4"
"A";"";"14835";"Ação Regressiva";"14833.0";"";"";"4"
"A";"";"14837";"Cálculo do Benefício com Base na Regra Definitiva Prevista no Art. 29 da Lei 8.213/1991, Quando Mais Favorável que a Regra de Transição Contida no Art. 3º da Lei 9.876/1999";"6120.0";"";"";"4"
"A";"";"14838";"Averbação/Cômputo de Tempo de Serviço com Base em Sentença Trabalhista Homologatória de Acordo";"6181.0";"";"";"3"
"A";"";"14839";"Averbação/Cômputo de Auxílio Doença Não Acidentário como Tempo de Serviço";"6181.0";"";"";"3"
"A";"";"14840";"Defensoria Pública";"10655.0";"";"";"5"
"A";"";"14841";"Defensores Dativos ou Ad Hoc";"10655.0";"";"";"5"
"A";"";"14842";"Execução por RPV - Fracionamento";"10655.0";"";"";"5"
"A";"";"14843";"Incidência após Transação";"10655.0";"";"";"5"
"A";"";"14844";"Redução dos Honorários Contratuais";"10655.0";"";"";"5"
"A";"";"14845";"Incidência na Execução Não Embargada";"10656.0";"";"";"5"
"A";"";"14846";"Devolução";"8928.0";"";"";"4"
"A";"";"14847";"Ausência de Prévio Requerimento Administrativo";"8942.0";"";"";"4"
"A";"";"14849";"Homologação";"8938.0";"14850,14851";"14850,14851";"3"
"A";"";"14850";"Desistência do Recurso";"14849.0";"";"";"4"
"A";"";"14851";"Transação";"14849.0";"";"";"4"
"A";"";"14852";"Pagamento do Débito";"9414.0";"";"";"4"
"A";"";"14853";"Prescrição Intercorrente";"9414.0";"";"";"4"
"A";"";"14854";"Valor Irrisório";"9414.0";"";"";"4"
"A";"";"14855";"Parte Incontroversa";"10673.0";"";"";"4"
"A";"";"14856";"Habilitação de Herdeiros";"9484.0";"";"";"4"
"A";"";"14857";"Suspensão da Execução";"9148.0";"14858,14859";"14858,14859";"3"
"A";"";"14858";"Ausência de Bens Penhoráveis";"14857.0";"";"";"4"
"A";"";"14859";"Parcelamento";"14857.0";"";"";"4"
"A";"";"14860";"Incidência do Manual de Cálculos da Justiça Federal";"10685.0";"";"";"5"
"A";"";"14861";"Inclusão de Expurgos Inflacionários";"10685.0";"";"";"5"
"A";"";"14862";"Testemunha";"10940.0";"";"";"5"
"A";"";"14863";"Perito";"10940.0";"";"";"5"
"A";"";"14864";"Perícia Judicial";"8990.0";"14865,14866,14867";"14865,14866,14867";"4"
"A";"";"14865";"Indeferida";"14864.0";"";"";"5"
"A";"";"14866";"Não Realizada";"14864.0";"";"";"5"
"A";"";"14867";"Designada em Outra Localidade";"14864.0";"";"";"5"
"A";"";"14868";"Contagem de Prazo";"12420.0";"";"";"5"
"A";"";"14869";"Interposição Recursal em Juízo Incompetente";"12420.0";"";"";"5"
"A";"";"14870";"Custas Estaduais";"9050.0";"";"";"4"
"A";"";"14871";"Custas do Recurso";"9050.0";"";"";"4"
"A";"";"14872";"Ausência de Recolhimento";"9050.0";"";"";"4"
"A";"";"14873";"Complemento";"9050.0";"";"";"4"
"A";"";"14874";"Razões Dissociadas";"10666.0";"";"";"4"
"A";"";"14875";"Ação Controlada";"10604.0";"";"";"3"
"A";"";"14876";"Captação Ambiental de Sinais Eletromagnéticos, Ópticos e Acústicos";"10604.0";"";"";"3"
"A";"";"14877";"Colaboração Premiada";"10604.0";"";"";"3"
"A";"";"14878";"Cooperação entre Instituições e Órgãos Públicos na Busca de Provas/Informações";"10604.0";"";"";"3"
"A";"";"14879";"Infiltração de Agentes";"10604.0";"";"";"3"
"A";"";"14880";"Questões Incidentes";"1209.0";"14881,14882,14957,14958,14959,14960";"14881,14882,14957,14958,14959,14960";"2"
"A";"2021-09-30 17:24:00";"14881";"Destinação de Bens e Mercadorias/Coisas Apreendidas";"14880.0";"14957,14958,14959,14960";"14957,14958,14959,14960";"3"
"A";"";"14882";"Destinação de Recursos Decorrentes da Pena de Prestação Pecuniária";"14880.0";"";"";"3"
"A";"";"14884";"Fundo de Saúde do Exército - FUSEX";"6082.0";"";"";"5"
"A";"";"14885";"Fundo de Saúde da Aeronáutica - FUNSA";"6082.0";"";"";"5"
"A";"";"14886";"Fundo de Saúde da Marinha - FUSMA";"6082.0";"";"";"5"
"A";"2021-09-29 17:20:11";"14887";"Adicional de Plantão Hospitalar";"6048.0";"";"";"4"
"A";"";"14888";"Indenização a Anistiados Políticos, Civis ou Militares";"6048.0";"";"";"4"
"A";"";"14889";"Sobre a Receita Bruta (Substitutiva)";"6048.0";"";"";"4"
"A";"";"14890";"Cooperativa";"6035.0";"";"";"5"
"A";"";"14891";"Concessionárias de Veículos";"6035.0";"";"";"5"
"A";"2021-09-29 17:33:55";"14892";"Equiparação com Instituições Financeiras";"6035.0";"";"";"5"
"A";"2021-09-29 17:56:06";"14893";"Locação de Bem Móvel e Imóvel";"6035.0";"";"";"5"
"A";"";"14894";"Regime Monofásico";"6035.0";"";"";"5"
"A";"";"14895";"Cooperativa";"6039.0";"";"";"5"
"A";"";"14896";"Concessionárias de Veículos";"6039.0";"";"";"5"
"A";"";"14897";"Locação de Bem Móvel e Imóvel";"6039.0";"";"";"5"
"A";"";"14898";"Regime Monofásico";"6039.0";"";"";"5"
"A";"";"14899";"Cofins";"6013.0";"";"";"5"
"A";"";"14900";"PIS";"6013.0";"";"";"5"
"A";"";"14909";"Prisão Ilegal";"9992.0";"";"";"4"
"A";"";"14910";"Acidente Ferroviário";"14148.0";"";"";"5"
"A";"";"14911";"Acidente Ferroviário";"14162.0";"";"";"5"
"A";"";"14912";"Cessão de Créditos";"10672.0";"";"";"4"
"A";"";"14913";"Cadastro de Indadimplentes - CADIN";"10394.0";"";"";"3"
"A";"";"14914";"Contrato Administrativo";"10395.0";"";"";"4"
"A";"";"14915";"Despejo por Inadimplemento";"9593.0";"";"";"5"
"A";"";"14916";"Fornecimento";"9580.0";"";"";"4"
"A";"";"14917";"Cessão de Direitos";"9580.0";"";"";"4"
"A";"";"14918";"Confissão/Composição de Dívida";"9580.0";"";"";"4"
"A";"";"14919";"Atraso na Entrega do Imóvel";"10439.0";"";"";"4"
"A";"";"14920";"Atraso na Entrega do Imóvel";"10433.0";"";"";"4"
"A";"";"14921";"Direito Autoral";"10439.0";"";"";"4"
"A";"";"14922";"Direito Autoral";"10433.0";"";"";"4"
"A";"";"14923";"Partilha";"7664.0";"";"";"5"
"A";"";"14924";"Partilha";"7656.0";"";"";"4"
"A";"";"14925";"Repetição do Indébito";"6220.0";"";"";"3"
"A";"";"14926";"Revisão de Juros Remuneratórios, Capitalização/Anatocismo";"7752.0";"";"";"4"
"A";"";"14927";"Retificação";"7895.0";"";"";"3"
"A";"";"14929";"Comutação de Pena";"7791.0";"";"";"4"
"A";"";"14930";"Falta Grave";"7791.0";"";"";"4"
"A";"";"14931";"Contagem de Prazo para os Benefícios";"7791.0";"";"";"4"
"A";"";"14932";"Monitoração Eletrônica";"7791.0";"";"";"4"
"A";"";"14933";"Saídas Temporárias";"7791.0";"";"";"4"
"A";"";"14934";"Unificação de Pena";"7791.0";"";"";"4"
"A";"";"14935";"Monitoração Eletrônica - Medida Cautelar";"1209.0";"";"";"2"
"A";"";"14936";"Inelegibilidade - Perda de Mandato";"11595.0";"";"";"5"
"A";"";"14938";"Inelegibilidade - Suspensão dos Direitos Políticos por Ato Doloso de Improbidade Administrativa";"11595.0";"";"";"5"
"A";"";"14939";"Inelegibilidade - Responsável por Doação Tida com Ilegal";"11595.0";"";"";"5"
"A";"";"14940";"Intempestividade";"11615.0";"";"";"5"
"A";"";"14941";"Percentual de Gênero";"11615.0";"";"";"5"
"A";"";"14942";"Violência Psicológica contra a Mulher";"3400.0";"";"";"3"
"A";"";"14943";"Lesão Cometida em Razão da Condição de Mulher";"3385.0";"";"";"3"
"A";"";"14944";"Análogo à Violência Psicológica contra a Mulher";"9659.0";"";"";"4"
"A";"";"14945";"Análogo à Lesão Corporal em Razão da Condição de Mulher";"9641.0";"";"";"4"
"A";"";"14946";"PIS - Cofins";"6013.0";"";"";"5"
"A";"";"14947";"Cofins";"10959.0";"";"";"5"
"A";"";"14948";"PIS";"10959.0";"";"";"5"
"A";"";"14949";"PIS - Cofins";"10959.0";"";"";"5"
"A";"";"14950";"Pagamento";"5990.0";"";"";"4"
"A";"";"14951";"Honorários Advocatícios";"6017.0";"14952,14953";"14952,14953";"3"
"A";"";"14952";"Encargo de 20%";"14951.0";"";"";"4"
"A";"2021-09-30 17:10:14";"14953";"Adesão a Programa de Parcelamento de Débito";"14951.0";"";"";"4"
"A";"";"14954";"Inspeção em Estabelecimento Penal";"10015.0";"";"";"4"
"A";"";"14955";"Inspeção na Área de Execução Penal e Corregedoria dos Presídios";"10015.0";"";"";"4"
"A";"";"14956";"Interdição de Estabelecimento Penal";"10015.0";"";"";"4"
"A";"";"14957";"Restituição de Coisas Apreendidas";"14881.0";"";"";"4"
"A";"";"14958";"Destruição ou Destinação das Coisas Apreendidas";"14881.0";"";"";"4"
"A";"";"14959";"Avaliação e Venda em Leilão Público";"14881.0";"";"";"4"
"A";"";"14960";"Encaminhamento ao Comando do Exército";"14881.0";"";"";"4"
"A";"";"14962";"Isenção sobre Bens Contidos em Remessas Postais Internacionais ";"5941.0";"";"";"4"
"A";"2021-11-30 17:16:33";"14963";"Sobre Aquisição de Bens/Veículos ";"5945.0";"14964,14965,14966";"14964,14965,14966";"4"
"A";"";"14964";"Veículos";"14963.0";"14965,14966";"14965,14966";"5"
"A";"";"14965";"Motorista de Táxi";"14964.0";"";"";"6"
"A";"";"14966";"Pessoa Portadora de Deficiência";"14964.0";"";"";"6"
"A";"";"14967";"Sobre Importação de Bens/Veículos";"5945.0";"14986,14987";"14986,14987";"4"
"A";"";"14986";"Admissão Temporária";"14967.0";"";"";"5"
"A";"";"14987";"Veículos - Uso Próprio";"14967.0";"";"";"5"
"A";"";"14988";"Incidência sobre Ajuda de Custo";"5917.0";"14989";"14989";"4"
"A";"";"14989";"Atividade Parlamentar";"14988.0";"";"";"5"
"A";"2021-12-03 15:58:58";"14992";"Incidência sobre Benefícios Pagos Acumuladamente";"5917.0";"";"";"4"
"A";"";"14993";"Incidência sobre Serviços Técnicos Prestados a Organismos Internacionais (PNUD/UNESCO/ONU)";"5917.0";"";"";"4"
"A";"";"14994";"Incidência sobre Indenização a Anistiados Políticos, Civis ou Militares";"5917.0";"";"";"4"
"A";"";"14995";"Incidência sobre Indenização por Rescisão de Contrato de Trabalho";"5917.0";"";"";"4"
"A";"";"14996";"Redução de Alíquota IR/CSLL - Serviços Hospitalares";"5933.0";"";"";"4"
"A";"";"15001";"Áreas de Livre Comércio - ZFM e/ou Outras";"5915.0";"15002,15003,15004";"15002,15003,15004";"4"
"A";"";"15002";"Operações Comerciais";"15001.0";"";"";"5"
"A";"";"15003";"Saída Temporária - Mercadorias";"15001.0";"";"";"5"
"A";"";"15004";"Saída Temporária - Veículos";"15001.0";"";"";"5"
"A";"";"15005";"Multa por Descumprimento de Obrigação Acessória";"5985.0";"15006,15007";"15006,15007";"4"
"A";"";"15006";"Infração à Legislação Previdenciária";"15005.0";"";"";"5"
"A";"";"15007";"Infração à Legislação Trabalhista";"15005.0";"";"";"5"
"A";"";"15008";"Mudanças Climáticas";"10110.0";"";"";"2"
"A";"";"15012";"Indivisibilidade da Chapa";"11615.0";"";"";"5"
"A";"";"15014";"Ausência ou Irregularidade no CNPJ";"11747.0";"";"";"3"
"A";"";"15016";"Propaganda Política - Propaganda Eleitoral - Carreata/Caminhada/Passeata";"11652.0";"";"";"4"
"A";"";"15017";"Alteração da Estrutura Orgânica de Tribunal";"11572.0";"";"";"4"
"A";"";"15018";"Candidatura Avulsa";"11615.0";"";"";"5"
"A";"";"15019";"Autuação e Processamento";"11557.0";"";"";"3"
"A";"";"15020";"Denunciação Caluniosa para Fins Eleitorais";"11467.0";"";"";"4"
"A";"";"15031";"Jornada Especial";"10287.0";"";"";"4"
"A";"";"15033";"Objetos de Cartas Precatórias Criminais";"1209.0";"15034,15035,15036,15037,15038,15039,15040,15041,15042,15043,15044";"15034,15035,15036,15037,15038,15039,15040,15041,15042,15043,15044";"2"
"A";"";"15034";"Citação";"15033.0";"";"";"3"
"A";"";"15035";"Intimação";"15033.0";"";"";"3"
"A";"";"15036";"Diligências";"15033.0";"";"";"3"
"A";"";"15037";"Alvará de Soltura";"15033.0";"";"";"3"
"A";"";"15038";"Prisão Preventiva";"15033.0";"";"";"3"
"A";"";"15039";"Prisão Temporária";"15033.0";"";"";"3"
"A";"";"15040";"Busca e Apreensão";"15033.0";"";"";"3"
"A";"";"15041";"Oitiva";"15033.0";"";"";"3"
"A";"";"15042";"Interrogatório";"15033.0";"";"";"3"
"A";"";"15043";"Prisão Domiciliar";"15033.0";"";"";"3"
"A";"";"15044";"Comunicação de Prisão - BNMP";"15033.0";"";"";"3"
"A";"";"15046";"Investigação de Paternidade Pós Morte";"5626.0";"";"";"3"
"A";"";"15047";"Reconhecimento/Dissolução Sócio Afetivo Pós Morte";"5626.0";"";"";"3"
"A";"";"15048";"Superendividamento";"1156.0";"";"";"2"
"A";"";"15051";"Reintegra";"6089.0";"";"";"3"
"A";"";"15052";"Taxa de Fiscalização de Instalação";"5957.0";"";"";"4"
"A";"";"15053";"Taxa de Fiscalização de Funcionamento";"5957.0";"";"";"4"
"A";"";"15054";"Taxa de Fiscalização de Vigilância Sanitária";"5957.0";"";"";"4"
"A";"";"15055";"Taxa de Serviço Administrativo - TSA";"5957.0";"";"";"4"
"A";"";"15056";"Acordo de Não Persecução Penal";"1209.0";"";"";"2"
"A";"";"15066";"Aplicação INPC/IPCA - Atualização FGTS";"9985.0";"";"";"2"
"A";"";"15068";"Retificação de Outros Dados";"7725.0";"";"";"3"
"A";"";"15069";"Requisição de Registro de Nascimento";"7725.0";"";"";"3"
"A";"";"15070";"Duplicidade de Assentos de Nascimento";"7725.0";"";"";"3"
"A";"";"15071";"Restauração de Registro de Nascimento";"7725.0";"";"";"3"
"A";"";"15072";"Violência Institucional";"3603.0";"";"";"3"
"A";"";"15073";"Violência Institucional";"9847.0";"";"";"4"
"A";"";"15074";"Restauração de Registro Público";"7724.0";"";"";"2"
"A";"";"15075";"Anulação do Registro de Casamento";"7725.0";"";"";"3"
"A";"";"15076";"Cancelamento de Cláusulas de Inalienabilidade";"7895.0";"";"";"3"
"A";"";"15077";"Cancelamento de Bem de Família";"7895.0";"";"";"3"
"A";"";"15087";"Inventário Negativo";"7673.0";"";"";"3"
"A";"";"15088";"Indignidade";"7673.0";"";"";"3"
"A";"";"15089";"Partido Político - Órgão de Direção Zonal";"11764.0";"";"";"4"
"A";"";"15091";"Mesário Não Convocado Pessoalmente";"11583.0";"";"";"3"
"A";"2026-01-29 16:41:56";"15104";"Sistema Interamericano de Direitos Humanos";"6191.0";"15105,15106,15594,15107,15108,15109,15110,15111,15112,15113,15114,15115,15116,15117,15118,15119,15120,15121,15616,15617,15618,15619,15122,15123,15124,15125,15592,15593,15595,15596,15597,15598,15599,15600,15601,15602,15603,15604,15605,15606,15607,15608,15609,15610,15611,15612,15613,15614,15615";"15105,15106,15594,15107,15108,15109,15110,15111,15112,15113,15114,15115,15116,15117,15118,15119,15120,15121,15616,15617,15618,15619,15122,15123,15124,15125,15592,15593,15595,15596,15597,15598,15599,15600,15601,15602,15603,15604,15605,15606,15607,15608,15609,15610,15611,15612,15613,15614,15615";"2"
"A";"";"15105";"Sentenças da Corte Interamericana de Direitos Humanos";"15104.0";"15107,15108,15109,15110,15111,15112,15113,15114,15115,15116,15117,15118,15119,15120,15121,15616,15617,15618,15619";"15107,15108,15109,15110,15111,15112,15113,15114,15115,15116,15117,15118,15119,15120,15121,15616,15617,15618,15619";"3"
"A";"";"15106";"Medidas Provisórias da Corte Interamericana de Direitos Humanos";"15104.0";"15122,15123,15124,15125,15592,15593";"15122,15123,15124,15125,15592,15593";"3"
"A";"";"15107";"Caso Ximenes Lopes vs. Brasil";"15105.0";"";"";"4"
"A";"";"15108";"Caso Nogueira de Carvalho e Outro vs. Brasil";"15105.0";"";"";"4"
"A";"";"15109";"Caso Escher e Outros vs. Brasil";"15105.0";"";"";"4"
"A";"";"15110";"Caso Garibaldi vs. Brasil";"15105.0";"";"";"4"
"A";"";"15111";"Caso Gomes Lund e Outros (""Guerrilha do Araguaia) vs. Brasil";"15105.0";"";"";"4"
"A";"";"15112";"Caso Trabalhadores da Fazenda Brasil Verde vs. Brasil";"15105.0";"";"";"4"
"A";"";"15113";"Caso Favela Nova Brasília vs. Brasil";"15105.0";"";"";"4"
"A";"";"15114";"Caso Povo Indígena Xucuru e seus Membros vs. Brasil";"15105.0";"";"";"4"
"A";"";"15115";"Caso Herzog e Outros vs. Brasil";"15105.0";"";"";"4"
"A";"";"15116";"Caso dos(as) Empregados(as) da Fábrica de Fogos de Santo Antônio de Jesus e seus Familiares vs. Brasil";"15105.0";"";"";"4"
"A";"";"15117";"Caso Márcia Barbosa de Souza e Outros vs. Brasil";"15105.0";"";"";"4"
"A";"";"15118";"Caso Neusa dos Santos Nascimento e Outra vs. Brasil";"15105.0";"";"";"4"
"A";"";"15119";"Caso Airton Honorato vs. Brasil";"15105.0";"";"";"4"
"A";"";"15120";"Caso Tavares Pereira e Outros vs. Brasil";"15105.0";"";"";"4"
"A";"";"15121";"Caso Sales Pimenta vs. Brasil";"15105.0";"";"";"4"
"A";"";"15122";"Caso do Complexo Penitenciário de Pedrinhas, Maranhão";"15106.0";"";"";"4"
"A";"";"15123";"Caso do Complexo Penitenciário do Curado, Pernambuco";"15106.0";"";"";"4"
"A";"";"15124";"Caso do Instituto Penal Plácido de Sá Carvalho, Rio de Janeiro";"15106.0";"";"";"4"
"A";"";"15125";"Caso da Unidade de Internação Socioeducativa, Espírito Santo";"15106.0";"";"";"4"
"A";"";"15126";"Religião";"12543.0";"";"";"5"
"A";"";"15127";"Crimes de Preconceito";"3603.0";"15128,15129,15130,15131,15132";"15128,15129,15130,15131,15132";"3"
"A";"2023-03-31 14:18:00";"15128";"Intolerância e/ou Injúria Racial, de Cor e/ou Etnia";"15127.0";"";"";"4"
"A";"";"15129";"Intolerância Religiosa";"15127.0";"";"";"4"
"A";"2023-03-31 14:22:00";"15130";"Intolerância e/ou Injúria por Procedência Nacional";"15127.0";"";"";"4"
"A";"2024-03-15 12:12:15";"15131";"Intolerância e/ou Injúria por Orientação Sexual";"15127.0";"";"";"4"
"A";"2024-03-15 12:13:56";"15132";"Intolerância e/ou Injúria por Identidade ou Expressão de Gênero";"15127.0";"";"";"4"
"A";"";"15133";"Religião";"12547.0";"";"";"6"
"A";"";"15134";"Análogos a Crimes de Preconceito";"9847.0";"15135,15136,15137,15138,15139";"15135,15136,15137,15138,15139";"4"
"A";"2023-03-31 14:33:07";"15135";"Intolerância e/ou Injúria Racial, de Cor e/ou Etnia";"15134.0";"";"";"5"
"A";"";"15136";"Intolerância Religiosa";"15134.0";"";"";"5"
"A";"2023-03-31 14:36:00";"15137";"Intolerância e/ou Injúria por Procedência Nacional";"15134.0";"";"";"5"
"A";"2024-03-15 12:16:54";"15138";"Intolerância e/ou Injúria por Orientação Sexual";"15134.0";"";"";"5"
"A";"2024-03-15 12:17:51";"15139";"Intolerância e/ou Injúria  por Identidade ou Expressão de Gênero";"15134.0";"";"";"5"
"A";"";"15141";"Propaganda Política Irregular";"11772.0";"";"";"5"
"A";"";"15142";"Propaganda Política Irregular - Violência contra a Mulher";"11772.0";"";"";"5"
"A";"";"15144";"Percentual de Candidaturas de Pessoas Negras";"11684.0";"";"";"4"
"A";"";"15145";"Percentual de Candidaturas Femininas";"11684.0";"";"";"4"
"A";"";"15146";"Dissidência Partidária ou Federativa";"11615.0";"";"";"5"
"A";"";"15147";"Crimes contra o Estado Democrático de Direito";"287.0";"15148,15149,15150,15151,15152,15153,15154,15155";"15148,15149,15150,15151,15152,15153,15154,15155";"2"
"A";"";"15148";"Atentado à Soberania";"15147.0";"";"";"3"
"A";"";"15149";"Atentado à Integridade Nacional";"15147.0";"";"";"3"
"A";"";"15150";"Espionagem";"15147.0";"";"";"3"
"A";"";"15151";"Abolição Violenta do Estado Democrático de Direito";"15147.0";"";"";"3"
"A";"";"15152";"Golpe de Estado";"15147.0";"";"";"3"
"A";"";"15153";"Interrupção do Processo Eleitoral";"15147.0";"";"";"3"
"A";"";"15154";"Violência Política";"15147.0";"";"";"3"
"A";"";"15155";"Sabotagem";"15147.0";"";"";"3"
"A";"";"15156";"Candidatura Coletiva";"11615.0";"";"";"5"
"A";"";"15169";"Motivação Político Partidária (Provimento CNJ 135/2022)";"287.0";"";"";"2"
"A";"";"15173";"Violência Doméstica e Familiar contra Criança e Adolescente";"5626.0";"";"";"3"
"A";"";"15174";"Violência Doméstica e Familiar contra Criança e Adolescente";"287.0";"";"";"2"
"A";"";"15175";"Violência Doméstica e Familiar contra Criança e Adolescente";"9634.0";"";"";"3"
"A";"";"15176";"Violência Doméstica e Familiar contra Criança e Adolescente";"9964.0";"";"";"3"
"A";"";"15177";"Homicídio Qualificado Contra Menor de 14 Anos (Lei Henry Borel)";"3369.0";"";"";"3"
"A";"";"15178";"Homicídio Qualificado Contra Menor de 14 Anos (Lei Henry Borel)";"9635.0";"";"";"4"
"A";"";"15179";"Crimes Previstos na Lei Henry Borel";"3603.0";"15180,15401";"15180,15401";"3"
"A";"";"15180";"Descumprimento de Medida Protetiva (Lei Henry Borel)";"15179.0";"";"";"4"
"A";"";"15181";"Previstos na Lei Henry Borel";"9847.0";"15182,15402";"15182,15402";"4"
"A";"";"15182";"Descumprimento de Medida Protetiva (Lei Henry Borel)";"15181.0";"";"";"5"
"A";"";"15184";"Direito de Acesso à Informação";"9986.0";"";"";"3"
"A";"";"15189";"Morte Presumida";"5754.0";"";"";"3"
"A";"2023-03-31 16:23:50";"15197";"Inspeção em Acolhimento Institucional";"9633.0";"";"";"2"
"A";"";"15198";"Inspeção em Família Acolhedora";"9633.0";"";"";"2"
"A";"";"15199";"Inspeção em Instituição de Execução de Medida Socioeducativa";"9633.0";"";"";"2"
"A";"";"15218";"Autorização para Interrupção de Gravidez (Aborto)";"12480.0";"";"";"2"
"A";"";"15219";"Prestação de Contas";"899.0";"";"";"2"
"A";"";"15220";"Registro Civil de Indígena (Povos Originários)";"7725.0";"";"";"3"
"A";"";"15221";"Auxílio Brasil (Lei 14.284/2021)";"12734.0";"";"";"2"
"A";"";"15222";"Revisão da Vida Toda (Tema 1102 de Repercussão Geral)";"6119.0";"";"";"3"
"A";"";"15236";"Assédio Eleitoral";"11583.0";"";"";"3"
"A";"";"15300";"Pagamento por Serviços Ambientais";"10110.0";"";"";"2"
"A";"";"15301";"Dano Moral Coletivo Decorrente de Dano Ambiental";"10110.0";"";"";"2"
"A";"";"15302";"Cadastro Ambiental Rural";"10110.0";"";"";"2"
"A";"";"15304";"Recurso de Origem Não Identificada";"11684.0";"";"";"4"
"A";"";"15305";"Fonte Vedada";"11684.0";"";"";"4"
"A";"";"15306";"Nome Social";"5754.0";"";"";"3"
"A";"";"15307";"Representação em Propaganda Partidária";"12064.0";"";"";"3"
"A";"";"15308";"Alistamento Eleitoral - Registro no BPSPD - Duplicidade/Pluralidade";"11574.0";"";"";"3"
"A";"2024-03-15 12:05:07";"15310";"Maus Tratos (art. 136)";"9648.0";"";"";"4"
"A";"";"15365";"Enchentes no Rio Grande do Sul em 2024";"12467.0";"";"";"2"
"A";"";"15367";"SPVAT";"10431.0";"";"";"3"
"A";"";"15368";"Auxílio Reconstrução (MP 1219/2024)";"12734.0";"";"";"2"
"A";"";"15369";"Atos Administrativos em Execução Penal";"9985.0";"15370,15371,15372";"15370,15371,15372";"2"
"A";"";"15370";"Prestação de Contas";"15369.0";"";"";"3"
"A";"";"15371";"Obtenção e Aplicação de Recursos de Assistência ao Preso pelo Conselho da Comunidade";"15369.0";"";"";"3"
"A";"";"15372";"Apresentação de Relatórios Mensais pelo Conselho da Comunidade";"15369.0";"";"";"3"
"A";"";"15373";"Crimes em Licitações e Contratos Administrativos";"287.0";"15374,15375,15376,15377,15378,15379,15380,15381,15382,15383,15384";"15374,15375,15376,15377,15378,15379,15380,15381,15382,15383,15384";"2"
"A";"";"15374";"Contratação Direta Ilegal";"15373.0";"";"";"3"
"A";"";"15375";"Frustração do Caráter Competitivo de Licitação";"15373.0";"";"";"3"
"A";"";"15376";"Patrocínio de Contratação Indevida";"15373.0";"";"";"3"
"A";"";"15377";"Modificação ou Pagamento Irregular em Contrato Administrativo";"15373.0";"";"";"3"
"A";"";"15378";"Perturbação de Processo Licitatório";"15373.0";"";"";"3"
"A";"";"15379";"Violação de Sigilo em Licitação";"15373.0";"";"";"3"
"A";"";"15380";"Afastamento de Licitante";"15373.0";"";"";"3"
"A";"";"15381";"Fraude em Licitação ou Contrato";"15373.0";"";"";"3"
"A";"";"15382";"Contratação Inidônea";"15373.0";"";"";"3"
"A";"";"15383";"Impedimento Indevido";"15373.0";"";"";"3"
"A";"2024-07-31 08:34:38";"15384";"Omissão Grave de Dado ou de Informação por Projetista";"15373.0";"";"";"3"
"A";"";"15385";"Em Licitações e Contratos Administrativos";"9634.0";"15386,15387,15388,15389,15390,15391,15392,15393,15394,15395,15396";"15386,15387,15388,15389,15390,15391,15392,15393,15394,15395,15396";"3"
"A";"";"15386";"Contração Direta Ilegal (art. 337-E)";"15385.0";"";"";"4"
"A";"";"15387";"Frustração do Caráter Competitivo de Licitação (art. 337-F)";"15385.0";"";"";"4"
"A";"";"15388";"Patrocínio de Contratação Indevida (art. 337-G)";"15385.0";"";"";"4"
"A";"";"15389";"Modificação ou Pagamento Irregular em Contrato Administrativo (art. 337-H)";"15385.0";"";"";"4"
"A";"";"15390";"Perturbação de Processo Licitatório (art. 337-I)";"15385.0";"";"";"4"
"A";"";"15391";"Violação de Sigilo em Licitação (art. 337-J)";"15385.0";"";"";"4"
"A";"";"15392";"Afastamento de Licitante (art. 337-K)";"15385.0";"";"";"4"
"A";"";"15393";"Fraude em Licitação ou Contrato (art. 337-L)";"15385.0";"";"";"4"
"A";"";"15394";"Contratação Inidônea (art. 337-M)";"15385.0";"";"";"4"
"A";"";"15395";"Impedimento Indevido (art. 337-N)";"15385.0";"";"";"4"
"A";"2024-07-31 09:22:32";"15396";"Omissão Grave de Dado ou de Informação por Projetista (art. 337-O)";"15385.0";"";"";"4"
"A";"";"15397";"Crimes de Abuso de Autoridade (Lei 13.869/2019)";"3603.0";"";"";"3"
"A";"";"15398";"De Abuso de Autoridade (Lei 13.689/2019)";"9847.0";"";"";"4"
"A";"";"15401";"Omissão de Comunicação de Prática Violenta (Lei Henry Borel)";"15179.0";"";"";"4"
"A";"";"15402";"Omissão de Comunicação de Prática Violenta (art. 26 da Lei Henry Borel)";"15181.0";"";"";"5"
"A";"";"15403";"Violação de Sigilo Processual (Lei nº 13.431/2017)";"3603.0";"";"";"3"
"A";"";"15404";"Violação do Sigilo Processual (art. 24 da Lei n° 13.431/2017)";"9847.0";"";"";"4"
"A";"";"15405";"Desinformação sobre a Integridade do Processo Eleitoral";"11652.0";"";"";"4"
"A";"";"15406";"Crimes Previstos na Lei Geral do Esporte";"3603.0";"";"";"3"
"A";"";"15407";"Previstos na Lei Geral do Esporte";"9847.0";"";"";"4"
"A";"2024-07-31 13:16:58";"15410";"Fraudes em Operações com Ativos Virtuais, Valores Mobiliários ou Ativos Financeiros";"3415.0";"";"";"3"
"A";"";"15411";"Fraudes em Operações com Ativos Virtuais, Valores Mobiliários ou Ativos Financeiros (art. 171-A)";"9674.0";"";"";"4"
"A";"";"15428";"Lesão Corporal Culposa";"11228.0";"";"";"4"
"A";"";"15429";"Propaganda Política - Propaganda Eleitoral - Uso de Inteligência Artificial";"11652.0";"";"";"4"
"A";"";"15434";"Ausência de Registro de Atividades ou de Fornecimento de Declaração de Nascimento";"3637.0";"";"";"4"
"A";"";"15435";"Ausência de Identificação Correta de Neonato e Parturiente e de Realização de Exames";"3637.0";"";"";"4"
"A";"";"15436";"Privação de Liberdade de Criança ou Adolescente";"3637.0";"";"";"4"
"A";"";"15437";"Ausência de Comunicação Imediata de Apreensão à Autoridade Competente e/ou à Família";"3637.0";"";"";"4"
"A";"";"15438";"Vexame ou Constrangimento de Criança ou Adolescente";"3637.0";"";"";"4"
"A";"";"15439";"Ausência de Liberação Imediata de Adolescente Ilegalmente Apreendido";"3637.0";"";"";"4"
"A";"";"15440";"Descumprimento de Prazo em Benefício de Adolescente Privado de Liberdade";"3637.0";"";"";"4"
"A";"";"15441";"Impedimento ou Embaraçamento de Ação de Autoridade Judiciária, Conselho Tutelar ou MP (ECA)";"3637.0";"";"";"4"
"A";"";"15442";"Subtração de Criança ou Adolescente com o Fim de Colocação em Lar Substituto";"3637.0";"";"";"4"
"A";"";"15443";"Promessa ou Efetiva Entrega de Filho ou Pupilo Mediante Paga ou Recompensa";"3637.0";"";"";"4"
"A";"";"15444";"Promoção ou Auxílio em Ato Destinado ao Envio de Criança ou Adolescente ao Exterior";"3637.0";"";"";"4"
"A";"";"15445";"Produção, Reprodução ou Registro de Pornografia de Criança ou Adolescente";"3637.0";"";"";"4"
"A";"";"15446";"Venda ou Exposição à Venda de Material Contendo Pornografia com Criança ou Adolescente ";"3637.0";"";"";"4"
"A";"";"15447";"Divulgação de Material Pornográfico de Criança ou Adolescente";"3637.0";"";"";"4"
"A";"";"15448";"Aquisição, Posse ou Armazenamento de Pornografia de Criança ou Adolescente";"3637.0";"";"";"4"
"A";"";"15449";"Simulação da Participação de Criança ou Adolescente em Material Pornográfico";"3637.0";"";"";"4"
"A";"";"15450";"Aliciamento, Assédio, Instigação ou Constrangimento de Criança para a Prática de Ato Libidinoso";"3637.0";"";"";"4"
"A";"";"15451";"Venda, Fornecimento ou Entrega de Arma, Munição ou Explosivo a Criança ou Adolescente";"3637.0";"";"";"4"
"A";"";"15452";"Venda ou Entrega de Bebida Alcóolica ou Outra Droga a Criança ou Adolescente";"3637.0";"";"";"4"
"A";"";"15453";"Venda, Fornecimento ou Entrega de Fogos de Artifício ou de Estampido a Criança ou Adolescente";"3637.0";"";"";"4"
"A";"";"15454";"Prostituição ou Exploração Sexual de Criança ou Adolescente";"3637.0";"";"";"4"
"A";"";"15455";"Corrupção ou Facilitação de Corrupção de Menor de Dezoito Anos";"3637.0";"";"";"4"
"A";"";"15456";"Omissão de Comunicação à Autoridade Pública de Desaparecimento de Criança ou Adolescente";"3637.0";"";"";"4"
"A";"";"15457";"Ausência de Registro de Atividades ou de Fornecimento de Declaração de Nascimento (art. 228 do ECA)";"9895.0";"";"";"5"
"A";"";"15458";"Ausência de Identificação Correta de Neonato e Parturiente e de Realização de Exames (art. 229 do ECA)";"9895.0";"";"";"5"
"A";"";"15459";"Privação de Liberdade de Criança ou Adolescente (art. 230 do ECA)";"9895.0";"";"";"5"
"A";"";"15460";"Ausência de Comunicação Imediata de Apreensão à Autoridade Competente e/ou à Família (art. 231 do ECA)";"9895.0";"";"";"5"
"A";"";"15461";"Vexame ou Constrangimento de Criança ou Adolescente (art. 232 do ECA)";"9895.0";"";"";"5"
"A";"";"15462";"Ausência de Liberação Imediata de Adolescente Ilegalmente Apreendido (art. 234 do ECA)";"9895.0";"";"";"5"
"A";"";"15463";"Descumprimento de Prazo em Benefício de Adolescente Privado de Liberdade (art. 235 do ECA)";"9895.0";"";"";"5"
"A";"";"15464";"Impedimento ou Embaraçamento de Ação de Autoridade Judiciária, Conselho Tutelar ou MP (art. 236 do ECA)";"9895.0";"";"";"5"
"A";"";"15465";"Subtração de Criança ou Adolescente com o Fim de Colocação em Lar Substituto (art. 237 do ECA)";"9895.0";"";"";"5"
"A";"";"15466";"Promessa ou Efetiva Entrega de Filho ou Pupilo Mediante Paga ou Recompensa (art. 238 do ECA)";"9895.0";"";"";"5"
"A";"";"15467";"Promoção ou Auxílio em Ato Destinado ao Envio de Criança ou Adolescente ao Exterior (art. 239 do ECA) ";"9895.0";"";"";"5"
"A";"";"15468";"Produção, Reprodução ou Registro de Pornografia de Criança ou Adolescente (art. 240 do ECA)";"9895.0";"";"";"5"
"A";"";"15469";"Venda ou Exposição à Venda de Material Contendo Pornografia com Criança ou Adolescente (art. 241 do ECA)";"9895.0";"";"";"5"
"A";"";"15470";"Divulgação de Material Pornográfico de Criança ou Adolescente (art. 241-A do ECA)";"9895.0";"";"";"5"
"A";"";"15471";"Aquisição, Posse ou Armazenamento de Pornografia de Criança ou Adolescente (art. 241-B do ECA)";"9895.0";"";"";"5"
"A";"";"15472";"Simulação da Participação de Criança ou Adolescente em Material Pornográfico (art. 241-C do ECA)";"9895.0";"";"";"5"
"A";"";"15473";"Aliciamento, Assédio, Instigação ou Constrangimento de Criança para Prática de Ato Libidinoso (art. 241-D do ECA)";"9895.0";"";"";"5"
"A";"";"15474";"Venda, Fornecimento ou Entrega de Arma, Munição ou Explosivo a Criança ou Adolescente (art. 242 do ECA)";"9895.0";"";"";"5"
"A";"";"15475";"Venda ou Entrega de Bebida Alcóolica ou Outra Droga a Criança ou Adolescente (art. 243 do ECA)";"9895.0";"";"";"5"
"A";"";"15476";"Venda, Fornecimento ou Entrega de Fogos de Artifício ou de Estampido  a Criança ou Adolescente (art. 244 do ECA)";"9895.0";"";"";"5"
"A";"";"15477";"Prostituição ou Exploração Sexual de Criança ou Adolescente (art. 244-A do ECA)";"9895.0";"";"";"5"
"A";"";"15478";"Corrupção ou Facilitação de Corrupção de Menor de Dezoito Anos (art. 244-B do ECA)";"9895.0";"";"";"5"
"A";"";"15479";"Omissão de Comunicação à Autoridade Pública de Desaparecimento de Criança ou Adolescente (art. 244-C do ECA)";"9895.0";"";"";"5"
"A";"";"15480";"Isenção por Doença ou Acidente em Serviço";"5917.0";"";"";"4"
"A";"";"15481";"Estudo Social";"11781.0";"";"";"3"
"A";"";"15482";"Intimidação Sistemática (Bullying)";"3400.0";"";"";"3"
"A";"";"15483";"Intimidação Sistemática Virtual (Cyberbullying)";"3400.0";"";"";"3"
"A";"2024-11-11 18:06:44";"15484";"Intimidação Sistemática (Bullying -  art.146-A, caput)";"9659.0";"";"";"4"
"A";"";"15485";"Intimidação Sistemática Virtual (Cyberbullying, art. 146-A, parágrafo único)";"9659.0";"";"";"4"
"A";"";"15511";"Medidas Protetivas de Urgência (Lei Maria da Penha) - Cível";"9192.0";"";"";"3"
"A";"";"15514";"Doença Rara";"12480.0";"";"";"2"
"A";"";"15515";"Pensão Especial (Lei 14.717/2023)";"12734.0";"";"";"2"
"A";"";"15516";"Bolsa Família (Lei 14.601/2023)";"12734.0";"";"";"2"
"A";"";"15524";"Propaganda Política - Propaganda Eleitoral - Deep Fake";"11652.0";"";"";"4"
"A";"2024-11-29 16:09:57";"15525";"Terrorismo (Lei 13.260/2016)";"9634.0";"15526,15527,15528,15529";"15526,15527,15528,15529";"3"
"A";"2024-11-29 16:05:30";"15526";"Atos de Terrorismo (art. 2º da Lei 13.260/2016)";"15525.0";"";"";"4"
"A";"2024-11-29 16:04:45";"15527";"Manutenção ou Financiamento do Terrorismo (art. 6º da Lei 13.260/2016)";"15525.0";"";"";"4"
"A";"2024-11-29 16:05:53";"15528";"Organização Terrorista (art. 3º da Lei 13.260/2016)";"15525.0";"";"";"4"
"A";"";"15529";"Preparação de Ato Terrorista (art. 5º da Lei 13.260/2016)";"15525.0";"";"";"4"
"A";"";"15537";"Violência Política de Gênero (art. 326-B do Código Eleitoral)";"11429.0";"";"";"3"
"A";"";"15544";"Propaganda Política - Propaganda Eleitoral - Realização de Propaganda na Internet Atribuindo sua Autoria a Terceiro ";"11652.0";"";"";"4"
"A";"";"15546";"Fraude Bancária";"7752.0";"";"";"4"
"A";"2025-06-12 15:41:23";"15549";"Tráfico Internacional de Pessoa (art. 149-A)";"9659.0";"15550,15551,15552,15553,15554";"15550,15551,15552,15553,15554";"4"
"A";"2025-06-12 15:41:42";"15550";"Adoção Ilegal (art. 149-A, IV)";"15549.0";"";"";"5"
"A";"";"15551";"Exploração Sexual (art. 149-A, V)";"15549.0";"";"";"5"
"A";"2025-06-12 15:47:36";"15552";"Remoção de Órgão (art. 149-A, I)";"15549.0";"";"";"5"
"A";"";"15553";"Servidão (art. 149-A, III)";"15549.0";"";"";"5"
"A";"";"15554";"Submissão à Condição Análoga à de Escravo (art. 149-A, II)";"15549.0";"";"";"5"
"A";"";"15555";"Tráfico Interno de Pessoa (art. 149-A)";"9659.0";"15556,15557,15558,15559,15560";"15556,15557,15558,15559,15560";"4"
"A";"";"15556";"Adoção Ilegal (art. 149-A, IV)";"15555.0";"";"";"5"
"A";"";"15557";"Exploração Sexual (art. 149-A, V)";"15555.0";"";"";"5"
"A";"";"15558";"Remoção de Órgãos (art. 149-A, I)";"15555.0";"";"";"5"
"A";"";"15559";"Servidão (art. 149-A, III)";"15555.0";"";"";"5"
"A";"2025-06-12 16:59:23";"15560";"Submissão à Condição Análoga à de Escravo (art. 149-A, II)";"15555.0";"";"";"5"
"A";"";"15566";"BEPATA - Bônus de Eficiência e Produtividade na Atividade Tributária e Aduaneira";"10290.0";"";"";"5"
"A";"";"15567";"Decorrente de Preconceito por Identidade/Expressão de Gênero e/ou por Orientação Sexual";"287.0";"";"";"2"
"A";"";"15568";"Decorrente de Preconceito por Identidade/Expressão de Gênero e/ou Orientação Sexual";"9634.0";"";"";"3"
"A";"2026-01-29 15:29:56";"15584";"Notícia de Inelegibilidade";"11615.0";"";"";"5"
"A";"";"15586";"Anulação de Convenção Partidária";"11753.0";"";"";"4"
"A";"2025-08-12 15:29:36";"15590";"RRC Indeferido em Função do Indeferimento do DRAP";"11615.0";"";"";"5"
"A";"";"15591";"Fundo Especial de Financiamento de Campanha (FEFC)";"11583.0";"";"";"3"
"A";"";"15592";"Caso dos Povos Indígenas Yanonami, Yekwana e Munduruku";"15106.0";"";"";"4"
"A";"";"15593";"Caso das Pessoas Privadas de Liberdade na Penitenciária Evaristo de Moraes, Rio de Janeiro";"15106.0";"";"";"4"
"A";"2026-01-29 16:39:46";"15594";"Medidas Cautelares da Comissão Interamericana de Direitos Humanos";"15104.0";"15595,15596,15597,15598,15599,15600,15601,15602,15603,15604,15605,15606,15607,15608,15609,15610,15611,15612,15613,15614,15615";"15595,15596,15597,15598,15599,15600,15601,15602,15603,15604,15605,15606,15607,15608,15609,15610,15611,15612,15613,15614,15615";"3"
"A";"";"15595";"  MC 818-04- Povos Indígenas Ingaricó, Macuxi, Patamona, Taurepang e Wapixana (TI Raposa Serra do Sol)";"15594.0";"";"";"4"
"A";"";"15596";"MC 114-10 - Pessoas Privadas de Liberdade no Departamento da Polícia Judiciária (DPJ) de Vila Velha, Espírito Santo";"15594.0";"";"";"4"
"A";"";"15597";"MC 382-10 - Comunidades Indígenas da Bacia do Rio Xingu, Pará, Brasil";"15594.0";"";"";"4"
"A";"";"15598";"MC 8 -13 - Pessoas Privadas de Liberdade no Presídio Central de Porto Alegre";"15594.0";"";"";"4"
"A";"2025-08-12 18:16:58";"15599";"MC 60-15 - Adolescentes Privados de Liberdade em Unidades de Atendimento Socioeducativo de Internação Masculina do Estado do Ceará";"15594.0";"";"";"4"
"A";"";"15600";"MC 1489-18 - Andre Luiz Moreira da Silva";"15594.0";"";"";"4"
"A";"";"15601";"MC 1358-18 - Joana DArc Mendes";"15594.0";"";"";"4"
"A";"";"15602";"MC 1262-18 - Jean Wyllys de Matos Santos e sua Família";"15594.0";"";"";"4"
"A";"";"15603";"MC 767-18 - Mônica Tereza Azeredo Beníci";"15594.0";"";"";"4"
"A";"";"15604";"MC 458-19 - Membros da Comunidade Guyraroká do Povo Indígena Guarani Kaiowá";"15594.0";"";"";"4"
"A";"";"15605";"MC 1450-18 - Julio Renato Lancellotti e Daniel Guerra Feitosa";"15594.0";"";"";"4"
"A";"2025-09-02 15:02:23";"15606";" MC 1211-19 - Comunidade Remanescentes do Quilombo Rio dos Macacos";"15594.0";"";"";"4"
"A";"2025-09-02 15:20:52";"15607";"MC 888-19 - Pessoas Privadas de Liberdade na Cadeia Pública Jorge Santana e na Penitenciária Alfredo Tranjan";"15594.0";"";"";"4"
"A";"";"15608";"MC 869-21 - Antônio Martins Alves";"15594.0";"";"";"4"
"A";"";"15609";" MC 754-20 - Membros dos Povos Indígenas Guajajara e Awá da Terra Indígena Araribóia";"15594.0";"";"";"4"
"A";"";"15610";"MC 449-22 - Bruno Araújo Pereira e Dom Phillips e Membros identificados da União dos Povos Indígenas do Vale de Javari - UNIVAJA";"15594.0";"";"";"4"
"A";"";"15611";"MC 517-22 - Membros da comunidade Guapoy do Povo Indígena Guarani Kaiowá";"15594.0";"";"";"4"
"A";"";"15612";"MC 408-22 - Benny Briolly Rosa da Silva Santos e integrantes de sua equipe de trabalho";"15594.0";"";"";"4"
"A";"";"15613";"MC 938-22- Integrantes do Território Quilombola Boa Hora III/Marmorana, localizado na zona rural de Alto Alegre do Maranhão, no estado do Maranhão";"15594.0";"";"";"4"
"A";"";"15614";" MC 61-23 - Membros do Povo Indígena Pataxó localizado nas Terras Indígenas Barra Velha e Comexatibá localizados no estado da Bahia e Membros do Povo Indígena Pataxó Hã-Hã-Hãe";"15594.0";"";"";"4"
"A";"";"15615";"MC 50-24 - Membros do Povo Indígena Tapeba de Caucaia";"15594.0";"";"";"4"
"A";"";"15616";"Caso Leite de Souza e outros vs. Brasil";"15105.0";"";"";"4"
"A";"";"15617";"Caso Muniz da Silva e Outros vc. Brasil";"15105.0";"";"";"4"
"A";"";"15618";"Caso Comunidades Quilombolas de Alcântara vs. Brasil";"15105.0";"";"";"4"
"A";"";"15619";"Caso da Silva e Outros vs. Brasil";"15105.0";"";"";"4"
"A";"";"15623";"Estelionato por Fraude Eletrônica";"3415.0";"";"";"3"
"A";"";"15624";"Estelionato por Fraude Eletrônica (art. 171, § 2º-A)";"9674.0";"";"";"4"
"A";"";"15628";"Desconto em Benefício Previdenciário de contribuição associativa ou sindical (ADPFs 1234 e 1236)";"7690.0";"";"";"4"
"A";"2026-01-27 15:24:07";"15629";"Crimes ""Próprios"" em Tempo de Guerra";"11068.0";"15630,15631,15632,15633,15634,15635,15636,15637,15638,15639,15640,15641,15642,15643,15644,15645,15646,15647,15648,15649,15650,15651,15652,15653,15654,15655,15656,15657,15658,15659,15660,15661,15662,15663,15664,15665,15666,15667,15668,15669,15670,15671,15672,15673,15674,15675,15676,15677,15678,15679,15680,15681,15682,15683,15684,15685,15686";"15630,15631,15632,15633,15634,15635,15636,15637,15638,15639,15640,15641,15642,15643,15644,15645,15646,15647,15648,15649,15650,15651,15652,15653,15654,15655,15656,15657,15658,15659,15660,15661,15662,15663,15664,15665,15666,15667,15668,15669,15670,15671,15672,15673,15674,15675,15676,15677,15678,15679,15680,15681,15682,15683,15684,15685,15686";"2"
"A";"";"15630";"Traição";"15629.0";"";"";"3"
"A";"";"15631";"Favor ao Inimigo";"15629.0";"";"";"3"
"A";"";"15632";"Tentativa contra a Soberania do Brasil";"15629.0";"";"";"3"
"A";"";"15633";"Coação a Comandante";"15629.0";"";"";"3"
"A";"";"15634";"Informação ou Auxílio ao Inimigo";"15629.0";"";"";"3"
"A";"";"15635";"Aliciação de Militar";"15629.0";"";"";"3"
"A";"";"15636";"Ato Prejudicial à Eficiência da Tropa";"15629.0";"";"";"3"
"A";"";"15637";"Traição Imprópria";"15629.0";"";"";"3"
"A";"";"15638";"Cobardia";"15629.0";"";"";"3"
"A";"";"15639";"Cobardia Qualificada";"15629.0";"";"";"3"
"A";"";"15640";"Fuga em Presença do Inimigo";"15629.0";"";"";"3"
"A";"";"15641";"Espionagem";"15629.0";"";"";"3"
"A";"";"15642";"Penetração de Estrangeiro";"15629.0";"";"";"3"
"A";"";"15643";"Motim, Revolta ou Conspiração";"15629.0";"";"";"3"
"A";"";"15644";"Omissão de Lealdade Militar";"15629.0";"";"";"3"
"A";"";"15645";"Incitamento";"15629.0";"";"";"3"
"A";"";"15646";"Incitamento em Presença do Inimigo";"15629.0";"";"";"3"
"A";"";"15647";"Rendição ou Capitulação";"15629.0";"";"";"3"
"A";"";"15648";"Omissão de Vigilância";"15629.0";"";"";"3"
"A";"";"15649";"Descumprimento do Dever Militar";"15629.0";"";"";"3"
"A";"";"15650";"Falta de Cumprimento de Ordem";"15629.0";"";"";"3"
"A";"";"15651";"Entrega ou Abandono Culposo";"15629.0";"";"";"3"
"A";"";"15652";"Captura ou Sacrifício Culposo";"15629.0";"";"";"3"
"A";"";"15653";"Separação Reprovável";"15629.0";"";"";"3"
"A";"";"15654";"Abandono de Comboio";"15629.0";"";"";"3"
"A";"";"15655";"Separação Culposa de Comando";"15629.0";"";"";"3"
"A";"";"15656";"Tolerância Culposa";"15629.0";"";"";"3"
"A";"";"15657";"Entendimento com o Inimigo";"15629.0";"";"";"3"
"A";"";"15658";"Dano Especial (em Tempo de Guerra)";"15629.0";"";"";"3"
"A";"";"15659";"Dano em Bens de Interesse Militar";"15629.0";"";"";"3"
"A";"";"15660";"Envenenamento, Corrupção ou Epidemia (em Tempo de Guerra)";"15629.0";"";"";"3"
"A";"";"15661";"Crimes de Perigo Comum (em Tempo de Guerra)";"15629.0";"";"";"3"
"A";"";"15662";"Recusa de Obediência ou Oposição";"15629.0";"";"";"3"
"A";"";"15663";"Coação contra Oficial ou General Comandante";"15629.0";"";"";"3"
"A";"";"15664";"Violência contra Superior ou Militar de Serviço";"15629.0";"";"";"3"
"A";"";"15665";"Abandono de Posto (em Tempo de Guerra)";"15629.0";"";"";"3"
"A";"";"15666";"Deserção (em Tempo de Guerra)";"15629.0";"";"";"3"
"A";"";"15667";"Deserção em Presença do Inimigo";"15629.0";"";"";"3"
"A";"";"15668";"Falta de Apresentação";"15629.0";"";"";"3"
"A";"";"15669";"Libertação de Prisioneiro";"15629.0";"";"";"3"
"A";"";"15670";"Evasão de Prisioneiro";"15629.0";"";"";"3"
"A";"";"15671";"Amotinamento de Prisioneiros";"15629.0";"";"";"3"
"A";"";"15672";"Favorecimento Culposo";"15629.0";"";"";"3"
"A";"";"15673";"Prolongamento de Hostilidades";"15629.0";"";"";"3"
"A";"";"15674";"Ordem Arbitrária";"15629.0";"";"";"3"
"A";"";"15675";"Homicídio Simples (em Tempo de Guerra)";"15629.0";"";"";"3"
"A";"";"15676";"Homicídio Qualificado (em Tempo de Guerra)";"15629.0";"";"";"3"
"A";"";"15677";"Genocídio (em Tempo de Guerra)";"15629.0";"";"";"3"
"A";"";"15678";"Casos Assimilados a Genocídio (em Tempo de Guerra)";"15629.0";"";"";"3"
"A";"";"15679";"Lesão Corporal Leve (em Tempo de Guerra)";"15629.0";"";"";"3"
"A";"";"15680";"Lesão Corporal Grave (em Tempo de Guerra)";"15629.0";"";"";"3"
"A";"";"15681";"Lesões Corporais Qualificadas pelo Resultado (em Tempo de Guerra)";"15629.0";"";"";"3"
"A";"";"15682";"Furto (em Tempo de Guerra)";"15629.0";"";"";"3"
"A";"";"15683";"Roubo ou Extorsão (em Tempo de Guerra)";"15629.0";"";"";"3"
"A";"";"15684";"Saque (em Tempo de Guerra)";"15629.0";"";"";"3"
"A";"";"15685";"Rapto (em Tempo de Guerra)";"15629.0";"";"";"3"
"A";"";"15686";"Violência Carnal (em Tempo de Guerra)";"15629.0";"";"";"3"
"A";"";"15687";"Crimes Praticados contra Lideranças e Comunidades Quilombolas";"287.0";"";"";"2"
"A";"";"15688";"Praticados contra Lideranças e Comunidades Quilombolas";"9634.0";"";"";"3"
"A";"";"15689";"Inelegibilidade - Desfazimento ou Simulação de Desfazimento de Vínculo Conjugal ou de União Estável ";"11595.0";"";"";"5"
"A";"";"15690";"Prestação de Contas - De Partido Político - Declaração de Ausência de Movimentação Financeira ";"12045.0";"";"";"4"
"A";"";"15691";"Homologação de Localidade de Difícil Acesso";"11557.0";"";"";"3"
"A";"";"15692";"Teletrabalho";"10287.0";"";"";"4"
"A";"";"15720";"Crime Decorrente de Ações de Segurança Pública";"287.0";"";"";"2"
"A";"";"15722";"IBS - Imposto sobre Bens e Serviços";"5916.0";"";"";"3"
"A";"";"15723";"CBS - Contribuição sobre Bens e Serviços";"6033.0";"";"";"4"
"A";"";"14";"DIREITO TRIBUTÁRIO";"";"5913,5916,5956,5973,5978,5986,6017,6018,6021,6030,6031,6088,6089,5914,5915,10540,10527,10528,10529,10530,15001,15002,15003,15004,5917,5933,5941,5944,5945,5946,5948,5950,5951,5952,5953,5954,5955,10690,15722,5918,5919,5920,5921,5922,5923,5924,5925,5926,5927,5928,5929,5930,5931,5932,10532,10533,10661,10689,14988,14992,14993,14994,14995,15480,14989,5934,5935,5936,5937,5938,5939,5940,14996,5942,5943,14962,10871,10903,10947,14963,14967,14964,14965,14966,14986,14987,5947,10531,10872,5949,5957,5971,5972,5958,5959,5960,5961,5962,5963,5964,5965,5966,5967,5968,5969,5970,15052,15053,15054,15055,10534,10535,10536,10537,10538,5974,5975,5976,5977,5979,5982,5983,5984,5985,10539,5980,5981,15005,15006,15007,5987,5990,5996,5997,5998,5999,6003,6004,6005,6006,6007,6008,6009,6010,6011,6012,6016,5988,5989,10543,5991,5992,5993,5994,5995,14950,10544,10545,10546,10547,10548,10549,10550,10551,6000,6001,6002,10556,10557,10558,10559,10959,14947,14948,14949,6013,6014,6015,14899,14900,14946,10887,10922,10923,14951,14952,14953,6019,6020,6022,6024,6025,6026,6027,6028,6029,10560,6023,6032,6033,6044,6048,6071,6034,6035,6036,6037,6038,6039,6040,6041,6042,6043,10561,10562,15723,10873,14890,14891,14892,14893,14894,10563,10874,14895,14896,14897,14898,6045,6046,6047,10565,6049,6050,6051,6052,6053,6054,6055,6056,6057,6058,6059,6060,6061,6062,6063,6064,6065,6066,6067,6068,6069,6070,14887,14888,14889,6072,6073,6074,6075,6076,6077,6078,6079,6080,6081,6082,6083,6084,6085,6086,6087,14883,14884,14885,14886,6090,6091,6092,6093,15051";"5913,5916,5956,5973,5978,5986,6017,6018,6021,6030,6031,6088,6089,5914,5915,10540,10527,10528,10529,10530,15001,15002,15003,15004,5917,5933,5941,5944,5945,5946,5948,5950,5951,5952,5953,5954,5955,10690,15722,5918,5919,5920,5921,5922,5923,5924,5925,5926,5927,5928,5929,5930,5931,5932,10532,10533,10661,10689,14988,14992,14993,14994,14995,15480,14989,5934,5935,5936,5937,5938,5939,5940,14996,5942,5943,14962,10871,10903,10947,14963,14967,14964,14965,14966,14986,14987,5947,10531,10872,5949,5957,5971,5972,5958,5959,5960,5961,5962,5963,5964,5965,5966,5967,5968,5969,5970,15052,15053,15054,15055,10534,10535,10536,10537,10538,5974,5975,5976,5977,5979,5982,5983,5984,5985,10539,5980,5981,15005,15006,15007,5987,5990,5996,5997,5998,5999,6003,6004,6005,6006,6007,6008,6009,6010,6011,6012,6016,5988,5989,10543,5991,5992,5993,5994,5995,14950,10544,10545,10546,10547,10548,10549,10550,10551,6000,6001,6002,10556,10557,10558,10559,10959,14947,14948,14949,6013,6014,6015,14899,14900,14946,10887,10922,10923,14951,14952,14953,6019,6020,6022,6024,6025,6026,6027,6028,6029,10560,6023,6032,6033,6044,6048,6071,6034,6035,6036,6037,6038,6039,6040,6041,6042,6043,10561,10562,15723,10873,14890,14891,14892,14893,14894,10563,10874,14895,14896,14897,14898,6045,6046,6047,10565,6049,6050,6051,6052,6053,6054,6055,6056,6057,6058,6059,6060,6061,6062,6063,6064,6065,6066,6067,6068,6069,6070,14887,14888,14889,6072,6073,6074,6075,6076,6077,6078,6079,6080,6081,6082,6083,6084,6085,6086,6087,14883,14884,14885,14886,6090,6091,6092,6093,15051";"1"
"A";"";"195";"DIREITO PREVIDENCIÁRIO";"";"6094,6119,6160,6173,6181,6095,6096,6099,6100,6101,6102,6103,6104,6105,6106,6107,6113,6115,6116,6117,6118,7757,10567,12216,14771,14772,14773,6097,6098,12399,14762,14750,14751,14752,14753,14754,14755,14756,14761,14763,14764,14765,14766,14767,14768,14769,14770,14806,14808,14809,14827,14828,14829,14830,14831,14810,14811,14818,14812,14813,14814,14815,14816,14817,14824,14819,14820,14821,14822,14823,14825,14826,6108,6109,6110,6111,6112,14807,6120,6138,14836,15222,6121,6122,6123,6124,6125,6126,6127,6128,6129,6130,6131,6132,6133,6134,6135,6136,6137,11941,11942,11943,11944,14837,11940,6139,6140,6141,6142,6143,6144,6145,6146,6147,6148,6149,6150,6151,6152,6153,6154,6155,6156,6157,6158,6159,11945,6161,6162,6164,6165,6166,6167,6168,6169,6170,6171,6172,10879,6174,6175,6176,6177,6178,6179,14832,14833,14834,14835,6182,6183,6184,6185,6186,6187,6188,6189,6190,14838,14839";"6094,6119,6160,6173,6181,6095,6096,6099,6100,6101,6102,6103,6104,6105,6106,6107,6113,6115,6116,6117,6118,7757,10567,12216,14771,14772,14773,6097,6098,12399,14762,14750,14751,14752,14753,14754,14755,14756,14761,14763,14764,14765,14766,14767,14768,14769,14770,14806,14808,14809,14827,14828,14829,14830,14831,14810,14811,14818,14812,14813,14814,14815,14816,14817,14824,14819,14820,14821,14822,14823,14825,14826,6108,6109,6110,6111,6112,14807,6120,6138,14836,15222,6121,6122,6123,6124,6125,6126,6127,6128,6129,6130,6131,6132,6133,6134,6135,6136,6137,11941,11942,11943,11944,14837,11940,6139,6140,6141,6142,6143,6144,6145,6146,6147,6148,6149,6150,6151,6152,6153,6154,6155,6156,6157,6158,6159,11945,6161,6162,6164,6165,6166,6167,6168,6169,6170,6171,6172,10879,6174,6175,6176,6177,6178,6179,14832,14833,14834,14835,6182,6183,6184,6185,6186,6187,6188,6189,6190,14838,14839";"1"
"A";"";"287";"DIREITO PENAL";"";"3369,3385,3388,3393,3394,3400,3405,3407,3412,3415,3442,3445,3457,3463,3472,3491,3520,3523,3547,3603,3692,5555,5865,5872,5873,5874,5875,10620,10949,10950,10951,10952,11414,12217,12333,12342,12588,15147,15169,15174,15373,15567,15687,15720,3370,3371,3372,3373,3375,10915,12091,12130,15177,10917,10918,10919,3386,3387,5556,5557,5558,5560,14943,12194,12195,3389,3390,3391,3392,5911,10508,10509,14690,3395,3396,3397,12542,12543,12544,14100,14101,14102,14103,14104,14105,14106,14107,15126,3401,3402,3403,3404,14659,14665,14684,14942,15482,15483,14660,14661,14662,14663,14664,14666,14667,14668,14669,14670,3406,3408,3409,3410,3411,3413,3414,11978,3416,3417,3418,3419,3420,3421,3422,3423,3424,3425,3426,3427,3428,3429,3430,3431,3432,3433,3434,3435,3436,3437,5564,5565,5566,5567,5568,5569,5570,5571,5572,5573,5835,5836,5837,5838,5839,5840,5841,5842,5843,5844,5845,5846,5847,11959,14692,14698,15410,15623,3443,3446,3447,3448,3449,3450,3451,3452,3453,3454,3455,3456,3458,3459,3460,3461,3462,3465,3466,3467,3468,3469,3471,5850,5851,5852,5853,5854,5855,5856,11416,11417,11418,11419,11420,11421,11422,12397,12398,14703,14704,14705,14706,3473,3477,3484,3488,3474,3475,3476,3479,3480,3481,3482,3483,3485,3486,3487,3489,3490,3492,3493,3494,3495,3496,3497,3498,3500,3501,3502,3503,3504,3505,3506,3507,3508,3509,3510,3511,3512,3513,3514,3515,3516,3517,3519,5862,5866,5867,11958,11961,11963,11966,11967,11969,11972,3521,5869,5870,14685,14689,3524,3527,3528,3529,3530,3531,3532,3533,3534,3535,3536,3537,3538,3539,3540,3541,3542,3543,3545,3546,10992,10993,10994,10995,10996,10998,11004,11005,11006,11007,14731,10997,3548,3550,3551,3552,3553,3554,3555,3556,3557,3558,3559,3560,3561,3562,3563,3564,3596,3597,10982,3438,3604,3605,3606,3607,3609,3610,3611,3612,3613,3614,3615,3616,3617,3618,3628,3629,3630,3631,3632,3633,3634,3637,3638,3640,3641,3642,3643,3647,3650,3651,3653,3654,3655,3656,3659,3660,3661,3664,5893,10985,11410,11895,12008,12011,12013,12015,12017,12019,12021,12023,12025,14226,14697,15072,15127,15179,15397,15403,15406,5878,5879,5880,5881,5882,5883,3608,5885,5894,5895,5896,5897,5898,5899,5900,5901,10987,10523,3619,3620,3621,3622,3623,3624,3626,3627,10514,10515,10516,10986,11780,14779,14780,14781,14782,14783,14784,14785,14786,14787,14788,14789,14790,14791,14792,14793,14794,14795,14796,14797,14798,14799,14803,14804,14805,14800,14801,14802,15434,15435,15436,15437,15438,15439,15440,15441,15442,15443,15444,15445,15446,15447,15448,15449,15450,15451,15452,15453,15454,15455,15456,10747,10748,10749,10750,10751,10752,10753,10754,10755,10756,10815,10816,10817,10818,10819,10820,10821,10822,10823,10824,10825,10826,10827,10830,10831,10832,10833,10834,10835,10836,10837,10838,10839,10840,10841,10843,10844,10852,10850,10851,10845,10846,10842,10847,10848,10849,14227,15128,15129,15130,15131,15132,15180,15401,12340,12343,12344,12345,12346,12347,12348,12349,12350,12351,12352,12353,12354,12355,12356,12772,12773,12774,14236,3565,3566,3567,3568,3569,3570,3571,3572,3573,3574,3598,10983,5876,5877,10984,3575,3576,3577,3578,3579,3580,3581,3582,3583,3584,3585,3586,3587,3588,3589,3590,3591,3592,3593,3594,3595,11797,5903,5904,5905,5906,5907,5908,5909,5910,10988,10990,10991,10989,10612,10613,10621,10622,10634,10642,10614,10615,10616,10617,10618,10619,10628,10633,10623,10624,10625,10626,10627,10643,10644,14097,14098,12218,12219,12220,12221,12334,12335,12336,12337,12338,12339,15148,15149,15150,15151,15152,15153,15154,15155,15374,15375,15376,15377,15378,15379,15380,15381,15382,15383,15384";"3369,3385,3388,3393,3394,3400,3405,3407,3412,3415,3442,3445,3457,3463,3472,3491,3520,3523,3547,3603,3692,5555,5865,5872,5873,5874,5875,10620,10949,10950,10951,10952,11414,12217,12333,12342,12588,15147,15169,15174,15373,15567,15687,15720,3370,3371,3372,3373,3375,10915,12091,12130,15177,10917,10918,10919,3386,3387,5556,5557,5558,5560,14943,12194,12195,3389,3390,3391,3392,5911,10508,10509,14690,3395,3396,3397,12542,12543,12544,14100,14101,14102,14103,14104,14105,14106,14107,15126,3401,3402,3403,3404,14659,14665,14684,14942,15482,15483,14660,14661,14662,14663,14664,14666,14667,14668,14669,14670,3406,3408,3409,3410,3411,3413,3414,11978,3416,3417,3418,3419,3420,3421,3422,3423,3424,3425,3426,3427,3428,3429,3430,3431,3432,3433,3434,3435,3436,3437,5564,5565,5566,5567,5568,5569,5570,5571,5572,5573,5835,5836,5837,5838,5839,5840,5841,5842,5843,5844,5845,5846,5847,11959,14692,14698,15410,15623,3443,3446,3447,3448,3449,3450,3451,3452,3453,3454,3455,3456,3458,3459,3460,3461,3462,3465,3466,3467,3468,3469,3471,5850,5851,5852,5853,5854,5855,5856,11416,11417,11418,11419,11420,11421,11422,12397,12398,14703,14704,14705,14706,3473,3477,3484,3488,3474,3475,3476,3479,3480,3481,3482,3483,3485,3486,3487,3489,3490,3492,3493,3494,3495,3496,3497,3498,3500,3501,3502,3503,3504,3505,3506,3507,3508,3509,3510,3511,3512,3513,3514,3515,3516,3517,3519,5862,5866,5867,11958,11961,11963,11966,11967,11969,11972,3521,5869,5870,14685,14689,3524,3527,3528,3529,3530,3531,3532,3533,3534,3535,3536,3537,3538,3539,3540,3541,3542,3543,3545,3546,10992,10993,10994,10995,10996,10998,11004,11005,11006,11007,14731,10997,3548,3550,3551,3552,3553,3554,3555,3556,3557,3558,3559,3560,3561,3562,3563,3564,3596,3597,10982,3438,3604,3605,3606,3607,3609,3610,3611,3612,3613,3614,3615,3616,3617,3618,3628,3629,3630,3631,3632,3633,3634,3637,3638,3640,3641,3642,3643,3647,3650,3651,3653,3654,3655,3656,3659,3660,3661,3664,5893,10985,11410,11895,12008,12011,12013,12015,12017,12019,12021,12023,12025,14226,14697,15072,15127,15179,15397,15403,15406,5878,5879,5880,5881,5882,5883,3608,5885,5894,5895,5896,5897,5898,5899,5900,5901,10987,10523,3619,3620,3621,3622,3623,3624,3626,3627,10514,10515,10516,10986,11780,14779,14780,14781,14782,14783,14784,14785,14786,14787,14788,14789,14790,14791,14792,14793,14794,14795,14796,14797,14798,14799,14803,14804,14805,14800,14801,14802,15434,15435,15436,15437,15438,15439,15440,15441,15442,15443,15444,15445,15446,15447,15448,15449,15450,15451,15452,15453,15454,15455,15456,10747,10748,10749,10750,10751,10752,10753,10754,10755,10756,10815,10816,10817,10818,10819,10820,10821,10822,10823,10824,10825,10826,10827,10830,10831,10832,10833,10834,10835,10836,10837,10838,10839,10840,10841,10843,10844,10852,10850,10851,10845,10846,10842,10847,10848,10849,14227,15128,15129,15130,15131,15132,15180,15401,12340,12343,12344,12345,12346,12347,12348,12349,12350,12351,12352,12353,12354,12355,12356,12772,12773,12774,14236,3565,3566,3567,3568,3569,3570,3571,3572,3573,3574,3598,10983,5876,5877,10984,3575,3576,3577,3578,3579,3580,3581,3582,3583,3584,3585,3586,3587,3588,3589,3590,3591,3592,3593,3594,3595,11797,5903,5904,5905,5906,5907,5908,5909,5910,10988,10990,10991,10989,10612,10613,10621,10622,10634,10642,10614,10615,10616,10617,10618,10619,10628,10633,10623,10624,10625,10626,10627,10643,10644,14097,14098,12218,12219,12220,12221,12334,12335,12336,12337,12338,12339,15148,15149,15150,15151,15152,15153,15154,15155,15374,15375,15376,15377,15378,15379,15380,15381,15382,15383,15384";"1"
"A";"";"864";"DIREITO DO TRABALHO";"";"1654,1658,1695,1697,1937,2135,2567,2581,2620,2622,2662,7628,7639,7644,10568,12936,12942,12945,13948,14653,1806,1816,1844,1957,2029,2133,2233,2409,2421,2537,2554,2670,5272,5273,5274,7641,7647,13118,13163,13309,1932,2445,2523,13331,13402,13479,13569,13570,1807,13383,13384,13486,5352,5354,13403,13480,2031,2033,2037,13518,13352,13389,13492,13504,13553,13556,1814,1822,2266,13374,13388,13545,9487,13571,13572,13573,13574,13575,13576,1661,1663,2086,2116,2139,2140,2141,2426,10581,13060,13096,13122,13317,13538,13515,13337,13362,13368,13376,13382,13393,13408,13441,13507,13522,13539,13336,13463,13467,13485,13519,13366,13431,13552,13455,13512,13328,13554,13330,13360,13377,13496,13523,13562,13369,4435,4438,12949,12964,12981,13013,13016,13021,13044,13617,13618,13406,13483,13531,13048,13235,13481,13509,13345,13347,13510,13563,13063,13105,13128,13155,13179,13276,13280,13619,13623,13370,13371,13372,13550,13551,13426,13456,13489,13477,13557,13620,13621,13622,14116,13624,13625,13299,13346,13428,13528,1690,1691,1703,1705,1773,4452,10564,13394,13616,2704,5356,8805,8806,8807,13108,13302,13416,13418,13465,13473,13361,4437,7649,1855,8808,13193,13194,13195,13196,1723,1724,2569,9051,13344,13355,13380,13387,13411,13436,13474,13475,13517,13529,13560,8809,13381,13410,13498,1767,1783,1789,1888,1920,2055,2117,2215,2273,2331,2349,2364,2450,2458,2477,2493,2506,2540,2583,2594,2606,2666,4442,8813,13056,13057,13058,13078,13090,13103,13104,13119,13130,13137,13182,13246,13274,13293,13301,13459,8817,8818,13443,13444,13445,13446,13448,13449,13450,13457,13490,13513,13484,1721,2275,2449,2452,2461,2463,2466,2468,2697,5269,8810,8812,8816,13356,13404,13405,13439,13460,13472,13499,13502,13514,13532,13533,13534,13548,13591,13592,13349,13392,13413,13429,13493,13500,1666,1681,2604,13332,13333,13334,13335,13338,13339,13341,13494,13577,13578,13579,13580,13581,13582,13583,13584,13585,13586,13587,13588,13589,13590,13400,13401,13433,13558,13395,13396,13397,13438,13495,13511,13535,1849,1904,1907,2243,2435,2478,2546,2656,8824,13049,13064,13107,13141,13166,13167,13175,13178,13197,13228,13247,13275,13487,13488,2479,2480,1998,2210,2212,2641,8820,8821,8822,8823,13597,13593,13594,13595,13596,1929,1965,1966,1976,1977,1978,1981,2657,2661,13422,13423,13424,13491,13435,13536,13561,13327,13546,13547,2624,13160,13324,13358,13365,13375,13421,13437,13447,13497,13503,13508,13521,13564,2019,2021,2663,13082,13172,13192,2557,2558,2559,7629,7630,7631,7632,7633,13125,13139,13158,13222,13225,13243,13315,13316,7640,5276,5277,5278,5279,5280,5281,5282,5284,5286,5287,5288,5289,5290,5291,5292,5293,5294,5295,5296,5297,5299,5301,7645,7646,13054,13069,13083,13084,13113,13126,13127,13147,13152,13154,13173,13174,13236,13238,13242,13272,13273,13283,13296,13308,13391,13414,13367,13409,13417,13440,13442,13464,13530,13565,13566,13567,13568,13501,13419,13351,13453,13520,13527,13466,13340,13454,10569,10570,10571,13046,13059,13095,13102,13115,13120,13138,13165,13204,13208,13279,13325,13326,13353,13354,13516,12948,12950,12960,12961,12975,12976,12979,13041,13626,13641,13707,13764,13809,13815,13831,13949,14007,14031,14034,13168,13211,13074,13112,13373,13412,13425,13476,13176,13191,13215,13290,13177,13291,13134,13199,13226,13229,13627,13640,13628,13629,13630,13631,13632,13633,13634,13635,13636,13637,13638,13639,13642,13643,13644,13645,13646,13647,13648,13649,13650,13651,13652,13653,13654,13655,13656,13657,13658,13659,13660,13661,13662,13663,13664,13665,13666,13667,13668,13669,13670,13671,13672,13673,13674,13675,13676,13677,13678,13679,13697,13698,13699,13700,13706,14117,13680,13681,13682,13683,13684,13685,13686,13687,13688,13689,13690,13691,13692,13693,13694,13695,13696,13701,13702,13703,13704,13705,13708,13709,13710,13711,13712,13713,13714,13715,13716,13717,13718,13719,13720,13721,13722,13723,13724,13725,13726,13727,13728,13729,13730,13731,13732,13733,13734,13735,13736,13737,13739,13738,13740,13741,13742,13743,13744,13745,13746,13747,13748,13749,13750,13751,13752,13753,13754,13755,13756,14654,14655,14656,14657,14658,13757,13758,13759,13760,13761,13762,13763,13765,13766,13767,13768,13769,13770,13771,13772,13773,13774,13775,13776,13777,13778,13779,13780,13781,13782,13783,13784,13785,13786,13787,13788,13789,13790,13791,13792,13793,13794,13795,13796,13797,13798,13799,13800,13801,13802,13803,13804,13805,13806,13807,13808,13810,13811,13812,13813,13814,13816,13817,13818,13819,13820,13821,13822,13823,13824,13825,13826,13827,13828,13829,13830,13832,13833,13834,13835,13836,13837,13838,13839,13840,13841,13842,13843,13844,13845,13846,13847,13848,13849,13850,13851,13852,13853,13854,13855,13856,13857,13858,13859,13860,13861,13862,13863,13864,14119,13865,13866,13867,13868,13869,13870,13871,13872,13873,13874,13875,13876,13877,13878,13879,13880,13881,13882,13883,13884,13885,13886,14118,13887,13888,13889,13890,13891,13892,13893,13894,13895,13896,13897,13898,13899,13900,13901,13902,13903,13904,13905,13906,13907,13908,13909,13910,13911,13912,13913,13914,13915,13916,13917,13918,13919,13920,13921,13922,13923,13924,13925,13926,13927,13928,13929,13930,13931,13932,13933,13934,13935,13936,13937,13938,13939,13940,13941,13942,13943,13944,13945,13946,13947,13950,13951,13952,13953,13954,13955,13956,13957,13958,13959,13960,13961,13962,13963,13964,13965,13966,13967,13968,13969,13970,13971,13972,13973,13974,13975,13976,13977,13978,13979,13980,13981,13982,13983,13984,13985,13986,13987,13988,13989,13990,13991,13992,13993,13994,13995,13996,13997,13998,13999,14000,14001,14002,14003,14004,14005,14006,14008,14009,14010,14011,14012,14013,14014,14015,14016,14017,14018,14019,14020,14021,14022,14023,14024,14025,14026,14027,14028,14029,14030,14032,14033,14035,14036,14037,14038,14039,14040,14120,14041,14042,14043,14044,14045,12969,14046,14047,14048,14049,14050,14051,14052,14053,14054,14055,14056,14057,14058,14059,14060,14061,14062,14063,14064,12953,12956,12997";"1695,12936,12942,4435,4438,12949,12964,12981,13013,13016,13021,13044,13617,13618,13406,13483,13531,13048,13235,13481,13509,13345,13347,13510,13563,13063,13105,13128,13155,13179,13276,13280,13619,13623,13370,13371,13372,13550,13551,13426,13456,13489,13477,13557,13620,13621,13622,14116,13624,13625,13299,13346,13428,13528,12948,12950,12960,12961,12975,12976,12979,13041,13626,13641,13707,13764,13809,13815,13831,13949,14007,14031,14034,13168,13211,13074,13112,13373,13412,13425,13476,13176,13191,13215,13290,13177,13291,13134,13199,13226,13229,13627,13640,13628,13629,13630,13631,13632,13633,13634,13635,13636,13637,13638,13639,13642,13643,13644,13645,13646,13647,13648,13649,13650,13651,13652,13653,13654,13655,13656,13657,13658,13659,13660,13661,13662,13663,13664,13665,13666,13667,13668,13669,13670,13671,13672,13673,13674,13675,13676,13677,13678,13679,13697,13698,13699,13700,13706,14117,13680,13681,13682,13683,13684,13685,13686,13687,13688,13689,13690,13691,13692,13693,13694,13695,13696,13701,13702,13703,13704,13705,13708,13709,13710,13711,13712,13713,13714,13715,13716,13717,13718,13719,13720,13721,13722,13723,13724,13725,13726,13727,13728,13729,13730,13731,13732,13733,13734,13735,13736,13737,13739,13738,13740,13741,13742,13743,13744,13745,13746,13747,13748,13749,13750,13751,13752,13753,13754,13755,13756,14654,14655,14656,14657,14658,13757,13758,13759,13760,13761,13762,13763,13765,13766,13767,13768,13769,13770,13771,13772,13773,13774,13775,13776,13777,13778,13779,13780,13781,13782,13783,13784,13785,13786,13787,13788,13789,13790,13791,13792,13793,13794,13795,13796,13797,13798,13799,13800,13801,13802,13803,13804,13805,13806,13807,13808,13810,13811,13812,13813,13814,13816,13817,13818,13819,13820,13821,13822,13823,13824,13825,13826,13827,13828,13829,13830,13832,13833,13834,13835,13836,13837,13838,13839,13840,13841,13842,13843,13844,13845,13846,13847,13848,13849,13850,13851,13852,13853,13854,13855,13856,13857,13858,13859,13860,13861,13862,13863,13864,14119,13865,13866,13867,13868,13869,13870,13871,13872,13873,13874,13875,13876,13877,13878,13879,13880,13881,13882,13883,13884,13885,13886,14118,13887,13888,13889,13890,13891,13892,13893,13894,13895,13896,13897,13898,13899,13900,13901,13902,13903,13904,13905,13906,13907,13908,13909,13910,13911,13912,13913,13914,13915,13916,13917,13918,13919,13920,13921,13922,13923,13924,13925,13926,13927,13928,13929,13930,13931,13932,13933,13934,13935,13936,13937,13938,13939,13940,13941,13942,13943,13944,13945,13946,13947,13950,13951,13952,13953,13954,13955,13956,13957,13958,13959,13960,13961,13962,13963,13964,13965,13966,13967,13968,13969,13970,13971,13972,13973,13974,13975,13976,13977,13978,13979,13980,13981,13982,13983,13984,13985,13986,13987,13988,13989,13990,13991,13992,13993,13994,13995,13996,13997,13998,13999,14000,14001,14002,14003,14004,14005,14006,14008,14009,14010,14011,14012,14013,14014,14015,14016,14017,14018,14019,14020,14021,14022,14023,14024,14025,14026,14027,14028,14029,14030,14032,14033,14035,14036,14037,14038,14039,14040,14120,14041,14042,14043,14044,14045,12969,14046,14047,14048,14049,14050,14051,14052,14053,14054,14055,14056,14057,14058,14059,14060,14061,14062,14063,14064";"1"
"A";"";"899";"DIREITO CIVIL";"";"5626,5754,7673,7681,7947,9616,9981,10431,10432,12935,12937,14205,15219,5779,5808,7656,7657,7659,7660,7661,10577,10948,12235,12241,14126,15046,15047,15173,5787,5788,6238,6239,5813,7664,11988,14923,7672,7677,14924,5801,5802,5804,5805,7667,7671,10936,11977,11986,12155,12156,12383,12236,12237,12238,12239,12240,12242,12243,12244,12245,7949,9541,9542,9543,15189,15306,5825,5829,5831,5832,5833,5834,7676,7687,11991,12162,15087,15088,4949,7688,7690,7691,7694,7696,7717,9580,12980,4951,4957,9575,14740,14743,4718,7689,7703,7704,7705,7706,7707,7708,7709,7710,7711,10592,15628,7697,7698,7699,7700,7701,10582,10855,14066,10585,10586,7712,7713,7714,7715,4960,4961,4962,4963,4964,4968,4969,4970,4971,4972,4973,4974,4975,4976,4980,4981,4728,4794,4805,4813,4839,5680,9581,9582,9583,9584,9585,9586,9587,9588,9589,9590,9591,9592,9593,9594,9595,9596,9597,9598,9599,9600,9601,9602,9603,9604,9605,9606,9607,9608,9609,10501,13055,13124,13136,13153,13230,13262,14916,14917,14918,10590,4840,4841,4842,4843,4846,4847,4854,10588,11804,11805,14237,14735,9610,9611,9612,9614,9615,11000,11001,14915,4701,5632,4703,4706,4993,5009,5724,9617,4994,4998,5000,5001,5003,9555,9556,9558,9559,10924,11985,5010,4933,4934,4935,4939,4940,4942,4943,9533,9534,9535,9536,9537,9538,9539,9618,9619,9620,9621,9622,9623,9624,9625,9626,9627,9629,9984,4897,4905,7952,7953,4899,4902,4904,9545,9546,4907,4909,4910,9547,9549,9550,9551,10433,10439,14694,15367,10434,10435,10436,10437,14920,14922,10440,10441,10442,10443,11954,14919,14921,10444,10448,10482,10483,10484,10485,10486,10487,10488,10494,10495,10496,11412,11413,10445,10446,10447,4654,10449,10450,10451,10452,10453,10454,10455,10461,10462,10463,10470,10480,10481,4656,4660,4670,4680,10499,10456,10457,10458,10459,10460,10500,11980,11990,10464,10465,10466,10467,10468,10469,10595,10489,10490,10491,10492,10493,14206,14207";"5626,5754,7673,7681,7947,9616,9981,10431,10432,12935,12937,14205,15219,5779,5808,7656,7657,7659,7660,7661,10577,10948,12235,12241,14126,15046,15047,15173,5787,5788,6238,6239,5813,7664,11988,14923,7672,7677,14924,5801,5802,5804,5805,7667,7671,10936,11977,11986,12155,12156,12383,12236,12237,12238,12239,12240,12242,12243,12244,12245,7949,9541,9542,9543,15189,15306,5825,5829,5831,5832,5833,5834,7676,7687,11991,12162,15087,15088,4949,7688,7690,7691,7694,7696,7717,9580,12980,4951,4957,9575,14740,14743,4718,7689,7703,7704,7705,7706,7707,7708,7709,7710,7711,10592,15628,7697,7698,7699,7700,7701,10582,10855,14066,10585,10586,7712,7713,7714,7715,4960,4961,4962,4963,4964,4968,4969,4970,4971,4972,4973,4974,4975,4976,4980,4981,4728,4794,4805,4813,4839,5680,9581,9582,9583,9584,9585,9586,9587,9588,9589,9590,9591,9592,9593,9594,9595,9596,9597,9598,9599,9600,9601,9602,9603,9604,9605,9606,9607,9608,9609,10501,13055,13124,13136,13153,13230,13262,14916,14917,14918,10590,4840,4841,4842,4843,4846,4847,4854,10588,11804,11805,14237,14735,9610,9611,9612,9614,9615,11000,11001,14915,4701,5632,4703,4706,4993,5009,5724,9617,4994,4998,5000,5001,5003,9555,9556,9558,9559,10924,11985,5010,4933,4934,4935,4939,4940,4942,4943,9533,9534,9535,9536,9537,9538,9539,9618,9619,9620,9621,9622,9623,9624,9625,9626,9627,9629,9984,4897,4905,7952,7953,4899,4902,4904,9545,9546,4907,4909,4910,9547,9549,9550,9551,10433,10439,14694,15367,10434,10435,10436,10437,14920,14922,10440,10441,10442,10443,11954,14919,14921,10444,10448,10482,10483,10484,10485,10486,10487,10488,10494,10495,10496,11412,11413,10445,10446,10447,4654,10449,10450,10451,10452,10453,10454,10455,10461,10462,10463,10470,10480,10481,4656,4660,4670,4680,10499,10456,10457,10458,10459,10460,10500,11980,11990,10464,10465,10466,10467,10468,10469,10595,10489,10490,10491,10492,10493,14206,14207";"1"
"A";"";"1146";"DIREITO MARÍTIMO";"";"5585,5595,5603,5621,7783,7784,5622,5623,5624,5193,5194,5196,5609,5612,7797,7798,5575,5577,5589,5591,5592,7799";"5585,5595,5603,5621,7783,7784,5622,5623,5624,5193,5194,5196,5609,5612,7797,7798,5575,5577,5589,5591,5592,7799";"1"
"A";"";"1156";"DIREITO DO CONSUMIDOR";"";"6220,7771,11810,11811,11812,11864,11865,11866,11868,11974,12930,15048,7767,7768,7769,7770,7779,7780,11867,14925,6226,7781,12042,4862,6233,7617,7618,7619,7620,7621,7752,7760,7761,7772,7773,7774,7775,7776,11808,11809,11860,11861,4829,4830,4831,4832,7748,12222,12223,12224,12225,7626,7627,10598,10945,11806,11807,14757,14758,14926,15546,11814,11815,12931,12932";"6220,7771,11810,11811,11812,11864,11865,11866,11974,12930,15048,7767,7768,7769,7770,7779,7780,11867,14925,6226,7781,12042,4862,6233,7617,7618,7619,7620,7621,7752,7760,7761,7772,7773,7774,7775,7776,11808,11809,11860,11861,4829,4830,4831,4832,7748,12222,12223,12224,12225,7626,7627,10598,10945,11806,11807,14757,14758,14926,15546,11814,11815,12931,12932";"1"
"A";"";"1209";"DIREITO PROCESSUAL PENAL";"";"4263,4291,4305,4310,4355,4368,7928,7929,7937,7942,7945,10604,10632,10904,10912,11703,12158,12159,14880,14935,15033,15056,4264,4271,4272,7935,10630,10640,10902,10925,12027,10599,10600,10601,10865,10866,10867,10890,10602,10603,10691,10926,14238,10631,10897,10898,10899,10900,10909,7940,7941,4370,4371,10935,7790,7791,7792,7793,10641,10908,12730,12731,12732,7785,7786,7787,7788,7789,10635,10636,10637,10906,10907,14928,14929,14930,14931,14932,14933,14934,10864,7794,7795,10605,10606,10607,10608,10609,10610,12640,14124,14875,14876,14877,14878,14879,10913,10914,11984,10891,11704,11705,14881,14882,14957,14958,14959,14960,15034,15035,15036,15037,15038,15039,15040,15041,15042,15043,15044";"4263,4291,4305,4310,4355,4368,7928,7929,7937,7942,7945,10604,10632,10904,10912,11703,12159,14880,14935,15033,15056,4264,4271,4272,7935,10630,10640,10902,10925,12027,10599,10600,10601,10865,10866,10867,10890,10602,10603,10691,10926,14238,10631,10897,10898,10899,10900,10909,7940,7941,4370,4371,10935,7790,7791,7792,7793,10641,10908,12730,12731,12732,7785,7786,7787,7788,7789,10635,10636,10637,10906,10907,14928,14929,14930,14931,14932,14933,14934,10864,7794,7795,10605,10606,10607,10608,10609,10610,12640,14124,14875,14876,14877,14878,14879,10913,10914,11984,10891,11704,11705,14881,14882,14957,14958,14959,14960,15034,15035,15036,15037,15038,15039,15040,15041,15042,15043,15044";"1"
"A";"2020-11-05 16:55:58";"1695";"Direito Coletivo do Trabalho";"864.0";"4435,4438,12949,12964,12981,13013,13016,13021,13044,13617,13618,13406,13483,13531,13048,13235,13481,13509,13345,13347,13510,13563,13063,13105,13128,13155,13179,13276,13280,13619,13623,13370,13371,13372,13550,13551,13426,13456,13489,13477,13557,13620,13621,13622,14116,13624,13625,13299,13346,13428,13528";"4435,4438,12949,12964,12981,13013,13016,13021,13044,13617,13618,13406,13483,13531,13048,13235,13481,13509,13345,13347,13510,13563,13063,13105,13128,13155,13179,13276,13280,13619,13623,13370,13371,13372,13550,13551,13426,13456,13489,13477,13557,13620,13621,13622,14116,13624,13625,13299,13346,13428,13528";"2"
"A";"";"2055";"Gratificação";"2581.0";"8817,8818,13443,13444,13445,13446,13448,13449,13450,13457,13490";"";"3"
"A";"";"3369";"Crimes contra a vida";"287.0";"3370,3371,3372,3373,3375,10915,12091,12130,15177,10917,10918,10919";"3370,3371,3372,3373,3375,10915,12091,12130,15177,10917,10918,10919";"2"
"A";"";"3370";"Homicídio Simples";"3369.0";"";"";"3"
"A";"";"3371";"Homicídio Privilegiado";"3369.0";"";"";"3"
"A";"";"3372";"Homicídio Qualificado";"3369.0";"";"";"3"
"A";"";"3373";"Induzimento, Instigação ou Auxílio a Suicídio";"3369.0";"";"";"3"
"A";"";"3375";"Infanticídio";"3369.0";"";"";"3"
"A";"";"3385";"Lesão Corporal";"287.0";"3386,3387,5556,5557,5558,5560,14943,12194,12195";"3386,3387,5556,5557,5558,5560,14943,12194,12195";"2"
"A";"";"3386";"Leve";"3385.0";"";"";"3"
"A";"";"3387";"Seguida de Morte";"3385.0";"";"";"3"
"A";"2021-05-28 14:01:47";"3388";"Periclitação da Vida e da Saúde";"287.0";"3389,3390,3391,3392,5911,10508,10509,14690";"3389,3390,3391,3392,5911,10508,10509,14690";"2"
"A";"";"3389";"Perigo de contágio de moléstia grave";"3388.0";"";"";"3"
"A";"";"3390";"Perigo para a vida ou saúde de outrem";"3388.0";"";"";"3"
"A";"";"3391";"Abandono de incapaz";"3388.0";"";"";"3"
"A";"";"3392";"Omissão de socorro";"3388.0";"";"";"3"
"A";"";"3393";"Rixa";"287.0";"";"";"2"
"A";"";"3394";"Crimes contra a Honra";"287.0";"3395,3396,3397,12542,12543,12544,14100,14101,14102,14103,14104,14105,14106,14107,15126";"3395,3396,3397,12542,12543,12544,14100,14101,14102,14103,14104,14105,14106,14107,15126";"2"
"A";"";"3395";"Calúnia";"3394.0";"";"";"3"
"A";"";"3396";"Difamação";"3394.0";"";"";"3"
"A";"";"3397";"Injúria";"3394.0";"12542,12543,12544,14100,14101,14102,14103,14104,14105,14106,14107,15126";"12542,12543,12544,14100,14101,14102,14103,14104,14105,14106,14107,15126";"3"
"A";"";"3400";"Crimes contra a liberdade pessoal";"287.0";"3401,3402,3403,3404,14659,14665,14684,14942,15482,15483,14660,14661,14662,14663,14664,14666,14667,14668,14669,14670";"3401,3402,3403,3404,14659,14665,14684,14942,15482,15483,14660,14661,14662,14663,14664,14666,14667,14668,14669,14670";"2"
"A";"";"3401";"Constrangimento ilegal ";"3400.0";"";"";"3"
"A";"";"3402";"Ameaça ";"3400.0";"";"";"3"
"A";"";"3403";"Seqüestro e cárcere privado ";"3400.0";"";"";"3"
"A";"";"3404";"Redução a condição análoga à de escravo ";"3400.0";"";"";"3"
"A";"";"3405";"Crimes contra a inviolabilidade de domicílio";"287.0";"3406";"3406";"2"
"A";"";"3406";"Violação de domicílio ";"3405.0";"";"";"3"
"A";"";"3407";"Crimes contra a inviolabilidade de correspondência";"287.0";"3408,3409,3410,3411";"3408,3409,3410,3411";"2"
"A";"";"3408";"Violação de correspondência ";"3407.0";"";"";"3"
"A";"";"3409";"Sonegação ou destruição de correspondência ";"3407.0";"";"";"3"
"A";"";"3410";"Violação de comunicação telegráfica, radioelétrica ou telefônica ";"3407.0";"";"";"3"
"A";"";"3411";"Violação de Correspondência comercial ";"3407.0";"";"";"3"
"A";"";"3412";"Crimes contra a inviolabilidade de segredo";"287.0";"3413,3414,11978";"3413,3414,11978";"2"
"A";"";"3413";"Divulgação de segredo ";"3412.0";"";"";"3"
"A";"";"3414";"Violação do segredo profissional ";"3412.0";"";"";"3"
"A";"";"3415";"Crimes contra o Patrimônio";"287.0";"3416,3417,3418,3419,3420,3421,3422,3423,3424,3425,3426,3427,3428,3429,3430,3431,3432,3433,3434,3435,3436,3437,5564,5565,5566,5567,5568,5569,5570,5571,5572,5573,5835,5836,5837,5838,5839,5840,5841,5842,5843,5844,5845,5846,5847,11959,14692,14698,15410,15623";"3416,3417,3418,3419,3420,3421,3422,3423,3424,3425,3426,3427,3428,3429,3430,3431,3432,3433,3434,3435,3436,3437,5564,5565,5566,5567,5568,5569,5570,5571,5572,5573,5835,5836,5837,5838,5839,5840,5841,5842,5843,5844,5845,5846,5847,11959,14692,14698,15410,15623";"2"
"A";"";"3416";"Furto ";"3415.0";"";"";"3"
"A";"";"3417";"Furto Qualificado ";"3415.0";"";"";"3"
"A";"";"3418";"Furto de coisa comum ";"3415.0";"";"";"3"
"A";"";"3419";"Roubo ";"3415.0";"";"";"3"
"A";"";"3420";"Extorsão ";"3415.0";"";"";"3"
"A";"";"3421";"Extorsão mediante seqüestro ";"3415.0";"";"";"3"
"A";"";"3422";"Extorsão indireta";"3415.0";"";"";"3"
"A";"";"3423";"Alteração de limites ";"3415.0";"";"";"3"
"A";"";"3424";"Usurpação de águas ";"3415.0";"";"";"3"
"A";"";"3425";"Esbulho possessório";"3415.0";"";"";"3"
"A";"";"3426";"Dano";"3415.0";"";"";"3"
"A";"";"3427";"Introdução ou abandono de animais em propriedade alheia";"3415.0";"";"";"3"
"A";"";"3428";"Dano em coisa de valor artístico, arqueológico ou histórico";"3415.0";"";"";"3"
"A";"";"3429";"Alteração de local especialmente protegido";"3415.0";"";"";"3"
"A";"";"3430";"Apropriação indébita Previdenciária ";"3415.0";"";"";"3"
"A";"";"3431";"Estelionato";"3415.0";"";"";"3"
"A";"";"3432";"Estelionato Majorado ";"3415.0";"";"";"3"
"A";"";"3433";"Outras fraudes";"3415.0";"";"";"3"
"A";"";"3434";"Fraude à execução ";"3415.0";"";"";"3"
"A";"";"3435";"Receptação";"3415.0";"";"";"3"
"A";"";"3436";"Apropriação indébita";"3415.0";"";"";"3"
"A";"";"3437";"Apropriação de Coisa Havida por Erro, Caso Fortuito ou Força da Natureza";"3415.0";"";"";"3"
"A";"";"3438";"Crimes contra a Propriedade Industrial";"3603.0";"5878,5879,5880,5881,5882,5883";"5878,5879,5880,5881,5882,5883";"3"
"A";"";"3442";"Crimes contra a Propriedade Intelectual";"287.0";"3443";"3443";"2"
"A";"";"3443";"Violação de direito autoral";"3442.0";"";"";"3"
"A";"";"3445";"Crimes contra a Organização do Trabalho";"287.0";"3446,3447,3448,3449,3450,3451,3452,3453,3454,3455,3456";"3446,3447,3448,3449,3450,3451,3452,3453,3454,3455,3456";"2"
"A";"";"3446";"Atentado contra a liberdade de trabalho";"3445.0";"";"";"3"
"A";"";"3447";"Atentado contra a liberdade de contrato de trabalho e boicotagem violenta";"3445.0";"";"";"3"
"A";"";"3448";"Atentado contra a liberdade de associação";"3445.0";"";"";"3"
"A";"";"3449";"Paralisação de trabalho, seguida de violência ou perturbação da ordem";"3445.0";"";"";"3"
"A";"";"3450";"Paralisação de trabalho de interesse coletivo";"3445.0";"";"";"3"
"A";"";"3451";"Invasão de estabelecimento industrial, comercial ou agrícola. Sabotagem";"3445.0";"";"";"3"
"A";"";"3452";"Frustração de direitos assegurados por lei trabalhista";"3445.0";"";"";"3"
"A";"";"3453";"Exercício de atividade com infração de decisão administrativa ";"3445.0";"";"";"3"
"A";"";"3454";"Aliciamento para fins de emigração";"3445.0";"";"";"3"
"A";"";"3455";"Aliciamento de trabalhadores de um local para outro do território nacional";"3445.0";"";"";"3"
"A";"";"3456";"Frustração de lei sobre a nacionalização do trabalho ";"3445.0";"";"";"3"
"A";"";"3457";"Crimes contra o sentimento religioso e contra o respeito aos mortos";"287.0";"3458,3459,3460,3461,3462";"3458,3459,3460,3461,3462";"2"
"A";"";"3458";"Destruição / Subração / Ocultação de Cadáver";"3457.0";"";"";"3"
"A";"";"3459";"Impedimento ou Perturbação de Cerimônia Funerária";"3457.0";"";"";"3"
"A";"";"3460";"Vilipêndio a Cadáver";"3457.0";"";"";"3"
"A";"";"3461";"Violação a Sepultura ";"3457.0";"";"";"3"
"A";"";"3462";"Ultraje / Impedimento ou Perturbação de Culto Religioso";"3457.0";"";"";"3"
"A";"2010-03-05 10:38:50";"3463";"Crimes contra a Dignidade Sexual";"287.0";"3465,3466,3467,3468,3469,3471,5850,5851,5852,5853,5854,5855,5856,11416,11417,11418,11419,11420,11421,11422,12397,12398,14703,14704,14705,14706";"3465,3466,3467,3468,3471,5850,5851,5852,5853,5854,5855,5856,11416,11417,11418,11419,11420,11421,11422,12397,12398,14703,14704,14705,14706";"2"
"A";"";"3465";"Estupro ";"3463.0";"";"";"3"
"A";"";"3466";"Atentado Violento ao Pudor ";"3463.0";"";"";"3"
"A";"";"3467";"Atentado ao Pudor Mediante Fraude";"3463.0";"";"";"3"
"A";"";"3468";"Corrupção de Menores";"3463.0";"";"";"3"
"A";"";"3471";"Mediação para Servir a Lascívia de Outrem ";"3463.0";"";"";"3"
"A";"";"3472";"Crimes contra a Família";"287.0";"3473,3477,3484,3488,3474,3475,3476,3479,3480,3481,3482,3483,3485,3486,3487,3489,3490";"3473,3477,3484,3488,3474,3475,3476,3479,3480,3481,3482,3483,3485,3486,3487,3489,3490";"2"
"A";"";"3473";"Crimes Contra a Assistência Familiar";"3472.0";"3474,3475,3476";"3474,3475,3476";"3"
"A";"";"3474";"Abandono Material";"3473.0";"";"";"4"
"A";"";"3475";"Abandono Intelectual";"3473.0";"";"";"4"
"A";"";"3476";"Entrega de Filho Menor a Pessoa Inidônea";"3473.0";"";"";"4"
"A";"";"3477";"Crimes contra o Casamento";"3472.0";"3479,3480,3481,3482,3483";"3479,3480,3481,3482,3483";"3"
"A";"";"3479";"Bigamia";"3477.0";"";"";"4"
"A";"";"3480";"Conhecimento Prévio de Impedimento ";"3477.0";"";"";"4"
"A";"";"3481";"Induzimento a erro essencial e ocultação de impedimento";"3477.0";"";"";"4"
"A";"";"3482";"Simulação de Casamento";"3477.0";"";"";"4"
"A";"";"3483";"Simulação de Autoridade para Celebração de Casamento";"3477.0";"";"";"4"
"A";"";"3484";"Crimes Contra o Estado de Filiação";"3472.0";"3485,3486,3487";"3485,3486,3487";"3"
"A";"";"3485";"Parto Suposto ";"3484.0";"";"";"4"
"A";"";"3486";"Registro de Nascimento Inexistente";"3484.0";"";"";"4"
"A";"";"3487";"Sonegação do Estado de Filiação";"3484.0";"";"";"4"
"A";"";"3488";"Crime contra o Pátrio-Poder e Tutela";"3472.0";"3489,3490";"3489,3490";"3"
"A";"";"3489";"Induzimento a Fuga, Entrega Arbitrária ou Sonegação de Incapazes";"3488.0";"";"";"4"
"A";"";"3490";"Subtração de Incapazes ";"3488.0";"";"";"4"
"A";"";"3491";"Crimes contra a Incolumidade Pública";"287.0";"3492,3493,3494,3495,3496,3497,3498,3500,3501,3502,3503,3504,3505,3506,3507,3508,3509,3510,3511,3512,3513,3514,3515,3516,3517,3519,5862,5866,5867,11958,11961,11963,11966,11967,11969,11972";"3492,3493,3494,3495,3496,3497,3498,3500,3501,3502,3503,3504,3505,3506,3507,3508,3509,3510,3511,3512,3513,3514,3515,3516,3517,3519,5862,5866,5867,11958,11961,11963,11966,11967,11969,11972";"2"
"A";"";"3492";"Incêndio";"3491.0";"";"";"3"
"A";"";"3493";"Explosão ";"3491.0";"";"";"3"
"A";"";"3494";"Uso de gás tóxico ou asfixiante ";"3491.0";"";"";"3"
"A";"";"3495";"Inundação / Perigo de Inundação";"3491.0";"";"";"3"
"A";"";"3496";"Desabamento ou desmoronamento";"3491.0";"";"";"3"
"A";"";"3497";"Subtração, ocultação ou inutilização de material de salvamento";"3491.0";"";"";"3"
"A";"";"3498";"Difusão de doença ou praga";"3491.0";"";"";"3"
"A";"";"3500";"Desastre ferroviário / Perigo de Desastre Ferroviário";"3491.0";"";"";"3"
"A";"";"3501";"Atentado contra a segurança de transporte público";"3491.0";"";"";"3"
"A";"";"3502";"Arremesso de projétil";"3491.0";"";"";"3"
"A";"";"3503";"Atentado contra a segurança de serviços de utilidade pública ";"3491.0";"";"";"3"
"A";"";"3504";"Interrupção /perturbação de serviços telegráficos/telefônicos";"3491.0";"";"";"3"
"A";"";"3505";"Epidemia ";"3491.0";"";"";"3"
"A";"";"3506";"Emprego de Processo Proibido/Substância não permitida";"3491.0";"";"";"3"
"A";"";"3507";"Invólucro ou recipiente com falsa indicação ";"3491.0";"";"";"3"
"A";"";"3508";"Falsificação / Corrupção / Adulteração / Alteração de produto destinado a fins terapêuticos ou medicinais";"3491.0";"";"";"3"
"A";"";"3509";"Exercício Ilegal da Medicina, Arte Dentária ou Farmacêutica";"3491.0";"";"";"3"
"A";"";"3510";"Charlatanismo ";"3491.0";"";"";"3"
"A";"";"3511";"Corrupção ou Poluição de Água Potável";"3491.0";"";"";"3"
"A";"";"3512";"Curandeirismo ";"3491.0";"";"";"3"
"A";"";"3513";"Envenenamento de Água Potável / Substância Alimentícia ou Medicinal";"3491.0";"";"";"3"
"A";"";"3514";"Falsificação / Corrupção / Adulteração / Alteração de Substância ou Produtos Alimentícios";"3491.0";"";"";"3"
"A";"";"3515";"Infração de Medida Sanitária Preventiva";"3491.0";"";"";"3"
"A";"";"3516";"Omissão de Notificação de Doença";"3491.0";"";"";"3"
"A";"";"3517";"Outras Substâncias Nocivas a Saúde Pública ";"3491.0";"";"";"3"
"A";"";"3519";"Substância Destinada à Falsificação";"3491.0";"";"";"3"
"A";"";"3520";"Crimes contra a Paz Pública";"287.0";"3521,5869,5870,14685,14689";"3521,5869,5870,14685,14689";"2"
"A";"";"3521";"Quadrilha ou Bando";"3520.0";"";"";"3"
"A";"";"3523";"Crimes contra a Fé Pública";"287.0";"3524,3527,3528,3529,3530,3531,3532,3533,3534,3535,3536,3537,3538,3539,3540,3541,3542,3543,3545,3546,10992,10993,10994,10995,10996,10998,11004,11005,11006,11007,14731,10997";"3524,3527,3528,3529,3530,3531,3532,3533,3534,3535,3536,3537,3538,3539,3540,3541,3542,3543,3545,3546,10992,10993,10994,10995,10998,11004,11005,11006,11007,14731";"2"
"A";"";"3524";"Moeda Falsa / Assimilados";"3523.0";"";"";"3"
"A";"";"3527";"Petrechos para falsificação de moeda ";"3523.0";"";"";"3"
"A";"";"3528";"Emissão de título ao portador sem permissão legal ";"3523.0";"";"";"3"
"A";"";"3529";"Falsificação de papéis públicos ";"3523.0";"";"";"3"
"A";"";"3530";"Falsificação do selo ou sinal público ";"3523.0";"";"";"3"
"A";"";"3531";"Falsificação de documento público";"3523.0";"";"";"3"
"A";"2009-05-28 17:07:03";"3532";"Falsificação de documento particular ";"3523.0";"";"";"3"
"A";"";"3533";"Falsidade ideológica ";"3523.0";"";"";"3"
"A";"";"3534";"Falso reconhecimento de firma ou letra";"3523.0";"";"";"3"
"A";"";"3535";"Certidão ou atestado ideologicamente falso ";"3523.0";"";"";"3"
"A";"";"3536";"Falsidade material de atestado ou certidão ";"3523.0";"";"";"3"
"A";"";"3537";"Falsidade de atestado médico ";"3523.0";"";"";"3"
"A";"";"3538";"Reprodução ou adulteração de selo ou peça filatélica ";"3523.0";"";"";"3"
"A";"";"3539";"Uso de documento falso ";"3523.0";"";"";"3"
"A";"";"3540";"Supressão de documento ";"3523.0";"";"";"3"
"A";"";"3541";"Falsificação do sinal empregado no contraste de metal precioso ou na fiscalização alfandegária, ou para outros fins ";"3523.0";"";"";"3"
"A";"";"3542";"Falsa identidade ";"3523.0";"";"";"3"
"A";"";"3543";"Fraude de lei sobre estrangeiros";"3523.0";"";"";"3"
"A";"";"3545";"Petrechos de Falsificação de Papéis Públicos";"3523.0";"";"";"3"
"A";"";"3546";"Adulteração de Sinal Identificador de Veículo Automotor";"3523.0";"";"";"3"
"A";"";"3547";"Crimes Praticados por Funcionários Públicos Contra a Administração em Geral";"287.0";"3548,3550,3551,3552,3553,3554,3555,3556,3557,3558,3559,3560,3561,3562,3563,3564,3596,3597,10982";"3548,3550,3551,3552,3553,3554,3555,3556,3557,3558,3559,3560,3561,3562,3563,3564,3596,3597,10982";"2"
"A";"";"3548";"Peculato";"3547.0";"";"";"3"
"A";"";"3550";"Peculato mediante erro de outrem";"3547.0";"";"";"3"
"A";"";"3551";"Extravio, sonegação ou inutilização de livro ou documento ";"3547.0";"";"";"3"
"A";"";"3552";"Emprego irregular de verbas ou rendas públicas ";"3547.0";"";"";"3"
"A";"";"3553";"Concussão ";"3547.0";"";"";"3"
"A";"";"3554";"Excesso de exação ";"3547.0";"";"";"3"
"A";"";"3555";"Corrupção passiva ";"3547.0";"";"";"3"
"A";"";"3556";"Facilitação de contrabando ou descaminho ";"3547.0";"";"";"3"
"A";"";"3557";"Prevaricação";"3547.0";"";"";"3"
"A";"";"3558";"Condescendência criminosa";"3547.0";"";"";"3"
"A";"";"3559";"Advocacia administrativa ";"3547.0";"";"";"3"
"A";"";"3560";"Violência arbitrária ";"3547.0";"";"";"3"
"A";"";"3561";"Abandono de função ";"3547.0";"";"";"3"
"A";"";"3562";"Exercício funcional ilegalmente antecipado ou prolongado ";"3547.0";"";"";"3"
"A";"";"3563";"Violação do sigilo funcional ";"3547.0";"";"";"3"
"A";"";"3564";"Violação do sigilo de proposta de concorrência ";"3547.0";"";"";"3"
"A";"";"3565";"Usurpação de função pública ";"5872.0";"";"";"3"
"A";"";"3566";"Resistência ";"5872.0";"";"";"3"
"A";"";"3567";"Tráfico de influência ";"5872.0";"";"";"3"
"A";"";"3568";"Corrupção ativa ";"5872.0";"";"";"3"
"A";"";"3569";"Impedimento, perturbação ou fraude de concorrência";"5872.0";"";"";"3"
"A";"";"3570";"Inutilização de edital ou de sinal ";"5872.0";"";"";"3"
"A";"";"3571";"Subtração ou inutilização de livro ou documento ";"5872.0";"";"";"3"
"A";"";"3572";"Desobediência ";"5872.0";"";"";"3"
"A";"";"3573";"Desacato ";"5872.0";"";"";"3"
"A";"";"3574";"Contrabando ou descaminho ";"5872.0";"";"";"3"
"A";"";"3575";"Reingresso de estrangeiro expulso ";"5874.0";"";"";"3"
"A";"";"3576";"Denunciação caluniosa ";"5874.0";"";"";"3"
"A";"";"3577";"Comunicação falsa de crime ou de contravenção ";"5874.0";"";"";"3"
"A";"";"3578";"Auto-acusação falsa";"5874.0";"";"";"3"
"A";"";"3579";"Falso testemunho ou falsa perícia ";"5874.0";"";"";"3"
"A";"";"3580";"Coação no curso do processo ";"5874.0";"";"";"3"
"A";"";"3581";"Exercício arbitrário das próprias razões ";"5874.0";"";"";"3"
"A";"";"3582";"Fraude processual";"5874.0";"";"";"3"
"A";"";"3583";"Favorecimento pessoal ";"5874.0";"";"";"3"
"A";"";"3584";"Favorecimento real ";"5874.0";"";"";"3"
"A";"";"3585";"Exercício arbitrário ou abuso de poder ";"5874.0";"";"";"3"
"A";"";"3586";"Fuga de pessoa presa ou submetida a medida de segurança ";"5874.0";"";"";"3"
"A";"";"3587";"Evasão mediante violência contra a pessoa ";"5874.0";"";"";"3"
"A";"";"3588";"Arrebatamento de preso ";"5874.0";"";"";"3"
"A";"";"3589";"Motim de presos ";"5874.0";"";"";"3"
"A";"";"3590";"Patrocínio infiel ";"5874.0";"";"";"3"
"A";"";"3591";"Patrocínio simultâneo ou tergiversação ";"5874.0";"";"";"3"
"A";"";"3592";"Sonegação de papel ou objeto de valor probatório ";"5874.0";"";"";"3"
"A";"";"3593";"Exploração de prestígio ";"5874.0";"";"";"3"
"A";"";"3594";"Violência ou fraude em arrematação judicial";"5874.0";"";"";"3"
"A";"";"3595";"Desobediência a decisão judicial sobre perda ou suspensão de direitos ";"5874.0";"";"";"3"
"A";"";"3596";"Inserção de dados falsos em sistema de informações ";"3547.0";"";"";"3"
"A";"";"3597";"Modificação ou alteração não autorizada de sistema de informações ";"3547.0";"";"";"3"
"A";"";"3598";"Sonegação de contribuição previdenciária ";"5872.0";"";"";"3"
"A";"";"3603";"Crimes Previstos na Legislação Extravagante";"287.0";"3438,3604,3605,3606,3607,3609,3610,3611,3612,3613,3614,3615,3616,3617,3618,3628,3629,3630,3631,3632,3633,3634,3637,3638,3640,3641,3642,3643,3647,3650,3651,3653,3654,3655,3656,3659,3660,3661,3664,5893,10985,11410,11895,12008,12011,12013,12015,12017,12019,12021,12023,12025,14226,14697,15072,15127,15179,15397,15403,15406,5878,5879,5880,5881,5882,5883,3608,5885,5894,5895,5896,5897,5898,5899,5900,5901,10987,10523,3619,3620,3621,3622,3623,3624,3626,3627,10514,10515,10516,10986,11780,14779,14780,14781,14782,14783,14784,14785,14786,14787,14788,14789,14790,14791,14792,14793,14794,14795,14796,14797,14798,14799,14803,14804,14805,14800,14801,14802,15434,15435,15436,15437,15438,15439,15440,15441,15442,15443,15444,15445,15446,15447,15448,15449,15450,15451,15452,15453,15454,15455,15456,10747,10748,10749,10750,10751,10752,10753,10754,10755,10756,10815,10816,10817,10818,10819,10820,10821,10822,10823,10824,10825,10826,10827,10830,10831,10832,10833,10834,10835,10836,10837,10838,10839,10840,10841,10843,10844,10852,10850,10851,10845,10846,10842,10847,10848,10849,14227,15128,15129,15130,15131,15132,15180,15401";"3438,3604,3605,3606,3607,3609,3610,3612,3614,3615,3616,3617,3618,3628,3629,3630,3631,3632,3633,3634,3637,3638,3640,3641,3642,3643,3647,3650,3651,3653,3654,3655,3656,3659,3660,3661,5893,10985,11410,11895,12008,12011,12013,12015,12017,12019,12021,12023,14226,15072,15127,15179,15397,15403,15406,5878,5879,5880,5881,5882,5883,3608,5885,5894,5895,5896,5897,5898,5899,5900,5901,10987,10523,3619,3620,3621,3622,3623,3624,3626,3627,10514,10515,10516,10986,11780,14779,14780,14781,14782,14783,14784,14785,14786,14787,14788,14789,14790,14791,14792,14793,14794,14795,14796,14797,14798,14799,14803,14804,14805,14800,14801,14802,15434,15435,15436,15437,15438,15439,15440,15441,15442,15443,15444,15445,15446,15447,15448,15449,15450,15451,15452,15453,15454,15455,15456,10747,10748,10749,10750,10751,10752,10753,10754,10755,10756,10815,10816,10817,10818,10819,10820,10821,10822,10823,10824,10825,10826,10827,14227,15128,15129,15130,15131,15132,15180,15401";"2"
"A";"";"3604";"Crimes de Responsabilidade";"3603.0";"";"";"3"
"A";"";"3605";"Crimes contra a Economia Popular";"3603.0";"";"";"3"
"A";"2024-07-31 09:45:49";"3606";"Crimes de Abuso de Autoridade (Lei 4.898/1965)";"3603.0";"";"";"3"
"A";"";"3607";"Crimes de Tráfico Ilícito e Uso Indevido de Drogas";"3603.0";"3608,5885,5894,5895,5896,5897,5898,5899,5900,5901,10987,10523";"3608,5885,5894,5895,5896,5897,5898,5899,5900,5901,10987,10523";"3"
"A";"";"3608";"Tráfico de Drogas e Condutas Afins";"3607.0";"";"";"4"
"A";"";"3609";"Responsabilidade Criminal por Danos Nucleares";"3603.0";"";"";"3"
"A";"";"3610";"Crimes contra o Serviço Postal e o Serviço de Telegrama";"3603.0";"";"";"3"
"A";"";"3612";"Crimes contra o Sistema Financeiro Nacional";"3603.0";"";"";"3"
"A";"";"3614";"Crimes contra a Ordem Tributária";"3603.0";"";"";"3"
"A";"";"3615";"Crimes contra a Ordem Econômica";"3603.0";"";"";"3"
"A";"";"3616";"Crimes contra as Relações de Consumo";"3603.0";"";"";"3"
"A";"";"3617";"Representação caluniosa";"3603.0";"";"";"3"
"A";"";"3618";"Crimes contra o Meio Ambiente e o Patrimônio Genético";"3603.0";"3619,3620,3621,3622,3623,3624,3626,3627,10514,10515,10516,10986,11780,14779,14780,14781,14782,14783,14784,14785,14786,14787,14788,14789,14790,14791,14792,14793,14794,14795,14796,14797,14798,14799,14803,14804,14805,14800,14801,14802";"3619,3620,3621,3622,3623,3626,10514,10515,10516,10986,11780,14779,14780,14781,14782,14783,14784,14785,14786,14787,14788,14789,14790,14791,14792,14793,14794,14795,14796,14797,14798,14799,14803,14804,14805,14800,14801,14802";"3"
"A";"";"3619";"Crimes contra a Fauna";"3618.0";"14779,14780,14781,14782,14783,14784,14785";"14779,14780,14781,14782,14783,14784,14785";"4"
"A";"";"3620";"Crimes contra a Flora";"3618.0";"14786,14787,14788,14789,14790,14791,14792,14793";"14786,14787,14788,14789,14790,14791,14792,14793";"4"
"A";"2021-09-29 10:48:34";"3621";"Poluição";"3618.0";"14794,14795,14796,14797,14798,14799";"14794,14795,14796,14797,14798,14799";"4"
"A";"";"3622";"Agrotóxicos ";"3618.0";"";"";"4"
"A";"";"3623";"Atividades Nucleares ";"3618.0";"14803,14804,14805";"14803,14804,14805";"4"
"A";"2021-09-29 11:31:50";"3626";"Liberação ou Descarte de OGM (Organismo Geneticamente Modificado) - Biossegurança";"3618.0";"";"";"4"
"A";"";"3628";"Crimes de &quot;Lavagem&quot; ou Ocultação de Bens, Direitos ou Valores";"3603.0";"";"";"3"
"A";"";"3629";"Crimes contra as Telecomunicações";"3603.0";"";"";"3"
"A";"";"3630";"Crimes Previstos na Lei de Estrangeiros";"3603.0";"";"";"3"
"A";"";"3631";"Crimes de Tortura";"3603.0";"";"";"3"
"A";"";"3632";"Crimes de Trânsito";"3603.0";"";"";"3"
"A";"";"3633";"Crimes do Sistema Nacional de Armas";"3603.0";"";"";"3"
"A";"";"3634";"Crimes de Imprensa";"3603.0";"";"";"3"
"A";"";"3637";"Crimes Previstos no Estatuto da criança e do adolescente";"3603.0";"15434,15435,15436,15437,15438,15439,15440,15441,15442,15443,15444,15445,15446,15447,15448,15449,15450,15451,15452,15453,15454,15455,15456";"15434,15435,15436,15437,15438,15439,15440,15441,15442,15443,15444,15445,15446,15447,15448,15449,15450,15451,15452,15453,15454,15455,15456";"3"
"A";"";"3638";"Crimes contra o mercado de capitais";"3603.0";"";"";"3"
"A";"";"3640";"Crimes de genocídio";"3603.0";"";"";"3"
"A";"";"3641";"Sigilo Telefônico";"3603.0";"";"";"3"
"A";"";"3642";"Crimes da Lei de licitações";"3603.0";"";"";"3"
"A";"";"3643";"Crimes da Lei de remoção de órgãos e tecidos";"3603.0";"";"";"3"
"A";"";"3647";"Crimes praticados contra os índios e a cultura indígena";"3603.0";"";"";"3"
"A";"";"3650";"Recusa, retardamento ou omissão de dados técnicos indispensáveis à propositura de Ação Civil Pública";"3603.0";"";"";"3"
"A";"";"3651";"Crimes Agrários";"3603.0";"";"";"3"
"A";"";"3653";"Crimes relacionados à Comissão Parlamentar de Inquérito";"3603.0";"";"";"3"
"A";"";"3654";"Crimes Eleitorais";"3603.0";"10747,10748,10749,10750,10751,10752,10753,10754,10755,10756,10815,10816,10817,10818,10819,10820,10821,10822,10823,10824,10825,10826,10827";"10747,10748,10749,10750,10751,10752,10753,10754,10755,10756,10815,10816,10817,10818,10819,10820,10821,10822,10823,10824,10825,10826,10827";"3"
"A";"";"3655";"Crime de Quebra de Sigilo Financeiro";"3603.0";"";"";"3"
"A";"";"3656";"Crimes do Código Brasileiro de Telecomunicações";"3603.0";"";"";"3"
"A";"";"3659";"Crimes Previstos no Estatuto do Idoso";"3603.0";"";"";"3"
"A";"";"3660";"Parcelamento do solo urbano";"3603.0";"";"";"3"
"A";"";"3661";"Crimes Falimentares";"3603.0";"";"";"3"
"A";"";"3692";"Contravenções Penais";"287.0";"12340,12343,12344,12345,12346,12347,12348,12349,12350,12351,12352,12353,12354,12355,12356,12772,12773,12774,14236";"12340,12343,12344,12345,12346,12347,12348,12349,12350,12351,12352,12353,12354,12355,12356,12772,12773,12774,14236";"2"
"A";"";"4263";"Ação Penal";"1209.0";"4264,4271,4272,7935,10630,10640,10902,10925,12027,10599,10600,10601,10865,10866,10867,10890,10602,10603,10691,10926,14238";"4264,4271,4272,7935,10630,10640,10902,10925,12027,10599,10600,10601,10865,10866,10867,10890,10602,10603,10691,10926,14238";"2"
"A";"";"4264";"Nulidade";"4263.0";"10599,10600,10601,10865,10866,10867,10890";"10599,10600,10601,10865,10866,10867,10890";"3"
"A";"";"4271";"Suspensão";"4263.0";"10602,10603,10691";"10602,10603,10691";"3"
"A";"";"4272";"Trancamento";"4263.0";"";"";"3"
"A";"";"4291";"Jurisdição e Competência";"1209.0";"10631,10897,10898,10899,10900,10909";"10631,10897,10898,10899,10900,10909";"2"
"A";"";"4305";"Recurso";"1209.0";"7940,7941";"7940,7941";"2"
"A";"";"4310";"Fiança";"1209.0";"";"";"2"
"A";"";"4355";"Prisão Preventiva";"1209.0";"";"";"2"
"A";"";"4368";"Denúncia/Queixa";"1209.0";"4370,4371,10935";"4370,4371,10935";"2"
"A";"";"4370";"Recebimento";"4368.0";"";"";"3"
"A";"";"4371";"Rejeição";"4368.0";"";"";"3"
"A";"";"4435";"Aplicabilidade";"1695.0";"";"";"3"
"A";"";"4438";"Anulação";"1695.0";"";"";"3"
"A";"";"4654";"Propriedade Intelectual / Industrial";"10448.0";"4656,4660,4670,4680,10499";"4656,4660,4670,4680,10499";"4"
"A";"";"4656";"Direito Autoral";"4654.0";"";"";"5"
"A";"";"4660";"Patente";"4654.0";"";"";"5"
"A";"";"4670";"Desenho Industrial";"4654.0";"";"";"5"
"A";"";"4680";"Marca";"4654.0";"";"";"5"
"A";"";"4701";"Ato / Negócio Jurídico";"7947.0";"4703,4706";"4703,4706";"3"
"A";"";"4703";"Defeito, nulidade ou anulação";"4701.0";"";"";"4"
"A";"";"4706";"Evicção ou Vicio Redibitório";"4701.0";"";"";"4"
"A";"";"4718";"Cessão de Crédito";"7688.0";"";"";"4"
"A";"";"4728";"Câmbio";"9580.0";"";"";"4"
"A";"";"4794";"Parceria Agrícola e/ou pecuária";"9580.0";"";"";"4"
"A";"";"4805";"Previdência privada";"9580.0";"10590";"10590";"4"
"A";"";"4813";"Representação comercial";"9580.0";"";"";"4"
"A";"";"4829";"Atraso de vôo";"4862.0";"";"";"4"
"A";"";"4830";"Cancelamento de vôo";"4862.0";"";"";"4"
"A";"";"4831";"Overbooking";"4862.0";"";"";"4"
"A";"";"4832";"Extravio de bagagem";"4862.0";"";"";"4"
"A";"";"4839";"Sistema Financeiro da Habitação";"9580.0";"4840,4841,4842,4843,4846,4847,4854,10588,11804,11805,14237,14735";"4840,4841,4842,4843,4846,4847,4854,10588,11804,11805,14237,14735";"4"
"A";"";"4840";"Equivalência salarial";"4839.0";"";"";"5"
"A";"";"4841";"Quitação";"4839.0";"";"";"5"
"A";"";"4842";"Reajuste de Prestações";"4839.0";"";"";"5"
"A";"";"4843";"Transferência de Financiamento (contrato de gaveta)";"4839.0";"";"";"5"
"A";"";"4846";"Sustação/Alteração de Leilão";"4839.0";"";"";"5"
"A";"";"4847";"Seguro";"4839.0";"";"";"5"
"A";"";"4854";"Revisão do Saldo Devedor";"4839.0";"";"";"5"
"A";"";"4862";"Transporte Aéreo";"7771.0";"4829,4830,4831,4832,7748";"4829,4830,4831,4832,7748";"3"
"A";"";"4897";"Associação";"9981.0";"4899,4902,4904,9545,9546";"4899,4902,4904,9545,9546";"3"
"A";"";"4899";"Assembléia";"4897.0";"";"";"4"
"A";"";"4902";"Eleição";"4897.0";"";"";"4"
"A";"";"4904";"Extinção";"4897.0";"";"";"4"
"A";"";"4905";"Fundação de Direito Privado";"9981.0";"4907,4909,4910,9547";"4907,4909,4910,9547";"3"
"A";"";"4907";"Assembléia";"4905.0";"";"";"4"
"A";"";"4909";"Eleição";"4905.0";"";"";"4"
"A";"";"4910";"Extinção";"4905.0";"";"";"4"
"A";"";"4933";"Apuração de haveres";"5724.0";"";"";"4"
"A";"";"4934";"Constituição";"5724.0";"";"";"4"
"A";"";"4935";"Dissolução";"5724.0";"";"";"4"
"A";"";"4939";"Desconsideração da Personalidade Jurídica";"5724.0";"";"";"4"
"A";"";"4940";"Ingresso e Exclusão dos Sócios na Sociedade";"5724.0";"";"";"4"
"A";"";"4942";"Responsabilidade dos sócios e administradores";"5724.0";"";"";"4"
"A";"";"4943";"Transferência de cotas";"5724.0";"";"";"4"
"A";"";"4949";"Títulos de Crédito";"7681.0";"4951,4957,9575,14740,14743";"4951,4957,9575,14740";"3"
"A";"";"4951";"Anulação";"4949.0";"";"";"4"
"A";"";"4957";"Requisitos";"4949.0";"";"";"4"
"A";"";"4960";"Cédula de Crédito Bancário";"7717.0";"";"";"4"
"A";"";"4961";"Cédula de Crédito à Exportação";"7717.0";"";"";"4"
"A";"";"4962";"Cédula de Crédito Comercial";"7717.0";"";"";"4"
"A";"";"4963";"Cédula de Crédito Industrial";"7717.0";"";"";"4"
"A";"";"4964";"Cédula de Crédito Rural";"7717.0";"";"";"4"
"A";"";"4968";"Cédula de Produto Rural";"7717.0";"";"";"4"
"A";"";"4969";"Cédula Hipotecária";"7717.0";"";"";"4"
"A";"";"4970";"Cheque";"7717.0";"";"";"4"
"A";"";"4971";"Debêntures";"7717.0";"";"";"4"
"A";"";"4972";"Duplicata";"7717.0";"";"";"4"
"A";"";"4973";"Letra de Câmbio";"7717.0";"";"";"4"
"A";"";"4974";"Nota de Crédito Comercial";"7717.0";"";"";"4"
"A";"";"4975";"Nota de Crédito Industrial";"7717.0";"";"";"4"
"A";"";"4976";"Nota de Crédito Rural";"7717.0";"";"";"4"
"A";"";"4980";"Nota Promissória";"7717.0";"";"";"4"
"A";"";"4981";"Warrant";"7717.0";"";"";"4"
"A";"";"4993";"Recuperação judicial e Falência";"9616.0";"4994,4998,5000,5001,5003,9555,9556,9558,9559,10924,11985";"4994,4998,5000,5001,5003,9555,9556,9558,9559,10924,11985";"3"
"A";"";"4994";"Recuperação extrajudicial";"4993.0";"";"";"4"
"A";"";"4998";"Autofalência";"4993.0";"";"";"4"
"A";"";"5000";"Concurso de Credores";"4993.0";"";"";"4"
"A";"";"5001";"Liquidação";"4993.0";"";"";"4"
"A";"";"5003";"Revogação de atos praticados em prejuízo de credores e da massa";"4993.0";"";"";"4"
"A";"";"5009";"Mercado de Capitais";"9616.0";"5010";"5010";"3"
"A";"";"5010";"Bolsa de Valores";"5009.0";"";"";"4"
"A";"";"5193";"Engajamento e Profissionais Marítimos";"7783.0";"";"";"3"
"A";"";"5194";"Seguros Marítimos";"7783.0";"";"";"3"
"A";"";"5196";"Aluguel de Embarcações (Fretamento E Carta Partida)";"7783.0";"";"";"3"
"A";"";"5555";"Crime Tentado";"287.0";"";"";"2"
"A";"";"5556";"Grave";"3385.0";"";"";"3"
"A";"";"5557";"Gravíssima";"3385.0";"";"";"3"
"A";"";"5558";"Privilegiada";"3385.0";"";"";"3"
"A";"";"5560";"Decorrente de Violência Doméstica";"3385.0";"12194,12195";"12194,12195";"3"
"A";"";"5564";"Furto Privilegiado";"3415.0";"";"";"3"
"A";"";"5565";"Furto de Veículo Automotor a ser Transportado para outro Estado ou Exterior";"3415.0";"";"";"3"
"A";"";"5566";"Roubo Majorado";"3415.0";"";"";"3"
"A";"";"5567";"Latrocínio";"3415.0";"";"";"3"
"A";"";"5568";"Extorsão mediante Seqüestro Seguida de Morte";"3415.0";"";"";"3"
"A";"";"5569";"Extorsão mediante Sequestro Seguida de Lesão Corporal Grave";"3415.0";"";"";"3"
"A";"";"5570";"Supressão ou Alteração de Marca em Animais";"3415.0";"";"";"3"
"A";"";"5571";"Dano Qualificado";"3415.0";"";"";"3"
"A";"";"5572";"Apropriação de Tesouro";"3415.0";"";"";"3"
"A";"";"5573";"Apropriação de Coisa Achada";"3415.0";"";"";"3"
"A";"";"5575";"Abandono";"7784.0";"";"";"3"
"A";"";"5577";"Acidentes da Navegação";"7784.0";"";"";"3"
"A";"";"5585";"Registro / Cadastro do Armador";"1146.0";"";"";"2"
"A";"";"5589";"Arresto de Embarcação";"7784.0";"";"";"3"
"A";"";"5591";"Assistência / Salvamento";"7784.0";"";"";"3"
"A";"";"5592";"Avaria";"7784.0";"";"";"3"
"A";"";"5595";"Responsabilidade do Comandante ou Capitão";"1146.0";"";"";"2"
"A";"";"5603";"Inscrição / Registro da Embarcação";"1146.0";"";"";"2"
"A";"";"5609";"Hipoteca Marítima";"7783.0";"";"";"3"
"A";"";"5612";"Créditos / Privilégios Marítimos";"7783.0";"";"";"3"
"A";"";"5621";"Serviços Auxiliares da Navegação";"1146.0";"5622,5623,5624";"5622,5623,5624";"2"
"A";"";"5622";"Agenciamento";"5621.0";"";"";"3"
"A";"";"5623";"Corretagem de Embarcação";"5621.0";"";"";"3"
"A";"";"5624";"Praticagem";"5621.0";"";"";"3"
"A";"";"5626";"Família";"899.0";"5779,5808,7656,7657,7659,7660,7661,10577,10948,12235,12241,14126,15046,15047,15173,5787,5788,6238,6239,5813,7664,11988,14923,7672,7677,14924,5801,5802,5804,5805,7667,7671,10936,11977,11986,12155,12156,12383,12236,12237,12238,12239,12240,12242,12243,12244,12245";"5779,5808,7656,7659,7660,7661,10577,10948,12235,12241,14126,15046,15047,15173,5787,5788,6238,6239,5813,7664,11988,14923,7672,7677,14924,5801,5802,5804,5805,7667,7671,10936,11977,11986,12155,12156,12383,12236,12237,12238,12239,12240,12242,12243,12244,12245";"2"
"A";"";"5632";"Prescrição e Decadência";"7947.0";"";"";"3"
"A";"";"5680";"Edição";"9580.0";"";"";"4"
"A";"";"5724";"Sociedade ";"9616.0";"4933,4934,4935,4939,4940,4942,4943,9533,9534,9535,9536,9537,9538,9539";"4933,4934,4935,4939,4940,4942,4943,9533,9534,9535,9536,9537,9538,9539";"3"
"A";"";"5754";"Pessoas naturais";"899.0";"7949,9541,9542,9543,15189,15306";"7949,9541,9542,9543,15189,15306";"2"
"A";"";"5779";"Alimentos";"5626.0";"5787,5788,6238,6239";"5787,5788,6238,6239";"3"
"A";"";"5787";"Exoneração";"5779.0";"";"";"4"
"A";"";"5788";"Revisão";"5779.0";"";"";"4"
"A";"";"5801";"Busca e Apreensão de Menores";"10577.0";"";"";"4"
"A";"";"5802";"Guarda";"10577.0";"";"";"4"
"A";"";"5804";"Investigação de Paternidade";"10577.0";"";"";"4"
"A";"";"5805";"Regulamentação de Visitas";"10577.0";"";"";"4"
"A";"";"5808";"Casamento";"5626.0";"5813,7664,11988,14923";"5813,7664,11988,14923";"3"
"A";"";"5813";"Nulidade / Anulação";"5808.0";"";"";"4"
"A";"";"5825";"Nulidade e Anulação de Testamento";"7673.0";"";"";"3"
"A";"";"5829";"Nulidade e Anulação de Partilha e Adjudicação de Herança";"7673.0";"";"";"3"
"A";"";"5831";"Sub-rogação de Vinculo";"7673.0";"";"";"3"
"A";"";"5832";"Exclusão de herdeiro ou legatário";"7673.0";"";"";"3"
"A";"";"5833";"Petição de Herança";"7673.0";"";"";"3"
"A";"";"5834";"Deserdação";"7673.0";"";"";"3"
"A";"";"5835";"Disposição de coisa alheia como própria";"3415.0";"";"";"3"
"A";"";"5836";"Alienação ou Oneração Fraudulenta de Coisa Própria";"3415.0";"";"";"3"
"A";"";"5837";"Defraudação de Penhor";"3415.0";"";"";"3"
"A";"";"5838";"Fraude na Entrega de Coisa";"3415.0";"";"";"3"
"A";"";"5839";"Fraude para Recebimento de Indenização ou Valor de Seguro";"3415.0";"";"";"3"
"A";"";"5840";"Fraude no Pagamento por Meio de Cheque";"3415.0";"";"";"3"
"A";"";"5841";"Duplicata Simulada";"3415.0";"";"";"3"
"A";"";"5842";"Abuso de Incapazes";"3415.0";"";"";"3"
"A";"";"5843";"Induzimento à Especulação";"3415.0";"";"";"3"
"A";"";"5844";"Fraude no Comércio";"3415.0";"";"";"3"
"A";"";"5845";"Fraudes e Abusos na Fundação ou Administração de Sociedade por Ações";"3415.0";"";"";"3"
"A";"";"5846";"Emissão Irregular de Conhecimento de Depósito ou &quot;Warrant&quot;";"3415.0";"";"";"3"
"A";"";"5847";"Receptação Qualificada";"3415.0";"";"";"3"
"A";"";"5850";"Posse Sexual Mediante Fraude";"3463.0";"";"";"3"
"A";"";"5851";"Assédio Sexual";"3463.0";"";"";"3"
"A";"";"5852";"Favorecimento da Prostituição";"3463.0";"";"";"3"
"A";"";"5853";"Casa de Prostituição";"3463.0";"";"";"3"
"A";"";"5854";"Rufianismo";"3463.0";"";"";"3"
"A";"2025-06-12 15:19:03";"5855";"(Fato até 09/08/2009) Tráfico Internacional de Pessoas";"3463.0";"";"";"3"
"A";"2025-06-12 15:25:39";"5856";"(Fato até 09/08/2009) Tráfico Interno de Pessoas";"3463.0";"";"";"3"
"A";"";"5862";"Fabrico / Fornecimento / Aquisição / Posse ou Transporte de Explosivos ou Gás Tóxico ou Asfixiante";"3491.0";"";"";"3"
"A";"";"5865";"Crime Culposo";"287.0";"";"";"2"
"A";"";"5866";"Venda de Produtos ou Substância nas Condições dos Artigos 274 e 275 ";"3491.0";"";"";"3"
"A";"";"5867";"Medicamento em Desacordo com Receita Médica";"3491.0";"";"";"3"
"A";"";"5869";"Incitação ao Crime";"3520.0";"";"";"3"
"A";"";"5870";"Apologia de Crime ou Criminoso";"3520.0";"";"";"3"
"A";"";"5872";"Crimes Praticados por Particular Contra a Administração em Geral";"287.0";"3565,3566,3567,3568,3569,3570,3571,3572,3573,3574,3598,10983";"3565,3566,3567,3568,3569,3570,3571,3572,3573,3574,3598,10983";"2"
"A";"";"5873";"Crimes Praticados por Particular Contra a Administração Pública Estrangeira";"287.0";"5876,5877,10984";"5876,5877,10984";"2"
"A";"";"5874";"Crimes Contra a Administração da Justiça";"287.0";"3575,3576,3577,3578,3579,3580,3581,3582,3583,3584,3585,3586,3587,3588,3589,3590,3591,3592,3593,3594,3595,11797";"3575,3576,3577,3578,3579,3580,3581,3582,3583,3584,3585,3586,3587,3588,3589,3590,3591,3592,3593,3594,3595,11797";"2"
"A";"";"5875";"Crimes Contra as Finanças Públicas";"287.0";"5903,5904,5905,5906,5907,5908,5909,5910,10988,10990,10991,10989";"5903,5904,5905,5906,5907,5908,5909,5910,10990,10991";"2"
"A";"";"5876";"Corrupção Ativa em Transação Comercial Internacional";"5873.0";"";"";"3"
"A";"";"5877";"Tráfico de Influência em Transação Comercial Internacional";"5873.0";"";"";"3"
"A";"";"5878";"Crimes contra Patente de Invenção";"3438.0";"";"";"4"
"A";"";"5879";"Crimes contra os Desenhos Industriais";"3438.0";"";"";"4"
"A";"";"5880";"Crimes contra as Marcas";"3438.0";"";"";"4"
"A";"";"5881";"Crimes Cometidos por Meio de Marca, Título de Estabelecimento e Sinal de Propaganda ";"3438.0";"";"";"4"
"A";"";"5882";"Crimes contra Indicações Geeográficas e Demais Indicações";"3438.0";"";"";"4"
"A";"";"5883";"Crimes de Concorrência Desleal";"3438.0";"";"";"4"
"A";"";"5885";"Posse de Drogas para Consumo Pessoal";"3607.0";"10523";"10523";"4"
"A";"";"5893";"Crime Contra a Administração da Justiça - Lei da Ação de Alimentos ";"3603.0";"";"";"3"
"A";"";"5894";"Fabricação de Objeto Destinado a Produção de Drogas e Condutas Afins ";"3607.0";"";"";"4"
"A";"";"5895";"Indução, Instigação ou Auxílio ao Uso de Drogas";"3607.0";"";"";"4"
"A";"";"5896";"Oferecimento de Drogas para Consumo Conjunto";"3607.0";"";"";"4"
"A";"";"5897";"Associação para a Produção e Tráfico e Condutas Afins";"3607.0";"";"";"4"
"A";"";"5898";"Financiamento ou Custeio de Produção ou Tráfico de Drogas";"3607.0";"";"";"4"
"A";"";"5899";"Colaboração com Grupo, Organização ou Associação Destinados à Produção ou Tráfico de Drogas ";"3607.0";"";"";"4"
"A";"";"5900";"Prescrição Culposa de Drogas";"3607.0";"";"";"4"
"A";"";"5901";"Condução de Embarcação ou Aeronave sob Efeito de Drogas";"3607.0";"";"";"4"
"A";"";"5903";"Contratação de Operação de Crédito";"5875.0";"";"";"3"
"A";"";"5904";"Inscrição de Despesas Não Empenhadas";"5875.0";"";"";"3"
"A";"2009-06-05 08:56:14";"5905";"Assunção de Obrigação no Último Ano do Mandato ou Legislatura";"5875.0";"";"";"3"
"A";"";"5906";"Ordenação de Despesa Não Autorizada";"5875.0";"";"";"3"
"A";"";"5907";"Prestação de Garantia Graciosa";"5875.0";"";"";"3"
"A";"";"5908";"Não Cancelamento de Restos a Pagar";"5875.0";"";"";"3"
"A";"";"5909";"Aumento de Despesa com Pessoal no Último Ano do Mandato ou Legislatura";"5875.0";"";"";"3"
"A";"";"5910";"Oferta Pública ou Colocação de Títulos no Mercado";"5875.0";"";"";"3"
"A";"";"5911";"Perigo de Contágio Venéreo";"3388.0";"";"";"3"
"A";"";"5913";"Limitações ao Poder de Tributar";"14.0";"5914,5915,10540,10527,10528,10529,10530,15001,15002,15003,15004";"5914,5915,10540,10527,10528,10529,10530,15001,15002,15003,15004";"2"
"A";"";"5914";"Imunidade ";"5913.0";"10527,10528,10529,10530";"10527,10528,10529,10530";"3"
"A";"";"5915";"Isenção";"5913.0";"15001,15002,15003,15004";"15001,15002,15003,15004";"3"
"A";"";"5916";"Impostos";"14.0";"5917,5933,5941,5944,5945,5946,5948,5950,5951,5952,5953,5954,5955,10690,15722,5918,5919,5920,5921,5922,5923,5924,5925,5926,5927,5928,5929,5930,5931,5932,10532,10533,10661,10689,14988,14992,14993,14994,14995,15480,14989,5934,5935,5936,5937,5938,5939,5940,14996,5942,5943,14962,10871,10903,10947,14963,14967,14964,14965,14966,14986,14987,5947,10531,10872,5949";"5917,5933,5941,5944,5945,5946,5948,5950,5951,5952,5953,5954,5955,10690,15722,5918,5919,5920,5921,5922,5923,5924,5925,5926,5927,5928,5929,5930,5931,5932,10532,10533,10661,10689,14988,14992,14993,14994,14995,15480,14989,5934,5935,5936,5937,5938,5939,5940,14996,5942,5943,14962,10871,10903,10947,14963,14967,14964,14965,14966,14986,14987,5947,10531,10872,5949";"2"
"A";"";"5917";"IRPF/Imposto de Renda de Pessoa Física";"5916.0";"5918,5919,5920,5921,5922,5923,5924,5925,5926,5927,5928,5929,5930,5931,5932,10532,10533,10661,10689,14988,14992,14993,14994,14995,15480,14989";"5918,5919,5920,5921,5922,5923,5924,5925,5926,5927,5928,5929,5930,5931,5932,10532,10533,10661,10689,14988,14992,14993,14994,14995,15480,14989";"3"
"A";"";"5918";"Incidência sobre PDV";"5917.0";"";"";"4"
"A";"";"5919";"Incidência sobre Aposentadoria";"5917.0";"";"";"4"
"A";"";"5920";"Incidência sobre Aplicações Financeiras";"5917.0";"";"";"4"
"A";"";"5921";"Incidência sobre Licença-Prêmio/Abono/Indenização";"5917.0";"";"";"4"
"A";"";"5922";"Retido na fonte";"5917.0";"";"";"4"
"A";"";"5923";"Incidência sobre Férias Compensadas";"5917.0";"";"";"4"
"A";"";"5924";"Incidência sobre Proventos de Previdência Privada";"5917.0";"";"";"4"
"A";"";"5925";"Incidência sobre Participação nos Lucros";"5917.0";"";"";"4"
"A";"";"5926";"Incidência sobre Lucro Imobiliário";"5917.0";"";"";"4"
"A";"";"5927";"Incidência sobre 1/3 de férias (art. 7º, XVII da CF)";"5917.0";"";"";"4"
"A";"";"5928";"Incidência sobre 13° Salário";"5917.0";"";"";"4"
"A";"";"5929";"Incidência sobre Função Comissionada";"5917.0";"";"";"4"
"A";"";"5930";"Incidência sobre Hora Extra";"5917.0";"";"";"4"
"A";"";"5931";"Incidência decorrente de Desligamento de Plano de Previdência Privada";"5917.0";"";"";"4"
"A";"";"5932";"Incidência decorrente de Liquidação de Entidade de Previdência Privada";"5917.0";"";"";"4"
"A";"";"5933";"IRPJ/Imposto de Renda de Pessoa Jurídica";"5916.0";"5934,5935,5936,5937,5938,5939,5940,14996";"5934,5935,5936,5937,5938,5939,5940,14996";"3"
"A";"";"5934";"Microempresa";"5933.0";"";"";"4"
"A";"";"5935";"Demonstrações Financeiras (DCTF)";"5933.0";"";"";"4"
"A";"";"5936";"Incidência sobre Aplicações Financeiras";"5933.0";"";"";"4"
"A";"";"5937";"Retido na fonte";"5933.0";"";"";"4"
"A";"";"5938";"Incidência sobre Lucro";"5933.0";"";"";"4"
"A";"";"5939";"Cooperativa";"5933.0";"";"";"4"
"A";"";"5940";"Compensação de Prejuízos";"5933.0";"";"";"4"
"A";"";"5941";"II/ Imposto sobre Importação";"5916.0";"5942,5943,14962";"5942,5943,14962";"3"
"A";"";"5942";"Importação de bens usados";"5941.0";"";"";"4"
"A";"";"5943";"Drawback";"5941.0";"";"";"4"
"A";"";"5944";"IE/ Imposto sobre Exportação";"5916.0";"";"";"3"
"A";"";"5945";"IPI/ Imposto sobre Produtos Industrializados";"5916.0";"10871,10903,10947,14963,14967,14964,14965,14966,14986,14987";"10871,10903,10947,14963,14967,14964,14965,14966,14986,14987";"3"
"A";"";"5946";"ICMS/ Imposto sobre Circulação de Mercadorias";"5916.0";"5947,10531,10872";"5947,10531,10872";"3"
"A";"";"5947";"ICMS/Importação";"5946.0";"";"";"4"
"A";"";"5948";"IOC/IOF Imposto sobre operações de crédito, câmbio e seguro, ou relativas a títulos ou valores mobiliários";"5916.0";"5949";"5949";"3"
"A";"";"5949";"Incidência sobre Ações de Companhias Abertas";"5948.0";"";"";"4"
"A";"";"5950";"ITR/ Imposto Territorial Rural";"5916.0";"";"";"3"
"A";"";"5951";"ISS/ Imposto sobre Serviços";"5916.0";"";"";"3"
"A";"";"5952";"IPTU/ Imposto Predial e Territorial Urbano";"5916.0";"";"";"3"
"A";"";"5953";"IPVA - Imposto Sobre Propriedade de Veículos Automotores";"5916.0";"";"";"3"
"A";"";"5954";"ITBI - Imposto de Transmissão Intervivos de Bens Móveis e Imóveis";"5916.0";"";"";"3"
"A";"";"5955";"ITCD - Imposto de Transmissão Causa Mortis";"5916.0";"";"";"3"
"A";"";"5956";"Taxas";"14.0";"5957,5971,5972,5958,5959,5960,5961,5962,5963,5964,5965,5966,5967,5968,5969,5970,15052,15053,15054,15055,10534,10535,10536,10537,10538";"5957,5971,5972,5958,5959,5960,5961,5962,5963,5964,5965,5966,5967,5968,5969,5970,15052,15053,15054,15055,10534,10535,10536,10537,10538";"2"
"A";"";"5957";"Federais";"5956.0";"5958,5959,5960,5961,5962,5963,5964,5965,5966,5967,5968,5969,5970,15052,15053,15054,15055";"5958,5959,5960,5961,5962,5963,5964,5965,5966,5967,5968,5969,5970,15052,15053,15054,15055";"3"
"A";"";"5958";"Taxa Anual por Hectare";"5957.0";"";"";"4"
"A";"";"5959";"Taxa de Armazenamento";"5957.0";"";"";"4"
"A";"";"5960";"Taxa de Despacho Aduaneiro";"5957.0";"";"";"4"
"A";"";"5961";"Taxa de Exploração Mineral";"5957.0";"";"";"4"
"A";"";"5962";"Taxa de Fiscalização Ambiental";"5957.0";"";"";"4"
"A";"";"5963";"Taxa de Guia de Importação";"5957.0";"";"";"4"
"A";"";"5964";"Taxa de Licença de Importação";"5957.0";"";"";"4"
"A";"";"5965";"Taxa de Melhoramento de Portos";"5957.0";"";"";"4"
"A";"";"5966";"Taxa de Permanência";"5957.0";"";"";"4"
"A";"";"5967";"Taxa de Saúde Suplementar";"5957.0";"";"";"4"
"A";"";"5968";"Taxa de Fiscalização da Comissão de Valores Mobiliários";"5957.0";"";"";"4"
"A";"";"5969";"Taxa Judiciária";"5957.0";"";"";"4"
"A";"";"5970";"Taxa de Aferição de Equipamentos de Metrologia";"5957.0";"";"";"4"
"A";"";"5971";"Estaduais";"5956.0";"";"";"3"
"A";"";"5972";"Municipais";"5956.0";"10534,10535,10536,10537,10538";"10534,10535,10536,10537,10538";"3"
"A";"";"5973";"Empréstimos Compulsórios";"14.0";"5974,5975,5976,5977";"5974,5975,5976,5977";"2"
"A";"";"5974";"Aquisição de veículos automotores";"5973.0";"";"";"3"
"A";"";"5975";"Aquisição de combustíveis";"5973.0";"";"";"3"
"A";"";"5976";"Aquisição de passagens e moedas - Viagem Exterior";"5973.0";"";"";"3"
"A";"";"5977";"Energia Elétrica";"5973.0";"";"";"3"
"A";"";"5978";"Obrigação Tributária";"14.0";"5979,5982,5983,5984,5985,10539,5980,5981,15005,15006,15007";"5979,5982,5983,5984,5985,10539,5980,5981,15005,15006,15007";"2"
"A";"";"5979";"Responsabilidade tributária";"5978.0";"5980,5981";"5980,5981";"3"
"A";"";"5980";"Responsabilidade Tributária do Sócio-Gerente / Diretor / Representante";"5979.0";"";"";"4"
"A";"";"5981";"Substituição Tributária";"5979.0";"";"";"4"
"A";"";"5982";"DIMOB/Declaração de Informações sobre Atividades Imobilíárias";"5978.0";"";"";"3"
"A";"";"5983";"CNPJ/Cadastro Nacional de Pessoas Jurídicas";"5978.0";"";"";"3"
"A";"";"5984";"CPF/Cadastro de Pessoas Físicas";"5978.0";"";"";"3"
"A";"";"5985";"Obrigação Acessória";"5978.0";"15005,15006,15007";"15005,15006,15007";"3"
"A";"";"5986";"Crédito Tributário";"14.0";"5987,5990,5996,5997,5998,5999,6003,6004,6005,6006,6007,6008,6009,6010,6011,6012,6016,5988,5989,10543,5991,5992,5993,5994,5995,14950,10544,10545,10546,10547,10548,10549,10550,10551,6000,6001,6002,10556,10557,10558,10559,10959,14947,14948,14949,6013,6014,6015,14899,14900,14946";"5987,5990,5996,5997,5998,5999,6003,6004,6005,6006,6007,6008,6009,6010,6011,6012,6016,5988,5989,10543,5991,5992,5993,5994,5995,14950,10544,10545,10546,10547,10548,10549,10550,10551,6000,6001,6002,10556,10557,10558,10559,10959,14947,14948,14949,6013,6014,6015,14899,14900,14946";"2"
"A";"";"5987";"Suspensão da Exigibilidade";"5986.0";"5988,5989,10543";"5988,5989,10543";"3"
"A";"";"5988";"Carta de fiança";"5987.0";"";"";"4"
"A";"";"5989";"Parcelamento";"5987.0";"";"";"4"
"A";"";"5990";"Extinção do Crédito Tributário";"5986.0";"5991,5992,5993,5994,5995,14950,10544,10545,10546,10547,10548,10549,10550,10551";"5991,5992,5993,5994,5995,14950,10544,10545,10546,10547,10548,10549,10550,10551";"3"
"A";"";"5991";"Compensação com Apólices da Dívida Pública";"5990.0";"";"";"4"
"A";"";"5992";"Prescrição";"5990.0";"10544,10545,10546,10547,10548,10549,10550";"10544,10545,10546,10547,10548,10549,10550";"4"
"A";"";"5993";"Decadência";"5990.0";"10551";"10551";"4"
"A";"";"5994";"Compensação";"5990.0";"";"";"4"
"A";"";"5995";"TDA/Títulos da Dívida Agrária";"5990.0";"";"";"4"
"A";"";"5996";"Anistia";"5986.0";"";"";"3"
"A";"";"5997";"Denúncia espontânea";"5986.0";"";"";"3"
"A";"";"5998";"Lançamento";"5986.0";"";"";"3"
"A";"";"5999";"CND/Certidão Negativa de Débito";"5986.0";"6000,6001,6002";"6000,6001,6002";"3"
"A";"";"6000";"Expedição de CND";"5999.0";"";"";"4"
"A";"";"6001";"Expedição de Certidão Positiva de Débito com Efeito de Negativa";"5999.0";"";"";"4"
"A";"";"6002";"Certificado de Regularidade - FGTS";"5999.0";"";"";"4"
"A";"";"6003";"Incentivos fiscais";"5986.0";"";"";"3"
"A";"";"6004";"Anulação de Débito Fiscal";"5986.0";"";"";"3"
"A";"";"6005";"Juros/Correção Monetária";"5986.0";"";"";"3"
"A";"";"6006";"Prazo de Recolhimento";"5986.0";"";"";"3"
"A";"";"6007";"Repetição de indébito";"5986.0";"";"";"3"
"A";"";"6008";"Base de Cálculo";"5986.0";"10556,10557,10558,10559,10959,14947,14948,14949";"10556,10557,10558,10559,10959,14947,14948,14949";"3"
"A";"";"6009";"Crédito Prêmio";"5986.0";"";"";"3"
"A";"";"6010";"Crédito Presumido";"5986.0";"";"";"3"
"A";"";"6011";"Fato Gerador/Incidência";"5986.0";"";"";"3"
"A";"";"6012";"Alíquota";"5986.0";"6013,6014,6015,14899,14900,14946";"6013,6014,6015,14899,14900,14946";"3"
"A";"";"6013";"Alíquota Zero";"6012.0";"14899,14900,14946";"14899,14900,14946";"4"
"A";"";"6014";"Alíquota Progressiva";"6012.0";"";"";"4"
"A";"";"6015";"Índice da Alíquota";"6012.0";"";"";"4"
"A";"";"6016";"Creditamento";"5986.0";"";"";"3"
"A";"2021-09-30 17:02:08";"6017";"Dívida Ativa (Execução Fiscal)";"14.0";"10887,10922,10923,14951,14952,14953";"10887,10922,10923,14951,14952,14953";"2"
"A";"";"6018";"Processo Administrativo Fiscal";"14.0";"6019,6020";"6019,6020";"2"
"A";"";"6019";"Depósito Prévio ao Recurso Administrativo";"6018.0";"";"";"3"
"A";"";"6020";"Arrolamento de Bens";"6018.0";"";"";"3"
"A";"";"6021";"Procedimentos Fiscais";"14.0";"6022,6024,6025,6026,6027,6028,6029,10560,6023";"6022,6024,6025,6026,6027,6028,6029,10560,6023";"2"
"A";"";"6022";"Sigilo Fiscal";"6021.0";"6023";"6023";"3"
"A";"";"6023";"Utilização de Dados Relativos à CPMF para Fins de Fiscalização";"6022.0";"";"";"4"
"A";"";"6024";"Liberação de mercadorias";"6021.0";"";"";"3"
"A";"";"6025";"Levantamento de depósito";"6021.0";"";"";"3"
"A";"2021-12-03 16:18:27";"6026";"Cadastro de Inadimplentes - CADIN/SPC/SERASA/SIAFI/CAUC";"6021.0";"";"";"3"
"A";"";"6027";"Autorização para Impressão de Documentos Fiscais - AIDF";"6021.0";"";"";"3"
"A";"";"6028";"Liberação de Veículo Apreendido";"6021.0";"";"";"3"
"A";"";"6029";"Perdimento de Bens";"6021.0";"";"";"3"
"A";"";"6030";"GATT - &quot;Acordo Geral sobre Tarifas e Comércio&quot;";"14.0";"";"";"2"
"A";"";"6031";"Contribuições";"14.0";"6032,6033,6044,6048,6071,6034,6035,6036,6037,6038,6039,6040,6041,6042,6043,10561,10562,15723,10873,14890,14891,14892,14893,14894,10563,10874,14895,14896,14897,14898,6045,6046,6047,10565,6049,6050,6051,6052,6053,6054,6055,6056,6057,6058,6059,6060,6061,6062,6063,6064,6065,6066,6067,6068,6069,6070,14887,14888,14889,6072,6073,6074,6075,6076,6077,6078,6079,6080,6081,6082,6083,6084,6085,6086,6087,14883,14884,14885,14886";"6032,6033,6044,6048,6071,6034,6035,6036,6037,6038,6039,6040,6041,6042,6043,10561,10562,15723,10873,14890,14891,14892,14893,14894,10563,10874,14895,14896,14897,14898,6045,6046,6047,10565,6049,6050,6051,6052,6053,6054,6055,6056,6057,6058,6059,6060,6061,6062,6063,6064,6065,6066,6067,6068,6069,6070,14887,14888,14889,6072,6073,6074,6075,6076,6077,6078,6079,6080,6081,6082,6083,6084,6085,6086,6087,14883,14884,14885,14886";"2"
"A";"";"6032";"Contribuições de Melhoria";"6031.0";"";"";"3"
"A";"";"6033";"Contribuições Sociais";"6031.0";"6034,6035,6036,6037,6038,6039,6040,6041,6042,6043,10561,10562,15723,10873,14890,14891,14892,14893,14894,10563,10874,14895,14896,14897,14898";"6034,6035,6036,6037,6038,6039,6040,6041,6042,6043,10561,10562,15723,10873,14890,14891,14892,14893,14894,10563,10874,14895,14896,14897,14898";"3"
"A";"";"6034";"Finsocial";"6033.0";"";"";"4"
"A";"";"6035";"Cofins";"6033.0";"10873,14890,14891,14892,14893,14894";"10873,14890,14891,14892,14893,14894";"4"
"A";"";"6036";"Contribuição Social sobre o Lucro Líquido";"6033.0";"10563";"10563";"4"
"A";"";"6037";"Salário-Educação";"6033.0";"";"";"4"
"A";"";"6038";"Seguro Acidentes do Trabalho";"6033.0";"";"";"4"
"A";"";"6039";"PIS";"6033.0";"10874,14895,14896,14897,14898";"10874,14895,14896,14897,14898";"4"
"A";"";"6040";"Funrural";"6033.0";"";"";"4"
"A";"";"6041";"Contribuição INCRA";"6033.0";"";"";"4"
"A";"";"6042";"PASEP";"6033.0";"";"";"4"
"A";"";"6043";"Construção Civil";"6033.0";"";"";"4"
"A";"";"6044";"Contribuições Corporativas";"6031.0";"6045,6046,6047,10565";"6045,6046,6047,10565";"3"
"A";"";"6045";"Contribuições para o SEBRAE, SESC, SENAC, SENAI e outros";"6044.0";"";"";"4"
"A";"";"6046";"Conselhos Regionais e Afins (Anuidade)";"6044.0";"";"";"4"
"A";"";"6047";"Contribuição Sindical";"6044.0";"";"";"4"
"A";"";"6048";"Contribuições Previdenciárias";"6031.0";"6049,6050,6051,6052,6053,6054,6055,6056,6057,6058,6059,6060,6061,6062,6063,6064,6065,6066,6067,6068,6069,6070,14887,14888,14889";"6049,6050,6051,6052,6053,6054,6055,6056,6057,6058,6059,6060,6061,6062,6063,6064,6065,6066,6067,6068,6069,6070,14887,14888,14889";"3"
"A";"";"6049";"Servidores Ativos";"6048.0";"";"";"4"
"A";"";"6050";"Servidores Inativos";"6048.0";"";"";"4"
"A";"";"6051";"Mandato Eletivo/Lei 9.506/97";"6048.0";"";"";"4"
"A";"";"6052";"Aposentadoria/Retorno aoTrabalho";"6048.0";"";"";"4"
"A";"";"6053";"Cargo em Comissão";"6048.0";"";"";"4"
"A";"";"6054";"Tempo de Serviço Urbano/Contribuições não Recolhidas";"6048.0";"";"";"4"
"A";"";"6055";"Tempo de Serviço Rural/Contribuições não Recolhidas";"6048.0";"";"";"4"
"A";"";"6056";"Gratificação Natalina/13º Salário";"6048.0";"";"";"4"
"A";"";"6057";"Produção Agropecuária";"6048.0";"";"";"4"
"A";"";"6058";"Indenização Trabalhista";"6048.0";"";"";"4"
"A";"";"6059";"Reembolso auxílio-creche";"6048.0";"";"";"4"
"A";"";"6060";"Contribuição sobre a folha de salários";"6048.0";"";"";"4"
"A";"";"6061";"Devolução de contribuições previdenciárias pagas além do teto";"6048.0";"";"";"4"
"A";"";"6062";"1/3 de férias";"6048.0";"";"";"4"
"A";"";"6063";"Auxílio-Alimentação";"6048.0";"";"";"4"
"A";"";"6064";"Custeio de Assistência Médica";"6048.0";"";"";"4"
"A";"";"6065";"Hora Extra";"6048.0";"";"";"4"
"A";"";"6066";"Massa Falida- Recolhimento";"6048.0";"";"";"4"
"A";"";"6067";"Nota Fiscal ou Fatura";"6048.0";"";"";"4"
"A";"";"6068";"Salário-Maternidade";"6048.0";"";"";"4"
"A";"";"6069";"Contribuição sobre Nota Fiscal de Execução de Serviços";"6048.0";"";"";"4"
"A";"";"6070";"Contribuição de Autônomos, Empresários (Pró-labore) e Facultativos";"6048.0";"";"";"4"
"A";"";"6071";"Contribuições Especiais";"6031.0";"6072,6073,6074,6075,6076,6077,6078,6079,6080,6081,6082,6083,6084,6085,6086,6087,14883,14884,14885,14886";"6072,6073,6074,6075,6076,6077,6078,6079,6080,6081,6082,6083,6084,6085,6086,6087,14883,14884,14885,14886";"3"
"A";"";"6072";"FNT/Fundo Nacional de Telecomunicações";"6071.0";"";"";"4"
"A";"";"6073";"ATP/Adicional de Tarifa Portuária";"6071.0";"";"";"4"
"A";"";"6074";"AITP/Adicional de Indenização do Trabalhador Portuário Avulso";"6071.0";"";"";"4"
"A";"";"6075";"Adicional de Tarifa Aeroportuária";"6071.0";"";"";"4"
"A";"";"6076";"AFRMM/Adicional ao Frete para Renovação da Marinha Mercante ";"6071.0";"";"";"4"
"A";"2021-09-29 16:57:40";"6077";"FUNDEB/FUNDEF/Fundo de Manutenção e Desenvolvimento do Ensino Fundamental e de Valorização do Magistério";"6071.0";"14883";"";"4"
"A";"";"6078";"Seguro Apagão (Lei 10.438/02)";"6071.0";"";"";"4"
"A";"";"6079";"Contribuição sobre licença de uso ou transferência de tecnologia";"6071.0";"";"";"4"
"A";"";"6080";"Contribuição de Intervenção no Domínio Econômico (CIDE)";"6071.0";"";"";"4"
"A";"";"6081";"FUNDAF/Fundo Especial de Desenvolvimento e Aperfeiçoamento das Atividades de Fiscalização ";"6071.0";"";"";"4"
"A";"";"6082";"FUSEX/FUNSA/FUSMA/Fundo de Saúde das Forças Armadas";"6071.0";"14884,14885,14886";"14884,14885,14886";"4"
"A";"";"6083";"Contribuição de Iluminação Pública";"6071.0";"";"";"4"
"A";"";"6084";"IUEE/Imposto Único sobre Energia Elétrica";"6071.0";"";"";"4"
"A";"";"6085";"FGTS/Fundo de Garantia Por Tempo de Serviço";"6071.0";"";"";"4"
"A";"";"6086";"Contribuição sobre Açúcar e Álcool";"6071.0";"";"";"4"
"A";"";"6087";"CPMF/Contribuição Provisória sobre Movimentação Financeira";"6071.0";"";"";"4"
"A";"";"6088";"Discriminação Tributária MERCOSUL";"14.0";"";"";"2"
"A";"";"6089";"Regimes Especiais de Tributação";"14.0";"6090,6091,6092,6093,15051";"6090,6091,6092,6093,15051";"2"
"A";"";"6090";"REFIS/Programa de Recuperação Fiscal";"6089.0";"";"";"3"
"A";"";"6091";"PAES/Parcelamento Especial";"6089.0";"";"";"3"
"A";"";"6092";"SIMPLES";"6089.0";"";"";"3"
"A";"";"6093";"Super SIMPLES";"6089.0";"";"";"3"
"A";"";"6094";"Benefícios em Espécie";"195.0";"6095,6096,6099,6100,6101,6102,6103,6104,6105,6106,6107,6113,6115,6116,6117,6118,7757,10567,12216,14771,14772,14773,6097,6098,12399,14762,14750,14751,14752,14753,14754,14755,14756,14761,14763,14764,14765,14766,14767,14768,14769,14770,14806,14808,14809,14827,14828,14829,14830,14831,14810,14811,14818,14812,14813,14814,14815,14816,14817,14824,14819,14820,14821,14822,14823,14825,14826,6108,6109,6110,6111,6112,14807";"6095,6096,6099,6100,6101,6102,6103,6104,6105,6106,6107,6113,6115,6116,6117,6118,7757,10567,12216,14771,14772,14773,6097,6098,12399,14762,14750,14751,14752,14753,14754,14755,14756,14761,14763,14764,14765,14766,14767,14768,14769,14770,14806,14808,14809,14827,14828,14829,14830,14831,14810,14811,14818,14812,14813,14814,14815,14816,14817,14824,14819,14820,14821,14822,14823,14825,14826,6108,6109,6110,6111,6112,14807";"2"
"A";"2022-07-01 12:01:13";"6095";"Aposentadoria por Incapacidade Permanente";"6094.0";"14771,14772,14773";"14771,14772,14773";"3"
"A";"";"6096";"Aposentadoria por Idade (Art. 48/51)";"6094.0";"6097,6098,12399,14762";"6097,6098,12399,14762";"3"
"A";"2023-09-27 17:02:30";"6097";"Aposentadoria Urbana (Art. 48/51)";"6096.0";"";"";"4"
"A";"2023-09-27 17:02:17";"6098";"Aposentadoria Rural (Art. 48/51)";"6096.0";"";"";"4"
"A";"";"6099";"Aposentadoria por Tempo de Serviço (Art. 52/4)";"6094.0";"";"";"3"
"A";"";"6100";"Aposentadoria Especial (Art. 57/8)";"6094.0";"14750,14751,14752,14753,14754,14755,14756,14761,14763,14764,14765,14766,14767,14768,14769,14770";"14750,14751,14752,14753,14754,14755,14756,14761,14763,14764,14765,14766,14767,14768,14769,14770";"3"
"A";"2022-07-01 11:58:57";"6101";"Auxílio por Incapacidade Temporária";"6094.0";"14806,14808,14809";"14806,14808,14809";"3"
"A";"";"6102";"Salário-Família (Art. 65/70)";"6094.0";"";"";"3"
"A";"";"6103";"Salário-Maternidade (Art. 71/73)";"6094.0";"14827,14828,14829,14830,14831";"14827,14828,14829,14830,14831";"3"
"A";"";"6104";"Pensão por Morte (Art. 74/9)";"6094.0";"14810,14811,14818,14812,14813,14814,14815,14816,14817,14824,14819,14820,14821,14822,14823,14825,14826";"14810,14811,14818,14812,14813,14814,14815,14816,14817,14824,14819,14820,14821,14822,14823,14825,14826";"3"
"A";"";"6105";"Auxílio-Reclusão (Art. 80)";"6094.0";"";"";"3"
"A";"";"6106";"Pecúlios (Art. 81/5)";"6094.0";"";"";"3"
"A";"";"6107";"Auxílio-Acidente (Art. 86)";"6094.0";"6108,6109,6110,6111,6112";"6108,6109,6110,6111,6112";"3"
"A";"";"6108";"Incapacidade Laborativa Parcial";"6107.0";"";"";"4"
"A";"";"6109";"Incapacidade Laborativa Permanente";"6107.0";"";"";"4"
"A";"";"6110";"Incapacidade Laborativa Temporária";"6107.0";"";"";"4"
"A";"";"6111";"Movimentos Repetitivos/Tenossinovite/LER/DORT";"6107.0";"";"";"4"
"A";"";"6112";"Redução da Capacidade Auditiva";"6107.0";"";"";"4"
"A";"";"6113";"Abono de Permanência em Serviço (Art. 87)";"6094.0";"";"";"3"
"A";"";"6114";"Benefício Assistencial (Art. 203,V CF/88)";"12734.0";"11946,11947";"11946,11947";"2"
"A";"";"6115";"Ferroviário";"6094.0";"";"";"3"
"A";"";"6116";"Ex-combatentes";"6094.0";"";"";"3"
"A";"";"6117";"Renda Mensal Vitalícia";"6094.0";"";"";"3"
"A";"";"6118";"Aposentadoria por Tempo de Contribuição (Art. 55/6)";"6094.0";"";"";"3"
"A";"";"6119";"RMI - Renda Mensal Inicial, Reajustes e Revisões Específicas";"195.0";"6120,6138,14836,15222,6121,6122,6123,6124,6125,6126,6127,6128,6129,6130,6131,6132,6133,6134,6135,6136,6137,11941,11942,11943,11944,14837,11940,6139,6140,6141,6142,6143,6144,6145,6146,6147,6148,6149,6150,6151,6152,6153,6154,6155,6156,6157,6158,6159,11945";"6120,6138,15222,6121,6122,6123,6124,6125,6126,6127,6128,6129,6130,6131,6132,6133,6134,6135,6136,6137,11941,11942,11943,11944,14837,11940,6139,6140,6141,6142,6143,6144,6145,6146,6147,6148,6149,6150,6151,6152,6153,6154,6155,6156,6157,6158,6159,11945";"2"
"A";"";"6120";"RMI - Renda Mensal Inicial";"6119.0";"6121,6122,6123,6124,6125,6126,6127,6128,6129,6130,6131,6132,6133,6134,6135,6136,6137,11941,11942,11943,11944,14837,11940";"6121,6122,6123,6124,6125,6126,6127,6128,6129,6130,6131,6132,6133,6134,6135,6136,6137,11941,11942,11943,11944,14837,11940";"3"
"A";"";"6121";"RMI pelo art. 202 CF/88 (média dos 36 últimos salários-de-contribuição)";"6120.0";"";"";"4"
"A";"";"6122";"RMI pelo art. 1º da Lei 6.423/77 - índices de atualização dos 24 1ºs salários-de-contribuição, anteriores aos 12 últimos)";"6120.0";"";"";"4"
"A";"";"6123";"RMI pela equivalência entre Salário-de-Benefício e Salário-de-Contribuição";"6120.0";"";"";"4"
"A";"";"6124";"RMI sem incidência de Teto Limitador";"6120.0";"";"";"4"
"A";"";"6125";"RMI da pensão de dependente de ex-combatente";"6120.0";"";"";"4"
"A";"";"6126";"Benefício mínimo a partir da CF/88 (art. 201, § 2º CF/88)";"6120.0";"";"";"4"
"A";"";"6127";"Parcelas e índices de correção do salário-de-contribuição";"6120.0";"11940";"11940";"4"
"A";"";"6128";"Limitação do salário-de-benefício e da renda mensal inicial";"6120.0";"";"";"4"
"A";"";"6129";"RMI cuja salário-de-benefício supera menor valor teto";"6120.0";"";"";"4"
"A";"";"6130";"Escala de Salário-Base";"6120.0";"";"";"4"
"A";"";"6131";"Contribuição sobre vinte salários mínimos";"6120.0";"";"";"4"
"A";"";"6132";"Cálculo do Benefício de acordo com a Sistemática anterior à Lei 9.876/99";"6120.0";"";"";"4"
"A";"";"6133";"IRSM de Fevereiro de 1994(39,67%)";"6120.0";"";"";"4"
"A";"";"6134";"Alteração do coeficiente de cálculo de pensão";"6120.0";"";"";"4"
"A";"";"6135";"Alteração do coeficiente de cálculo do benefício";"6120.0";"";"";"4"
"A";"";"6136";"Cálculo do benefício de segurado especial de acordo com a Lei 9.876/99";"6120.0";"";"";"4"
"A";"";"6137";"Cálculo do fator previdenciário - Lei 9.876/99";"6120.0";"";"";"4"
"A";"2021-09-29 14:06:09";"6138";"Reajustes e Revisões Específicos";"6119.0";"6139,6140,6141,6142,6143,6144,6145,6146,6147,6148,6149,6150,6151,6152,6153,6154,6155,6156,6157,6158,6159,11945";"6139,6140,6141,6142,6143,6144,6145,6146,6147,6148,6149,6150,6151,6152,6153,6154,6155,6156,6157,6158,6159,11945";"3"
"A";"";"6139";"Reajuste pela Súmula 260 do TFR";"6138.0";"";"";"4"
"A";"";"6140";"Art. 58 ADCT da CF/88";"6138.0";"";"";"4"
"A";"";"6141";"Utilização do PNS no Reajuste de Benefícios";"6138.0";"";"";"4"
"A";"";"6142";"Manutenção do Benefício pela equivalência salarial";"6138.0";"";"";"4"
"A";"";"6143";"Expurgos inflacionários sobre os benefícios";"6138.0";"";"";"4"
"A";"";"6144";"Salário Mínimo de Ncz$ 120,00 para junho/89";"6138.0";"";"";"4"
"A";"";"6145";"Reajuste de 147%";"6138.0";"";"";"4"
"A";"";"6146";"Reajustamento pelo IGP-DI";"6138.0";"";"";"4"
"A";"";"6147";"Aplicação de coeficiente de cálculo diverso do fixado na Lei n.º 8.213/91";"6138.0";"";"";"4"
"A";"";"6148";"Reajuste aplicado ao salário mínimo em setembro/94";"6138.0";"";"";"4"
"A";"";"6149";"Sistemática de conversão dos benefícios previdenciários em URVs";"6138.0";"11945";"11945";"4"
"A";"";"6150";"Reajustamento pelo INPC";"6138.0";"";"";"4"
"A";"";"6151";"Art. 144 da Lei 8.213/91 e/ou diferenças decorrentes";"6138.0";"";"";"4"
"A";"";"6152";"Gratificação Natalina a partir da CF/88 (Art. 201, § 6º CF/88)";"6138.0";"";"";"4"
"A";"";"6153";"Abono da Lei 8.178/91";"6138.0";"";"";"4"
"A";"";"6154";"Índice de 4,02% da Lei 8.222/91";"6138.0";"";"";"4"
"A";"";"6155";"Desconto do DL 1.910/81";"6138.0";"";"";"4"
"A";"";"6156";"Descontos dos benefícios";"6138.0";"";"";"4"
"A";"";"6157";"Correção Monetária pela Súmula 71 TFR";"6138.0";"";"";"4"
"A";"";"6158";"Correção Monetária de Benefício pago com atraso";"6138.0";"";"";"4"
"A";"";"6159";"Reajuste conforme Portaria MPAS 714/1993";"6138.0";"";"";"4"
"A";"";"6160";"Disposições Diversas Relativas às Prestações";"195.0";"6161,6162,6164,6165,6166,6167,6168,6169,6170,6171,6172,10879";"6161,6162,6164,6165,6166,6167,6168,6169,6170,6171,6172,10879";"2"
"A";"";"6161";"Habilitação e Reabilitação Profissional";"6160.0";"";"";"3"
"A";"";"6162";"Decadência/Prescrição";"6160.0";"";"";"3"
"A";"";"6164";"Declaração de Ausência";"6160.0";"";"";"3"
"A";"";"6165";"Atividade concomitante";"6160.0";"";"";"3"
"A";"";"6166";"Renúncia ao benefício";"6160.0";"";"";"3"
"A";"";"6167";"Demonstrativo das importâncias pagas";"6160.0";"";"";"3"
"A";"";"6168";"Períodos de Carência";"6160.0";"";"";"3"
"A";"";"6169";"Limite Mínimo de Idade";"6160.0";"";"";"3"
"A";"";"6170";"Perda da qualidade de segurado";"6160.0";"";"";"3"
"A";"";"6171";"Inclusão de Dependente";"6160.0";"";"";"3"
"A";"";"6172";"Regra de Transição para Aposentadoria - &quot;Pedágio&quot;";"6160.0";"";"";"3"
"A";"";"6173";"Pedidos Genéricos Relativos aos Benefícios em Espécie";"195.0";"6174,6175,6176,6177,6178,6179,14832,14833,14834,14835";"6174,6175,6176,6177,6178,6179,14832,14833,14834,14835";"2"
"A";"";"6174";"Data de Início de Benefício (DIB)";"6173.0";"";"";"3"
"A";"";"6175";"Cumulação";"6173.0";"";"";"3"
"A";"";"6176";"Parcelas de benefício não pagas";"6173.0";"";"";"3"
"A";"";"6177";"Concessão";"6173.0";"";"";"3"
"A";"";"6178";"Restabelecimento";"6173.0";"";"";"3"
"A";"";"6179";"Conversão";"6173.0";"";"";"3"
"A";"";"6181";"Tempo de serviço";"195.0";"6182,6183,6184,6185,6186,6187,6188,6189,6190,14838,14839";"6182,6183,6184,6185,6186,6187,6188,6189,6190,14838,14839";"2"
"A";"";"6182";"Averbação/Cômputo/Conversão de tempo de serviço especial";"6181.0";"";"";"3"
"A";"";"6183";"Averbação/Cômputo de tempo de serviço de segurado especial (regime de economia familiar)";"6181.0";"";"";"3"
"A";"";"6184";"Averbação/Cômputo de tempo de serviço  rural (empregado/empregador)";"6181.0";"";"";"3"
"A";"";"6185";"Averbação/Cômputo do tempo de serviço como aluno aprendiz";"6181.0";"";"";"3"
"A";"";"6186";"Averbação/Cômputo do tempo de serviço militar";"6181.0";"";"";"3"
"A";"";"6187";"Averbação/Cômputo de tempo de serviço de empregado doméstico";"6181.0";"";"";"3"
"A";"";"6188";"Averbação/Cômputo de tempo de serviço urbano";"6181.0";"";"";"3"
"A";"";"6189";"Certidão de Tempo de Serviço";"6181.0";"";"";"3"
"A";"";"6190";"Contagem Recíproca de Tempo de Serviço";"6181.0";"";"";"3"
"A";"";"6191";"DIREITO INTERNACIONAL";"";"6192,6197,6202,6203,6212,6213,6214,6215,6216,6217,6218,6219,9565,12938,12939,15104,6193,6194,6195,6196,6198,6199,6200,6201,6206,6207,10921,15105,15106,15594,15107,15108,15109,15110,15111,15112,15113,15114,15115,15116,15117,15118,15119,15120,15121,15616,15617,15618,15619,15122,15123,15124,15125,15592,15593,15595,15596,15597,15598,15599,15600,15601,15602,15603,15604,15605,15606,15607,15608,15609,15610,15611,15612,15613,15614,15615";"6192,6197,6202,6203,6212,6213,6215,6216,6217,6218,6219,9565,12938,12939,15104,6193,6194,6195,6196,6198,6199,6200,6201,6206,6207,10921,15105,15106,15594,15107,15108,15109,15110,15111,15112,15113,15114,15115,15116,15117,15118,15119,15120,15121,15616,15617,15618,15619,15122,15123,15124,15125,15592,15593,15595,15596,15597,15598,15599,15600,15601,15602,15603,15604,15605,15606,15607,15608,15609,15610,15611,15612,15613,15614,15615";"1"
"A";"";"6192";"Nacionalidade";"6191.0";"6193,6194,6195,6196";"6193,6194,6195,6196";"2"
"A";"";"6193";"Aquisição";"6192.0";"";"";"3"
"A";"";"6194";"Perda";"6192.0";"";"";"3"
"A";"";"6195";"Concessão de Naturalização";"6192.0";"";"";"3"
"A";"";"6196";"Cancelamento de Naturalização";"6192.0";"";"";"3"
"A";"";"6197";"Estrangeiro";"6191.0";"6198,6199,6200,6201";"6198,6199,6200,6201";"2"
"A";"";"6198";"Admissão / Entrada / Permanência / Saída";"6197.0";"";"";"3"
"A";"";"6199";"Asilo";"6197.0";"";"";"3"
"A";"";"6200";"Livre Trânsito MERCOSUL";"6197.0";"";"";"3"
"A";"";"6201";"Trabalhador Migrante ou Fronteiriço do MERCOSUL";"6197.0";"";"";"3"
"A";"";"6202";"Proteção Internacional a Direitos Humanos";"6191.0";"";"";"2"
"A";"";"6203";"Cooperação Internacional";"6191.0";"6206,6207,10921";"6206,6207,10921";"2"
"A";"";"6206";"Auxílio Direto";"6203.0";"";"";"3"
"A";"";"6207";"Mercosul";"6203.0";"";"";"3"
"A";"2020-12-04 18:43:23";"6212";"Tratados e Convenções Internacionais";"6191.0";"";"";"2"
"A";"";"6213";"Normas do Mercosul";"6191.0";"";"";"2"
"A";"";"6215";"Sucessão de Bens de Estrangeiro";"6191.0";"";"";"2"
"A";"";"6216";"Prestação de Alimentos";"6191.0";"";"";"2"
"A";"";"6217";"Funcionamento de Empresa Estrangeira";"6191.0";"";"";"2"
"A";"";"6218";"Pessoa Jurídica Estrangeira";"6191.0";"";"";"2"
"A";"";"6219";"Contratos Internacionais";"6191.0";"";"";"2"
"A";"";"6220";"Responsabilidade do Fornecedor";"1156.0";"7767,7768,7769,7770,7779,7780,11867,14925,6226,7781,12042";"7767,7768,7769,7770,7779,7780,11867,14925,6226,7781,12042";"2"
"A";"";"6226";"Inclusão Indevida em Cadastro de Inadimplentes";"7779.0";"";"";"4"
"A";"";"6238";"Oferta";"5779.0";"";"";"4"
"A";"";"6239";"Fixação";"5779.0";"";"";"4"
"A";"";"7617";"Telefonia";"7771.0";"7626,7627,10598";"7626,7627,10598";"3"
"A";"";"7618";"Turismo";"7771.0";"";"";"3"
"A";"";"7619";"Consórcio";"7771.0";"";"";"3"
"A";"";"7620";"Estabelecimentos de Ensino";"7771.0";"";"";"3"
"A";"";"7621";"Seguro";"7771.0";"";"";"3"
"A";"";"7626";"Assinatura Básica Mensal";"7617.0";"";"";"4"
"A";"";"7627";"Pulsos Excedentes";"7617.0";"";"";"4"
"A";"";"7656";"União Estável ou Concubinato";"5626.0";"7672,7677,14924";"7672,7677,14924";"3"
"A";"";"7659";"Regime de Bens Entre os Cônjuges";"5626.0";"";"";"3"
"A";"";"7660";"Usufruto e Administração dos Bens de Filhos Menores";"5626.0";"";"";"3"
"A";"2021-01-20 09:42:17";"7661";"Bem de Família (Voluntário)";"5626.0";"";"";"3"
"A";"";"7664";"Dissolução";"5808.0";"14923";"14923";"4"
"A";"";"7667";"Investigação de Maternidade";"10577.0";"";"";"4"
"A";"";"7671";"Adoção de Maior";"10577.0";"";"";"4"
"A";"";"7672";"União Homoafetiva";"7656.0";"";"";"4"
"A";"";"7673";"Sucessões";"899.0";"5825,5829,5831,5832,5833,5834,7676,7687,11991,12162,15087,15088";"5825,5829,5831,5832,5833,5834,7676,7687,11991,12162,15087,15088";"2"
"A";"2014-05-28 11:38:06";"7676";"Administração de herança";"7673.0";"";"";"3"
"A";"";"7677";"Reconhecimento / Dissolução";"7656.0";"";"";"4"
"A";"";"7681";"Obrigações";"899.0";"4949,7688,7690,7691,7694,7696,7717,9580,12980,4951,4957,9575,14740,14743,4718,7689,7703,7704,7705,7706,7707,7708,7709,7710,7711,10592,15628,7697,7698,7699,7700,7701,10582,10855,14066,10585,10586,7712,7713,7714,7715,4960,4961,4962,4963,4964,4968,4969,4970,4971,4972,4973,4974,4975,4976,4980,4981,4728,4794,4805,4813,4839,5680,9581,9582,9583,9584,9585,9586,9587,9588,9589,9590,9591,9592,9593,9594,9595,9596,9597,9598,9599,9600,9601,9602,9603,9604,9605,9606,9607,9608,9609,10501,13055,13124,13136,13153,13230,13262,14916,14917,14918,10590,4840,4841,4842,4843,4846,4847,4854,10588,11804,11805,14237,14735,9610,9611,9612,9614,9615,11000,11001,14915";"4949,7688,7690,7691,7694,7696,7717,9580,12980,4951,4957,9575,14740,14743,4718,7689,7703,7704,7705,7706,7707,7708,7709,7710,7711,10592,15628,7697,7698,7699,7700,7701,10582,10855,14066,10585,10586,7712,7713,7714,7715,4960,4961,4962,4963,4964,4968,4969,4970,4971,4972,4973,4974,4975,4976,4980,4981,4728,4794,4805,4813,4839,5680,9581,9582,9583,9584,9585,9586,9587,9588,9589,9590,9591,9592,9593,9594,9595,9596,9597,9598,9599,9600,9601,9602,9603,9604,9605,9606,9607,9608,9609,10501,13055,13124,13136,13153,13230,13262,14916,14917,14918,10590,4840,4841,4842,4843,4846,4847,4854,10588,11804,11805,14237,14735,9610,9611,9612,9614,9615,11000,11001,14915";"2"
"A";"";"7687";"Inventário e Partilha";"7673.0";"";"";"3"
"A";"";"7688";"Transmissão";"7681.0";"4718,7689";"4718,7689";"3"
"A";"";"7689";"Assunção de Dívida";"7688.0";"";"";"4"
"A";"";"7690";"Adimplemento e Extinção";"7681.0";"7703,7704,7705,7706,7707,7708,7709,7710,7711,10592,15628";"7703,7704,7705,7706,7707,7708,7709,7710,7711,10592,15628";"3"
"A";"";"7691";"Inadimplemento";"7681.0";"7697,7698,7699,7700,7701,10582,10855,14066,10585,10586";"7697,7698,7699,7700,7701,10582,10855,14066,10585,10586";"3"
"A";"";"7694";"Atos Unilaterais";"7681.0";"7712,7713,7714,7715";"7712,7713,7714,7715";"3"
"A";"";"7696";"Preferências e Privilégios Creditórios";"7681.0";"";"";"3"
"A";"";"7697";"Correção Monetária";"7691.0";"";"";"4"
"A";"";"7698";"Perdas e Danos";"7691.0";"";"";"4"
"A";"";"7699";"Juros de Mora - Legais / Contratuais";"7691.0";"10585,10586";"10585,10586";"4"
"A";"";"7700";"Cláusula Penal";"7691.0";"";"";"4"
"A";"";"7701";"Arras ou Sinal";"7691.0";"";"";"4"
"A";"";"7703";"Pagamento";"7690.0";"";"";"4"
"A";"";"7704";"Pagamento em Consignação";"7690.0";"";"";"4"
"A";"";"7705";"Pagamento com Sub-rogação";"7690.0";"";"";"4"
"A";"";"7706";"Imputação do Pagamento";"7690.0";"";"";"4"
"A";"";"7707";"Dação em Pagamento";"7690.0";"";"";"4"
"A";"";"7708";"Novação";"7690.0";"";"";"4"
"A";"";"7709";"Compensação";"7690.0";"";"";"4"
"A";"";"7710";"Confusão";"7690.0";"";"";"4"
"A";"";"7711";"Remissão das Dívidas";"7690.0";"";"";"4"
"A";"";"7712";"Promessa de Recompensa";"7694.0";"";"";"4"
"A";"";"7713";"Gestão de Negócios";"7694.0";"";"";"4"
"A";"";"7714";"Pagamento Indevido";"7694.0";"";"";"4"
"A";"";"7715";"Enriquecimento sem Causa";"7694.0";"";"";"4"
"A";"";"7717";"Espécies de Títulos de Crédito";"7681.0";"4960,4961,4962,4963,4964,4968,4969,4970,4971,4972,4973,4974,4975,4976,4980,4981";"4960,4961,4962,4963,4964,4968,4969,4970,4971,4972,4973,4974,4975,4976,4980,4981";"3"
"A";"";"7724";"REGISTROS PÚBLICOS";"";"7725,7729,7895,11992,15074,7732,7735,7834,7835,7925,7926,12771,15068,15069,15070,15071,15075,15220,7737,7896,7897,7898,7899,14927,15076,15077,7911,7912";"7725,7729,7895,11992,15074,7732,7735,7834,7835,7925,7926,12771,15068,15069,15070,15071,15075,15220,7737,7896,7897,7898,7899,14927,15076,15077,7911,7912";"1"
"A";"";"7725";"Registro Civil das Pessoas Naturais";"7724.0";"7732,7735,7834,7835,7925,7926,12771,15068,15069,15070,15071,15075,15220";"7732,7735,7834,7835,7925,7926,12771,15068,15069,15070,15071,15075,15220";"2"
"A";"";"7729";"Tabelionato de Protestos de Títulos";"7724.0";"7737";"7737";"2"
"A";"";"7732";"Registro de nascimento após prazo legal";"7725.0";"";"";"3"
"A";"";"7735";"Retificação de Nome ";"7725.0";"";"";"3"
"A";"";"7737";"Cancelamento de Protesto";"7729.0";"";"";"3"
"A";"";"7748";"Acidente Aéreo";"4862.0";"";"";"4"
"A";"";"7752";"Bancários";"7771.0";"10945,11806,11807,14757,14758,14926,15546";"10945,11806,11807,14757,14758,14926,15546";"3"
"A";"";"7757";"Auxílio-Doença Acidentário";"6094.0";"14807";"";"3"
"A";"";"7760";"Fornecimento de Energia Elétrica";"7771.0";"";"";"3"
"A";"";"7761";"Fornecimento de Água";"7771.0";"";"";"3"
"A";"";"7767";"Substituição do Produto";"6220.0";"";"";"3"
"A";"";"7768";"Rescisão do contrato e devolução do dinheiro";"6220.0";"";"";"3"
"A";"";"7769";"Abatimento proporcional do preço ";"6220.0";"";"";"3"
"A";"";"7770";"Interpretação / Revisão de Contrato";"6220.0";"";"";"3"
"A";"";"7771";"Contratos de Consumo";"1156.0";"4862,6233,7617,7618,7619,7620,7621,7752,7760,7761,7772,7773,7774,7775,7776,11808,11809,11860,11861,4829,4830,4831,4832,7748,12222,12223,12224,12225,7626,7627,10598,10945,11806,11807,14757,14758,14926,15546,11814,11815";"4862,7617,7618,7619,7620,7621,7752,7760,7761,7772,7773,7774,7775,7776,11808,11809,11861,4829,4830,4831,4832,7748,7626,7627,10598,10945,11806,11807,14757,14758,14926,15546,11814,11815";"2"
"A";"";"7772";"Cartão de Crédito";"7771.0";"";"";"3"
"A";"";"7773";"Financiamento de Produto";"7771.0";"";"";"3"
"A";"";"7774";"Serviços Profissionais";"7771.0";"";"";"3"
"A";"";"7775";"Serviços Hospitalares";"7771.0";"";"";"3"
"A";"";"7776";"Transporte Terrestre";"7771.0";"11814,11815";"11814,11815";"3"
"A";"";"7779";"Indenização por Dano Moral";"6220.0";"6226,7781,12042";"6226,7781,12042";"3"
"A";"";"7780";"Indenização por Dano Material";"6220.0";"";"";"3"
"A";"";"7781";"Protesto Indevido de Título";"7779.0";"";"";"4"
"A";"";"7783";"Responsabilidade Contratual";"1146.0";"5193,5194,5196,5609,5612,7797,7798";"5193,5194,5196,5609,5612,7797,7798";"2"
"A";"";"7784";"Responsabilidade Extracontratual";"1146.0";"5575,5577,5589,5591,5592,7799";"5575,5577,5589,5591,5592,7799";"2"
"A";"";"7785";"Prestação Pecuniária";"7790.0";"";"";"4"
"A";"";"7786";"Perda de Bens e Valores";"7790.0";"";"";"4"
"A";"";"7787";"Prestação de Serviços à Comunidade";"7790.0";"";"";"4"
"A";"";"7788";"Interdição Temporária de Direitos";"7790.0";"";"";"4"
"A";"";"7789";"Limitação de Fim de Semana";"7790.0";"";"";"4"
"A";"";"7790";"Pena Restritiva de Direitos";"7942.0";"7785,7786,7787,7788,7789";"7785,7786,7787,7788,7789";"3"
"A";"";"7791";"Pena Privativa de Liberdade";"7942.0";"10635,10636,10637,10906,10907,14928,14929,14930,14931,14932,14933,14934,10864";"10635,10636,10637,10906,10907,14929,14930,14931,14932,14933,14934,10864";"3"
"A";"";"7792";"Pena de Multa";"7942.0";"";"";"3"
"A";"";"7793";"Medidas de Segurança";"7942.0";"7794,7795";"7794,7795";"3"
"A";"";"7794";"Tratamento Ambulatorial";"7793.0";"";"";"4"
"A";"";"7795";"Internação";"7793.0";"";"";"4"
"A";"";"7797";"Quanto à Embarcação";"7783.0";"";"";"3"
"A";"";"7798";"Quanto à Carga";"7783.0";"";"";"3"
"A";"";"7799";"Clandestinos";"7784.0";"";"";"3"
"A";"";"7834";"Retificação de Data de Nascimento";"7725.0";"";"";"3"
"A";"";"7835";"Retificação de Sexo";"7725.0";"";"";"3"
"A";"";"7895";"Registro de Imóveis";"7724.0";"7896,7897,7898,7899,14927,15076,15077,7911,7912";"7896,7897,7898,7899,14927,15076,15077,7911,7912";"2"
"A";"";"7896";"Cancelamento de Hipoteca";"7895.0";"7911,7912";"7911,7912";"3"
"A";"";"7897";"Inscrição na Matrícula de Registro Torrens";"7895.0";"";"";"3"
"A";"";"7898";"Instituição de Bem de Família";"7895.0";"";"";"3"
"A";"";"7899";"Bloqueio de Matrícula";"7895.0";"";"";"3"
"A";"";"7911";"Por Remição";"7896.0";"";"";"4"
"A";"";"7912";"Por Terceiro Prejudicado";"7896.0";"";"";"4"
"A";"";"7925";"Registro de Óbito após prazo legal";"7725.0";"";"";"3"
"A";"";"7926";"Registro de Nascimento de Filho de Brasileiro Nascido no Exterior";"7725.0";"";"";"3"
"A";"2009-08-14 10:36:01";"7928";"Liberdade Provisória";"1209.0";"";"";"2"
"A";"";"7929";"Prisão em flagrante";"1209.0";"";"";"2"
"A";"";"7935";"Perempção";"4263.0";"";"";"3"
"A";"";"7937";"Inclusão/exclusão de Jurado";"1209.0";"";"";"2"
"A";"";"7940";"Deserção";"4305.0";"";"";"3"
"A";"";"7941";"Denegação";"4305.0";"";"";"3"
"A";"2020-06-05 14:48:55";"7942";"Execução Penal e de Medidas Alternativas";"1209.0";"7790,7791,7792,7793,10641,10908,12730,12731,12732,7785,7786,7787,7788,7789,10635,10636,10637,10906,10907,14928,14929,14930,14931,14932,14933,14934,10864,7794,7795";"7790,7791,7792,7793,10641,10908,12731,12732,7785,7786,7787,7788,7789,10635,10636,10637,10906,10907,14928,14929,14930,14931,14932,14933,14934,10864,7794,7795";"2"
"A";"";"7945";"Falsidade";"1209.0";"";"";"2"
"A";"";"7947";"Fatos Jurídicos";"899.0";"4701,5632,4703,4706";"4701,5632,4703,4706";"2"
"A";"";"7949";"Direitos da Personalidade ";"5754.0";"";"";"3"
"A";"";"7952";"Organizações Religiosas";"9981.0";"";"";"3"
"A";"";"8826";"DIREITO PROCESSUAL CIVIL E DO TRABALHO";"";"8828,8842,8875,8883,8893,8938,8960,9045,9148,9192,11781,12152,12933,12934,12940,12941,12943,12944,14121,8829,8838,12965,14068,10651,10652,10653,10654,10901,11047,11048,13099,13100,13109,13263,13359,13378,13386,13390,13398,13415,13451,13452,13461,13471,13525,13462,13506,13343,13427,13549,13161,13241,8843,8859,8865,8866,8867,8868,8873,8874,9258,9493,9494,12998,13091,13135,13234,13239,13068,13162,13267,13307,13157,13259,10655,10656,10657,10658,13184,13185,13350,13385,13537,13541,14840,14841,14842,14843,14844,14845,13000,13003,13022,8884,8888,10659,10660,12415,13188,13304,8919,8928,8934,10938,10939,10734,12400,12401,12402,12403,12404,12405,12406,12407,12408,12410,12411,12412,12413,13089,13212,13233,13289,13321,12409,13114,13268,13305,14846,13066,8939,8941,8942,12951,12963,12978,13026,14849,13170,13277,13310,10735,10736,10737,13201,13248,13252,14847,10863,12414,13051,13206,14067,13065,13094,13221,14850,14851,8961,8986,8990,9024,9026,13020,13029,13039,13085,13149,13180,13306,13603,13605,13609,13611,13348,13399,10940,12419,13237,13294,13606,13608,13613,13614,14864,13540,14862,14863,13407,13420,13432,13434,13555,13559,14074,14865,14866,14867,13251,13256,13282,13288,13600,14073,13132,13210,13318,13607,13615,9047,9050,9060,9098,10666,10738,10999,13028,13036,13598,13599,14870,14871,14872,14873,10668,10669,12420,14868,14869,13292,14078,14081,14082,13524,13544,14075,14076,14077,14079,14080,14874,13264,13601,9149,9160,9163,9166,9178,9180,9189,9414,9418,9419,9450,9453,9484,9517,9518,9519,9520,10573,10670,10671,10672,10673,10683,10686,10880,12974,12986,12987,12988,12989,12990,12991,12993,12999,13014,13024,13031,14069,14857,10684,10685,10687,13129,13190,13214,14070,13542,13543,14860,14861,13430,13080,13140,13164,13189,13240,13249,13250,13278,13297,13303,13363,13364,13458,13526,13053,13067,14852,14853,14854,14856,10859,10860,10861,10676,10677,12160,12161,13086,13187,10678,10679,10680,10869,10885,11923,11924,13097,13216,13253,14912,13285,14855,13062,13093,13265,13470,13121,13245,13313,14858,14859,9196,9524,9532,11982,12416,12417,12418,15511,11782,11783,11784,11785,11786,15481,13045,13150,12947,12957,12967,12970,12971,12972,12982,12983,12985,12992,12995,12996,13001,13002,13005,13015,13025,13027,13030,13034,13038,13043,13148,13298,13320,13610,13329,13342,13257,13314,13478,13270,13602,13612,13220,13116,13050,13266,13322,13244,13311,13207,13300,13269,13287,13468,13145,12994,13040,12955,12958,12962,12973,12984,13004,13017,13019,13023,13032,13035,13042,13047,13133,13284,14122,12952,12954,12977,13008,13009,13010,13011,13012,14072,14071,12755,12946,13007,14083,12756,12757,12758,13070,13088,13101,13219,13312,13319,13076,13077,13087,13098,13151,13218,13258,13271,14084,14085,14086,14087,14088,14089,14090,12966,12968,13018,13033,13146,13071,13072,13159,13217,13081,13142,13357,13379,13469,13505,13223,13224";"8828,8842,8875,8883,8893,8938,8960,9045,9148,9192,11781,12933,12934,12940,12941,12943,12944,14121,8829,8838,12965,14068,10651,10652,10653,10654,10901,11047,11048,13099,13100,13109,13263,13359,13378,13386,13390,13398,13415,13451,13452,13461,13471,13525,13462,13506,13343,13427,13549,13161,13241,8843,8859,8865,8866,8867,8868,8873,8874,9258,9493,9494,12998,13091,13135,13234,13239,13068,13162,13267,13307,13157,13259,10655,10656,10657,10658,13184,13185,13350,13385,13537,13541,14840,14841,14842,14843,14844,14845,13000,13003,13022,8884,8888,10659,10660,12415,13188,13304,8919,8928,8934,10938,10939,10734,12400,12401,12402,12403,12404,12405,12406,12407,12408,12410,12411,12412,12413,13089,13212,13233,13289,13321,12409,13114,13268,13305,14846,13066,8939,8941,8942,12951,12963,12978,13026,14849,13170,13277,13310,10735,10736,10737,13201,13248,13252,14847,10863,12414,13051,13206,14067,13065,13094,13221,14850,14851,8961,8986,8990,9024,9026,13020,13029,13039,13085,13149,13180,13306,13603,13605,13609,13611,13348,13399,10940,12419,13237,13294,13606,13608,13613,13614,14864,13540,14862,14863,13407,13420,13432,13434,13555,13559,14074,14865,14866,14867,13251,13256,13282,13288,13600,14073,13132,13210,13318,13607,13615,9047,9050,9060,9098,10666,10738,10999,13028,13036,13598,13599,14870,14871,14872,14873,10668,10669,12420,14868,14869,13292,14078,14081,14082,13524,13544,14075,14076,14077,14079,14080,14874,13264,13601,9149,9160,9163,9166,9178,9180,9189,9414,9418,9419,9450,9453,9484,9517,9518,9519,9520,10573,10670,10671,10672,10673,10683,10686,10880,12974,12986,12987,12988,12989,12990,12991,12993,12999,13014,13024,13031,14069,14857,10684,10685,10687,13129,13190,13214,14070,13542,13543,14860,14861,13430,13080,13140,13164,13189,13240,13249,13250,13278,13297,13303,13363,13364,13458,13526,13053,13067,14852,14853,14854,14856,10859,10860,10861,10676,10677,12160,12161,13086,13187,10678,10679,10680,10869,10885,11923,11924,13097,13216,13253,14912,13285,14855,13062,13093,13265,13470,13121,13245,13313,14858,14859,9196,9524,9532,11982,12416,12417,12418,15511,11782,11783,11784,11785,11786,15481,13045,13150,12947,12957,12967,12970,12971,12972,12982,12983,12985,12992,12995,12996,13001,13002,13005,13015,13025,13027,13030,13034,13038,13043,13148,13298,13320,13610,13329,13342,13257,13314,13478,13270,13602,13612,13220,13116,13050,13266,13322,13244,13311,13207,13300,13269,13287,13468,13145,12994,13040,12955,12958,12962,12973,12984,13004,13017,13019,13023,13032,13035,13042,13047,13133,13284,14122,12952,12954,12977,13008,13009,13010,13011,13012,14072,14071,12755,12946,13007,14083,12756,12757,12758,13070,13088,13101,13219,13312,13319,13076,13077,13087,13098,13151,13218,13258,13271,14084,14085,14086,14087,14088,14089,14090,12966,12968,13018,13033,13146,13071,13072,13159,13217,13081,13142,13357,13379,13469,13505,13223,13224";"1"
"A";"";"8828";"Jurisdição e Competência";"8826.0";"8829,8838,12965,14068,10651,10652,10653,10654,10901,11047,11048,13099,13100,13109,13263,13359,13378,13386,13390,13398,13415,13451,13452,13461,13471,13525,13462,13506,13343,13427,13549,13161,13241";"8829,8838,12965,14068,10651,10652,10653,10654,10901,11047,11048,13099,13100,13109,13263,13359,13378,13386,13390,13398,13415,13451,13452,13461,13471,13525,13462,13506,13343,13427,13549,13161,13241";"2"
"A";"";"8829";"Competência ";"8828.0";"10651,10652,10653,10654,10901,11047,11048,13099,13100,13109,13263,13359,13378,13386,13390,13398,13415,13451,13452,13461,13471,13525,13462,13506,13343,13427,13549";"10651,10652,10653,10654,10901,11047,11048,13099,13100,13109,13263,13359,13378,13386,13390,13398,13415,13451,13452,13461,13471,13525,13462,13506,13343,13427,13549";"3"
"A";"";"8838";"Imunidade de Jurisdição";"8828.0";"13161,13241";"13161,13241";"3"
"A";"";"8842";" Partes e Procuradores";"8826.0";"8843,8859,8865,8866,8867,8868,8873,8874,9258,9493,9494,12998,13091,13135,13234,13239,13068,13162,13267,13307,13157,13259,10655,10656,10657,10658,13184,13185,13350,13385,13537,13541,14840,14841,14842,14843,14844,14845";"8843,8859,8865,8866,8867,8868,8873,8874,9258,9493,9494,12998,13091,13135,13234,13239,13068,13162,13267,13307,13157,13259,10655,10656,10657,10658,13184,13185,13350,13385,13537,13541,14840,14841,14842,14843,14844,14845";"2"
"A";"";"8843";"Assistência Judiciária Gratuita";"8842.0";"";"";"3"
"A";"";"8859";"Intervenção de Terceiros ";"8842.0";"13091,13135,13234,13239";"13091,13135,13234,13239";"3"
"A";"";"8865";"Litigância de Má-Fé";"8842.0";"";"";"3"
"A";"2018-11-19 15:58:49";"8866";"Litisconsórcio ";"8842.0";"";"";"3"
"A";"2020-12-04 18:55:25";"8867";"Substituição Processual";"8842.0";"";"";"3"
"A";"2018-11-19 16:02:07";"8868";"Procuração ";"8842.0";"13068,13162,13267,13307";"13068,13162,13267,13307";"3"
"A";"";"8873";"Representação em Juízo";"8842.0";"13157,13259";"13157,13259";"3"
"A";"";"8874";"Sucumbência ";"8842.0";"10655,10656,10657,10658,13184,13185,13350,13385,13537,13541,14840,14841,14842,14843,14844,14845";"10655,10656,10657,10658,13184,13185,13350,13385,13537,13541,14840,14841,14842,14843,14844,14845";"3"
"A";"";"8875";"Ministério Público";"8826.0";"13000,13003,13022";"13000,13003,13022";"2"
"A";"";"8883";"Órgãos Judiciários e Auxiliares da Justiça";"8826.0";"8884,8888,10659,10660,12415,13188,13304";"8884,8888,10659,10660,12415,13188,13304";"2"
"A";"";"8884";"Do Juiz";"8883.0";"10659,10660,12415";"10659,10660,12415";"3"
"A";"";"8888";"Dos Auxiliares da Justiça";"8883.0";"13188,13304";"13188,13304";"3"
"A";"";"8893";"Atos Processuais";"8826.0";"8919,8928,8934,10938,10939,10734,12400,12401,12402,12403,12404,12405,12406,12407,12408,12410,12411,12412,12413,13089,13212,13233,13289,13321,12409,13114,13268,13305,14846,13066";"8919,8928,8934,10938,10939,10734,12400,12401,12402,12403,12404,12405,12406,12407,12408,12410,12411,12412,12413,13089,13212,13233,13289,13321,12409,13114,13268,13305,14846,13066";"2"
"A";"";"8919";"Nulidade";"8893.0";"10734,12400,12401,12402,12403,12404,12405,12406,12407,12408,12410,12411,12412,12413,13089,13212,13233,13289,13321,12409";"10734,12400,12401,12402,12403,12404,12405,12406,12407,12410,12411,12412,12413,13089,13212,13233";"3"
"A";"";"8928";" Prazo";"8893.0";"13114,13268,13305,14846";"13114,13268,13305,14846";"3"
"A";"";"8934";"Valor da Causa";"8893.0";"13066";"13066";"3"
"A";"";"8938";"Formação, Suspensão e Extinção do Processo";"8826.0";"8939,8941,8942,12951,12963,12978,13026,14849,13170,13277,13310,10735,10736,10737,13201,13248,13252,14847,10863,12414,13051,13206,14067,13065,13094,13221,14850,14851";"8939,8941,8942,12951,12963,12978,13026,14849,13170,13277,13310,10735,10736,10737,13201,13248,13252,14847,10863,12414,13051,13206,14067,13065,13094,13221,14850,14851";"2"
"A";"";"8939";" Suspensão do Processo";"8938.0";"13170,13277,13310";"13170,13277,13310";"3"
"A";"";"8941";"Modificação ou Alteração do Pedido";"8938.0";"";"";"3"
"A";"";"8942";"Extinção do Processo Sem Resolução de Mérito";"8938.0";"10735,10736,10737,13201,13248,13252,14847,10863,12414";"10735,10736,10737,13201,13248,13252,14847,10863,12414";"3"
"A";"";"8960";"Processo e Procedimento";"8826.0";"8961,8986,8990,9024,9026,13020,13029,13039,13085,13149,13180,13306,13603,13605,13609,13611,13348,13399,10940,12419,13237,13294,13606,13608,13613,13614,14864,13540,14862,14863,13407,13420,13432,13434,13555,13559,14074,14865,14866,14867,13251,13256,13282,13288,13600,14073,13132,13210,13318,13607,13615";"8961,8986,8990,9024,9026,13020,13029,13039,13085,13149,13180,13306,13603,13605,13609,13611,13348,13399,10940,12419,13237,13294,13606,13608,13613,13614,14864,13540,14862,14863,13407,13420,13432,13434,13555,13559,14074,14865,14866,14867,13251,13256,13282,13288,13600,14073,13132,13210,13318,13607,13615";"2"
"A";"2020-11-19 13:20:52";"8961";"Antecipação de Tutela / Tutela Específica";"8960.0";"13085,13149,13180,13306,13603,13605,13609,13611,13348,13399";"13085,13149,13180,13306,13603,13605,13609,13611,13348,13399";"3"
"A";"";"8986";"Erro de Procedimento";"8960.0";"";"";"3"
"A";"";"8990";"Provas";"8960.0";"10940,12419,13237,13294,13606,13608,13613,13614,14864,13540,14862,14863,13407,13420,13432,13434,13555,13559,14074,14865,14866,14867";"10940,12419,13237,13294,13606,13608,13613,13614,14864,13540,14862,14863,13407,13420,13432,13434,13555,13559,14074,14865,14866,14867";"3"
"A";"";"9024";"Revelia ";"8960.0";"13251,13256,13282";"13251,13256,13282";"3"
"A";"";"9026";"Vícios Formais da Sentença";"8960.0";"";"";"3"
"A";"2009-05-29 12:07:39";"9045";"Recurso";"8826.0";"9047,9050,9060,9098,10666,10738,10999,13028,13036,13598,13599,14870,14871,14872,14873,10668,10669,12420,14868,14869,13292,14078,14081,14082,13524,13544,14075,14076,14077,14079,14080,14874,13264,13601";"9047,9050,9060,9098,10666,10738,13028,13036,13598,13599,14870,14871,14872,14873,10668,10669,12420,14868,14869,13292,14078,14081,14082,13524,13544,14075,14076,14077,14079,14080,14874,13264,13601";"2"
"A";"";"9047";"Efeitos";"9045.0";"";"";"3"
"A";"2020-11-19 13:44:47";"9050";"Preparo/Deserção";"9045.0";"13598,13599,14870,14871,14872,14873";"14870,14871,14872,14873";"3"
"A";"2018-11-27 16:40:47";"9060";"Prazo";"9045.0";"10668,10669,12420,14868,14869";"10668,10669,12420,14868,14869";"3"
"A";"";"9098";" Cabimento";"9045.0";"13292,14078,14081,14082,13524,13544,14075,14076,14077,14079,14080";"13292,14078,14081,14082,13524,13544,14075,14076,14077,14079,14080";"3"
"A";"";"9148";"Liquidação / Cumprimento / Execução";"8826.0";"9149,9160,9163,9166,9178,9180,9189,9414,9418,9419,9450,9453,9484,9517,9518,9519,9520,10573,10670,10671,10672,10673,10683,10686,10880,12974,12986,12987,12988,12989,12990,12991,12993,12999,13014,13024,13031,14069,14857,10684,10685,10687,13129,13190,13214,14070,13542,13543,14860,14861,13430,13080,13140,13164,13189,13240,13249,13250,13278,13297,13303,13363,13364,13458,13526,13053,13067,14852,14853,14854,14856,10859,10860,10861,10676,10677,12160,12161,13086,13187,10678,10679,10680,10869,10885,11923,11924,13097,13216,13253,14912,13285,14855,13062,13093,13265,13470,13121,13245,13313,14858,14859";"9149,9160,9163,9166,9178,9180,9189,9414,9418,9419,9450,9453,9484,9517,9518,9519,9520,10573,10670,10671,10672,10673,10683,10686,10880,12974,12986,12987,12988,12989,12991,12993,12999,13014,13024,13031,14069,14857,10684,10685,10687,13129,13190,13214,14070,13542,13543,14860,14861,13430,13080,13140,13164,13189,13240,13249,13250,13278,13297,13303,13363,13364,13458,13526,13053,13067,14852,14853,14854,14856,10859,10860,10861,10676,10677,12160,12161,13086,13187,10678,10679,10680,10869,10885,11923,11924,13097,13216,13253,14912,13285,14855,13062,13093,13265,13470,13121,13245,13313,14858,14859";"2"
"A";"";"9149";"Valor da Execução / Cálculo / Atualização";"9148.0";"10684,10685,10687,13129,13190,13214,14070,13542,13543,14860,14861,13430";"10684,10685,10687,13129,13190,14070,13542,13543,14860,14861";"3"
"A";"";"9160";"Levantamento de Valor";"9148.0";"";"";"3"
"A";"2018-11-21 14:58:21";"9163";"Penhora / Depósito/ Avaliação ";"9148.0";"13080,13140,13164,13189,13240,13249,13250,13278,13297,13303,13363,13364,13458,13526";"13080,13140,13164,13189,13240,13249,13250,13278,13297,13303,13363,13364,13458,13526";"3"
"A";"";"9166";"Multa de 10%";"9148.0";"";"";"3"
"A";"2018-11-21 17:59:07";"9178";"Inexequibilidade do Título / Inexigibilidade da Obrigação";"9148.0";"";"";"3"
"A";"";"9180";"Expropriação de Bens";"9148.0";"13053,13067";"13053,13067";"3"
"A";"";"9189";"Remição";"9148.0";"";"";"3"
"A";"2018-11-23 14:53:16";"9192";"Tutela Provisória";"8826.0";"9196,9524,9532,11982,12416,12417,12418,15511";"9196,9524,9532,11982,12416,12417,12418,15511";"2"
"A";"";"9196";"Liminar ";"9192.0";"";"";"3"
"A";"";"9258";"Honorários Periciais";"8842.0";"";"";"3"
"A";"";"9414";"Extinção da Execução";"9148.0";"14852,14853,14854";"14852,14853,14854";"3"
"A";"";"9418";"Concurso de Credores";"9148.0";"";"";"3"
"A";"";"9419";"Execução Previdenciária";"9148.0";"";"";"3"
"A";"";"9450";"Fraude à Execução";"9148.0";"";"";"3"
"A";"";"9453";"Imunidade de Execução";"9148.0";"";"";"3"
"A";"";"9484";"Sucessão";"9148.0";"14856";"14856";"3"
"A";"";"9493";"Capacidade Processual";"8842.0";"";"";"3"
"A";"2020-12-04 18:54:10";"9494";"Substituição da Parte";"8842.0";"";"";"3"
"A";"";"9517";"Causas Supervenientes à Sentença";"9148.0";"";"";"3"
"A";"";"9518";"Efeito Suspensivo / Impugnação / Embargos à Execução";"9148.0";"";"";"3"
"A";"";"9519";"Benefício de Ordem";"9148.0";"";"";"3"
"A";"";"9520";"Ato Atentatório à Dignidade da Justiça";"9148.0";"";"";"3"
"A";"";"9524";"Indenização do Prejuízo";"9192.0";"";"";"3"
"A";"2018-11-22 17:15:31";"9532";"Caução";"9192.0";"";"";"3"
"A";"";"9533";"Coligação";"5724.0";"";"";"4"
"A";"";"9534";"Transformação";"5724.0";"";"";"4"
"A";"";"9535";"Incorporação";"5724.0";"";"";"4"
"A";"";"9536";"Fusão";"5724.0";"";"";"4"
"A";"";"9537";"Cisão";"5724.0";"";"";"4"
"A";"";"9538";"Liquidação";"5724.0";"";"";"4"
"A";"";"9539";"Alteração de capital";"5724.0";"";"";"4"
"A";"";"9541";"Capacidade";"5754.0";"";"";"3"
"A";"";"9542";"Curadoria dos bens do ausente";"5754.0";"";"";"3"
"A";"";"9543";"Sucessão Provisória";"5754.0";"";"";"3"
"A";"";"9545";"Inclusão de associado";"4897.0";"";"";"4"
"A";"";"9546";"Exclusão de associado";"4897.0";"";"";"4"
"A";"";"9547";"Fiscalização";"4905.0";"";"";"4"
"A";"";"9555";"Ineficácia de atos  em relação à massa";"4993.0";"";"";"4"
"A";"";"9556";"Convolação de recuperação judicial em falência";"4993.0";"";"";"4"
"A";"";"9558";"Administração judicial";"4993.0";"";"";"4"
"A";"";"9559";"Classificação de créditos";"4993.0";"";"";"4"
"A";"";"9565";"Laudo Arbitral Internacional";"6191.0";"";"";"2"
"A";"";"9575";"Sustação de Protesto";"4949.0";"";"";"4"
"A";"";"9580";"Espécies de Contratos";"7681.0";"4728,4794,4805,4813,4839,5680,9581,9582,9583,9584,9585,9586,9587,9588,9589,9590,9591,9592,9593,9594,9595,9596,9597,9598,9599,9600,9601,9602,9603,9604,9605,9606,9607,9608,9609,10501,13055,13124,13136,13153,13230,13262,14916,14917,14918,10590,4840,4841,4842,4843,4846,4847,4854,10588,11804,11805,14237,14735,9610,9611,9612,9614,9615,11000,11001,14915";"4728,4794,4805,4813,4839,5680,9581,9582,9583,9584,9585,9586,9587,9588,9589,9590,9591,9592,9593,9594,9595,9596,9597,9598,9599,9600,9601,9602,9603,9604,9605,9606,9607,9608,9609,10501,14916,14917,14918,10590,4840,4841,4842,4843,4846,4847,4854,10588,11804,11805,14237,14735,9610,9611,9612,9614,9615,11000,11001,14915";"3"
"A";"2020-11-18 14:57:02";"9581";"Agência e Distribuição";"9580.0";"";"";"4"
"A";"";"9582";"Alienação Fiduciária";"9580.0";"";"";"4"
"A";"";"9583";"Arrendamento Rural";"9580.0";"";"";"4"
"A";"";"9584";"Arrendamento Mercantil";"9580.0";"";"";"4"
"A";"";"9585";"Cartão de Crédito";"9580.0";"";"";"4"
"A";"";"9586";"Comissão";"9580.0";"";"";"4"
"A";"";"9587";"Compra e Venda";"9580.0";"";"";"4"
"A";"";"9588";"Corretagem";"9580.0";"";"";"4"
"A";"";"9589";"Depósito";"9580.0";"";"";"4"
"A";"";"9590";"Doação";"9580.0";"";"";"4"
"A";"";"9591";"Empreitada";"9580.0";"";"";"4"
"A";"";"9592";"Fiança";"9580.0";"";"";"4"
"A";"";"9593";"Locação de Imóvel";"9580.0";"9610,9611,9612,9614,9615,11000,11001,14915";"9610,9611,9612,9614,9615,11000,11001,14915";"4"
"A";"";"9594";"Mandato";"9580.0";"";"";"4"
"A";"";"9595";"Troca ou Permuta";"9580.0";"";"";"4"
"A";"";"9596";"Prestação de Serviços";"9580.0";"";"";"4"
"A";"";"9597";"Seguro";"9580.0";"";"";"4"
"A";"";"9598";"Transação";"9580.0";"";"";"4"
"A";"";"9599";"Transporte de Coisas";"9580.0";"";"";"4"
"A";"";"9600";"Transporte de Pessoas";"9580.0";"";"";"4"
"A";"";"9601";"Estimatório";"9580.0";"";"";"4"
"A";"";"9602";"Comodato";"9580.0";"";"";"4"
"A";"";"9603";"Mútuo";"9580.0";"";"";"4"
"A";"";"9604";"Constituição de Renda";"9580.0";"";"";"4"
"A";"";"9605";"Jogo e Aposta";"9580.0";"";"";"4"
"A";"";"9606";"Compromisso";"9580.0";"";"";"4"
"A";"";"9607";"Contratos Bancários";"9580.0";"";"";"4"
"A";"";"9608";"Franquia";"9580.0";"";"";"4"
"A";"";"9609";"Locação de Móvel";"9580.0";"";"";"4"
"A";"";"9610";"Despejo para Uso Próprio";"9593.0";"";"";"5"
"A";"";"9611";"Despejo para Uso de Ascendentes e Descendentes";"9593.0";"";"";"5"
"A";"";"9612";"Despejo por Denúncia Vazia";"9593.0";"";"";"5"
"A";"";"9614";"Benfeitorias";"9593.0";"";"";"5"
"A";"";"9615";"Direito de Preferência";"9593.0";"";"";"5"
"A";"";"9616";"Empresas";"899.0";"4993,5009,5724,9617,4994,4998,5000,5001,5003,9555,9556,9558,9559,10924,11985,5010,4933,4934,4935,4939,4940,4942,4943,9533,9534,9535,9536,9537,9538,9539,9618,9619,9620,9621,9622,9623,9624,9625,9626,9627,9629,9984";"4993,5009,5724,9617,4994,4998,5000,5001,5003,9555,9556,9558,9559,10924,11985,5010,4933,4934,4935,4939,4940,4942,4943,9533,9534,9535,9536,9537,9538,9539,9618,9619,9620,9621,9622,9623,9624,9625,9626,9627,9629,9984";"2"
"A";"";"9617";"Espécies de Sociedades";"9616.0";"9618,9619,9620,9621,9622,9623,9624,9625,9626,9627,9629,9984";"9618,9619,9620,9621,9622,9623,9624,9625,9626,9627,9629,9984";"3"
"A";"";"9618";"Conta de Participação";"9617.0";"";"";"4"
"A";"";"9619";"Simples";"9617.0";"";"";"4"
"A";"";"9620";"Nome Coletivo";"9617.0";"";"";"4"
"A";"";"9621";"Comandita Simples";"9617.0";"";"";"4"
"A";"";"9622";"Limitada";"9617.0";"";"";"4"
"A";"";"9623";"Anônima";"9617.0";"";"";"4"
"A";"";"9624";"Comandita por Ações";"9617.0";"";"";"4"
"A";"";"9625";"Cooperativa";"9617.0";"";"";"4"
"A";"";"9626";"Coligadas";"9617.0";"";"";"4"
"A";"";"9627";"Dependente de Autorização";"9617.0";"";"";"4"
"A";"";"9629";"Estrangeira";"9617.0";"";"";"4"
"A";"";"9633";"DIREITO DA CRIANÇA E DO ADOLESCENTE";"";"9634,9964,10688,15197,15198,15199,9635,9641,9648,9653,9655,9659,9664,9666,9671,9674,9720,9722,9734,9740,9755,9773,9803,9807,9828,9847,9914,9915,9916,9917,9929,9932,9955,11979,15175,15385,15525,15568,15688,9636,9637,9638,9639,9640,11987,12131,12358,15178,9642,9643,9644,9645,9646,9647,14945,12196,12197,9649,9650,9651,9652,9654,14691,15310,9656,9657,9658,12545,12546,12547,14108,14109,14110,14111,14112,14113,14114,14115,15133,9660,9661,9662,9663,14686,14944,15484,15485,15549,15555,15550,15551,15552,15553,15554,15556,15557,15558,15559,15560,9665,9667,9668,9669,9670,9672,9673,9675,9676,9677,9678,9679,9680,9681,9682,9683,9684,9685,9686,9687,9688,9689,9690,9691,9692,9693,9694,9695,9696,9697,9698,9699,9700,9701,9702,9703,9704,9705,9706,9707,9708,9709,9710,9711,9712,9713,9714,9715,9716,9717,9718,9719,11960,12009,14693,14700,15411,15624,9721,9723,9724,9725,9726,9727,9728,9729,9730,9731,9732,9733,9735,9736,9737,9738,9739,9741,9742,9743,9744,9745,9746,9747,9748,9749,9750,9751,9752,9753,9754,11456,11457,11458,11459,11460,11461,12384,12385,9756,9760,9766,9770,9757,9758,9759,9761,9762,9763,9764,9765,9767,9768,9769,9771,9772,9774,9775,9776,9777,9778,9779,9780,9781,9782,9783,9784,9785,9786,9787,9788,9789,9790,9791,9792,9793,9794,9795,9796,9797,9798,9799,9800,9801,9802,11962,11964,11965,11968,11970,11971,11973,9804,9805,9806,14687,14688,9808,9809,9810,9811,9812,9813,9814,9815,9816,9817,9818,9819,9820,9821,9822,9823,9824,9825,9826,9827,9829,9830,9831,9832,9833,9834,9835,9836,9837,9838,9839,9840,9841,9842,9843,9844,9845,9846,9848,9855,9856,9857,9858,9869,9870,9871,9872,9873,9874,9875,9876,9877,9878,9888,9889,9890,9891,9892,9893,9894,9895,9896,9897,9898,9899,9900,9901,9903,9904,9905,9906,9907,9908,9909,9910,9911,9912,9913,11896,12010,12012,12014,12016,12018,12020,12022,12024,12026,14228,14699,15073,15134,15181,15398,15400,15404,15407,9849,9850,9851,9852,9853,9854,9859,9860,9861,9862,9863,9864,9865,9866,9867,9868,9879,9880,9881,9882,9883,9884,9886,9887,11779,15457,15458,15459,15460,15461,15462,15463,15464,15465,15466,15467,15468,15469,15470,15471,15472,15473,15474,15475,15476,15477,15478,15479,14229,15135,15136,15137,15138,15139,15182,15402,9918,9919,9920,9921,9922,9923,9924,9925,9926,9927,9928,9930,9931,9933,9934,9935,9936,9937,9938,9939,9940,9941,9942,9943,9944,9945,9946,9947,9948,9949,9950,9951,9952,9953,11939,9956,9957,9958,9959,9960,9961,9962,9963,15386,15387,15388,15389,15390,15391,15392,15393,15394,15395,15396,15526,15527,15528,15529,9965,9966,9967,9968,9969,9970,9971,9972,9973,9974,9975,9977,9978,9979,10941,11816,11817,11818,11819,11820,11821,11981,12006,12007,12090,12341,15176,11996,11997,11998,11999,12000,12001,12002,12003,12004,12005,14672,14673,14674,14675,11386,11387,11388,11389,11390,11391,11392,12030,12157";"9634,9964,10688,15197,15198,15199,9635,9641,9648,9653,9655,9659,9664,9666,9671,9674,9720,9722,9734,9740,9755,9773,9803,9807,9828,9847,9914,9915,9916,9917,9929,9932,9955,11979,15175,15385,15525,15568,15688,9636,9637,9638,9639,9640,11987,12131,12358,15178,9642,9643,9644,9645,9646,9647,14945,12196,12197,9649,9650,9651,9652,9654,14691,15310,9656,9657,9658,12545,12546,12547,14108,14109,14110,14111,14112,14113,14114,14115,15133,9660,9661,9662,9663,14686,14944,15484,15485,15549,15555,15550,15551,15552,15553,15554,15556,15557,15558,15559,15560,9665,9667,9668,9669,9670,9672,9673,9675,9676,9677,9678,9679,9680,9681,9682,9683,9684,9685,9686,9687,9688,9689,9690,9691,9692,9693,9694,9695,9696,9697,9698,9699,9700,9701,9702,9703,9704,9705,9706,9707,9708,9709,9710,9711,9712,9713,9714,9715,9716,9717,9718,9719,11960,12009,14693,14700,15411,15624,9721,9723,9724,9725,9726,9727,9728,9729,9730,9731,9732,9733,9735,9736,9737,9738,9739,9741,9742,9743,9744,9745,9746,9747,9748,9749,9750,9751,9752,9753,9754,11456,11457,11458,11459,11460,11461,12384,12385,9756,9760,9766,9770,9757,9758,9759,9761,9762,9763,9764,9765,9767,9768,9769,9771,9772,9774,9775,9776,9777,9778,9779,9780,9781,9782,9783,9784,9785,9786,9787,9788,9789,9790,9791,9792,9793,9794,9795,9796,9797,9798,9799,9800,9801,9802,11962,11964,11965,11968,11970,11971,11973,9804,9805,9806,14687,14688,9808,9809,9810,9811,9812,9813,9814,9815,9816,9817,9818,9819,9820,9821,9822,9823,9824,9825,9826,9827,9829,9830,9831,9832,9833,9834,9835,9836,9837,9838,9839,9840,9841,9842,9843,9844,9845,9846,9848,9855,9856,9857,9858,9869,9870,9871,9872,9873,9874,9875,9876,9877,9878,9888,9889,9890,9891,9892,9893,9894,9895,9896,9897,9898,9899,9900,9901,9903,9904,9905,9906,9907,9908,9909,9910,9911,9912,9913,11896,12010,12012,12014,12016,12018,12020,12022,12024,12026,14228,14699,15073,15134,15181,15398,15400,15404,15407,9849,9850,9851,9852,9853,9854,9859,9860,9861,9862,9863,9864,9865,9866,9867,9868,9879,9880,9881,9882,9883,9884,9886,9887,11779,15457,15458,15459,15460,15461,15462,15463,15464,15465,15466,15467,15468,15469,15470,15471,15472,15473,15474,15475,15476,15477,15478,15479,14229,15135,15136,15137,15138,15139,15182,15402,9918,9919,9920,9921,9922,9923,9924,9925,9926,9927,9928,9930,9931,9933,9934,9935,9936,9937,9938,9939,9940,9941,9942,9943,9944,9945,9946,9947,9948,9949,9950,9951,9952,9953,11939,9956,9957,9958,9959,9960,9961,9962,9963,15386,15387,15388,15389,15390,15391,15392,15393,15394,15395,15396,15526,15527,15528,15529,9965,9966,9967,9968,9969,9970,9971,9972,9973,9974,9975,9977,9978,9979,10941,11816,11817,11818,11819,11820,11821,11981,12006,12007,12090,12341,15176,11996,11997,11998,11999,12000,12001,12002,12003,12004,12005,14672,14673,14674,14675,11386,11387,11388,11389,11390,11391,11392,12030,12157";"1"
"A";"";"9634";"Ato Infracional";"9633.0";"9635,9641,9648,9653,9655,9659,9664,9666,9671,9674,9720,9722,9734,9740,9755,9773,9803,9807,9828,9847,9914,9915,9916,9917,9929,9932,9955,11979,15175,15385,15525,15568,15688,9636,9637,9638,9639,9640,11987,12131,12358,15178,9642,9643,9644,9645,9646,9647,14945,12196,12197,9649,9650,9651,9652,9654,14691,15310,9656,9657,9658,12545,12546,12547,14108,14109,14110,14111,14112,14113,14114,14115,15133,9660,9661,9662,9663,14686,14944,15484,15485,15549,15555,15550,15551,15552,15553,15554,15556,15557,15558,15559,15560,9665,9667,9668,9669,9670,9672,9673,9675,9676,9677,9678,9679,9680,9681,9682,9683,9684,9685,9686,9687,9688,9689,9690,9691,9692,9693,9694,9695,9696,9697,9698,9699,9700,9701,9702,9703,9704,9705,9706,9707,9708,9709,9710,9711,9712,9713,9714,9715,9716,9717,9718,9719,11960,12009,14693,14700,15411,15624,9721,9723,9724,9725,9726,9727,9728,9729,9730,9731,9732,9733,9735,9736,9737,9738,9739,9741,9742,9743,9744,9745,9746,9747,9748,9749,9750,9751,9752,9753,9754,11456,11457,11458,11459,11460,11461,12384,12385,9756,9760,9766,9770,9757,9758,9759,9761,9762,9763,9764,9765,9767,9768,9769,9771,9772,9774,9775,9776,9777,9778,9779,9780,9781,9782,9783,9784,9785,9786,9787,9788,9789,9790,9791,9792,9793,9794,9795,9796,9797,9798,9799,9800,9801,9802,11962,11964,11965,11968,11970,11971,11973,9804,9805,9806,14687,14688,9808,9809,9810,9811,9812,9813,9814,9815,9816,9817,9818,9819,9820,9821,9822,9823,9824,9825,9826,9827,9829,9830,9831,9832,9833,9834,9835,9836,9837,9838,9839,9840,9841,9842,9843,9844,9845,9846,9848,9855,9856,9857,9858,9869,9870,9871,9872,9873,9874,9875,9876,9877,9878,9888,9889,9890,9891,9892,9893,9894,9895,9896,9897,9898,9899,9900,9901,9903,9904,9905,9906,9907,9908,9909,9910,9911,9912,9913,11896,12010,12012,12014,12016,12018,12020,12022,12024,12026,14228,14699,15073,15134,15181,15398,15400,15404,15407,9849,9850,9851,9852,9853,9854,9859,9860,9861,9862,9863,9864,9865,9866,9867,9868,9879,9880,9881,9882,9883,9884,9886,9887,11779,15457,15458,15459,15460,15461,15462,15463,15464,15465,15466,15467,15468,15469,15470,15471,15472,15473,15474,15475,15476,15477,15478,15479,14229,15135,15136,15137,15138,15139,15182,15402,9918,9919,9920,9921,9922,9923,9924,9925,9926,9927,9928,9930,9931,9933,9934,9935,9936,9937,9938,9939,9940,9941,9942,9943,9944,9945,9946,9947,9948,9949,9950,9951,9952,9953,11939,9956,9957,9958,9959,9960,9961,9962,9963,15386,15387,15388,15389,15390,15391,15392,15393,15394,15395,15396,15526,15527,15528,15529";"9635,9641,9648,9653,9655,9659,9664,9666,9671,9674,9720,9722,9734,9740,9755,9773,9803,9807,9828,9847,9914,9915,9916,9917,9929,9932,9955,11979,15175,15385,15525,15568,15688,9636,9637,9638,9639,9640,11987,12131,12358,15178,9642,9643,9644,9645,9646,9647,14945,12196,12197,9649,9650,9651,9652,9654,14691,15310,9656,9657,9658,12545,12546,12547,14108,14109,14110,14111,14112,14113,14114,14115,15133,9660,9661,9662,9663,14686,14944,15484,15485,15549,15555,15550,15551,15552,15553,15554,15556,15557,15558,15559,15560,9665,9667,9668,9669,9670,9672,9673,9675,9676,9677,9678,9679,9680,9681,9682,9683,9684,9685,9686,9687,9688,9689,9690,9691,9692,9693,9694,9695,9696,9697,9698,9699,9700,9701,9702,9703,9704,9705,9706,9707,9708,9709,9710,9711,9712,9713,9714,9715,9716,9717,9718,9719,11960,12009,14693,14700,15411,15624,9721,9723,9724,9725,9726,9727,9728,9729,9730,9731,9732,9733,9735,9736,9737,9738,9739,9741,9742,9743,9744,9745,9746,9747,9748,9749,9750,9751,9752,9753,9754,11456,11457,11458,11459,11460,11461,12384,12385,9756,9760,9766,9770,9757,9758,9759,9761,9762,9763,9764,9765,9767,9768,9769,9771,9772,9774,9775,9776,9777,9778,9779,9780,9781,9782,9783,9784,9785,9786,9787,9788,9789,9790,9791,9792,9793,9794,9795,9796,9797,9798,9799,9800,9801,9802,11962,11964,11965,11968,11970,11971,11973,9804,9805,9806,14687,14688,9808,9809,9810,9811,9812,9813,9814,9815,9816,9817,9818,9819,9820,9821,9822,9823,9824,9825,9826,9827,9829,9830,9831,9832,9833,9834,9835,9836,9837,9838,9839,9840,9841,9842,9843,9844,9845,9846,9848,9855,9856,9857,9858,9869,9870,9871,9872,9873,9874,9875,9876,9877,9878,9888,9889,9890,9891,9892,9893,9894,9895,9896,9897,9898,9899,9900,9901,9903,9904,9905,9906,9907,9908,9909,9910,9911,9912,9913,11896,12010,12012,12014,12016,12018,12020,12022,12024,12026,14228,14699,15073,15134,15181,15398,15400,15404,15407,9849,9850,9851,9852,9853,9854,9859,9860,9861,9862,9863,9864,9865,9866,9867,9868,9879,9880,9881,9882,9883,9884,9886,9887,11779,15457,15458,15459,15460,15461,15462,15463,15464,15465,15466,15467,15468,15469,15470,15471,15472,15473,15474,15475,15476,15477,15478,15479,14229,15135,15136,15137,15138,15139,15182,15402,9918,9919,9920,9921,9922,9923,9924,9925,9926,9927,9928,9930,9931,9933,9934,9935,9936,9937,9938,9939,9940,9941,9942,9943,9944,9945,9946,9947,9948,9949,9950,9951,9952,9953,11939,9956,9957,9958,9959,9960,9961,9962,9963,15386,15387,15388,15389,15390,15391,15392,15393,15394,15395,15396,15526,15527,15528,15529";"2"
"A";"";"9635";"Contra a vida";"9634.0";"9636,9637,9638,9639,9640,11987,12131,12358,15178";"9636,9637,9638,9639,9640,11987,12131,12358,15178";"3"
"A";"";"9636";"Homicídio Simples";"9635.0";"";"";"4"
"A";"";"9637";"Homicídio Privilegiado";"9635.0";"";"";"4"
"A";"";"9638";"Homicídio Qualificado";"9635.0";"";"";"4"
"A";"";"9639";"Induzimento, Instigação ou Auxílio a Suicídio";"9635.0";"";"";"4"
"A";"";"9640";"Infanticídio";"9635.0";"";"";"4"
"A";"";"9641";"Lesões Corporais";"9634.0";"9642,9643,9644,9645,9646,9647,14945,12196,12197";"9642,9643,9644,9645,9646,9647,14945,12196,12197";"3"
"A";"";"9642";"Leve";"9641.0";"";"";"4"
"A";"";"9643";"Seguida de Morte";"9641.0";"";"";"4"
"A";"";"9644";"Grave";"9641.0";"";"";"4"
"A";"";"9645";"Gravíssima";"9641.0";"";"";"4"
"A";"";"9646";"Privilegiada";"9641.0";"";"";"4"
"A";"";"9647";"Decorrente de Violência Doméstica";"9641.0";"12196,12197";"12196,12197";"4"
"A";"2021-05-28 14:08:28";"9648";"Periclitação da Vida e da Saúde";"9634.0";"9649,9650,9651,9652,9654,14691,15310";"9649,9650,9651,9652,9654,14691,15310";"3"
"A";"";"9649";"Perigo de contágio de moléstia grave";"9648.0";"";"";"4"
"A";"";"9650";"Perigo para a vida ou saúde de outrem (art. 132)";"9648.0";"";"";"4"
"A";"";"9651";"Abandono de incapaz (art. 133)";"9648.0";"";"";"4"
"A";"";"9652";"Omissão de socorro (art. 135)";"9648.0";"";"";"4"
"A";"";"9653";"Rixa (art. 137)";"9634.0";"";"";"3"
"A";"2012-04-23 13:57:41";"9654";"Perigo de Contágio Venéreo";"9648.0";"";"";"4"
"A";"";"9655";"Contra a Honra";"9634.0";"9656,9657,9658,12545,12546,12547,14108,14109,14110,14111,14112,14113,14114,14115,15133";"9656,9657,9658,12545,12546,12547,14108,14109,14110,14111,14112,14113,14114,14115,15133";"3"
"A";"";"9656";"Calúnia";"9655.0";"";"";"4"
"A";"";"9657";"Difamação";"9655.0";"";"";"4"
"A";"";"9658";"Injúria";"9655.0";"12545,12546,12547,14108,14109,14110,14111,14112,14113,14114,14115,15133";"12545,12546,12547,14108,14109,14110,14111,14112,14113,14114,14115,15133";"4"
"A";"";"9659";"Contra a liberdade pessoal";"9634.0";"9660,9661,9662,9663,14686,14944,15484,15485,15549,15555,15550,15551,15552,15553,15554,15556,15557,15558,15559,15560";"9660,9661,9662,9663,14686,14944,15484,15485,15549,15555,15550,15551,15552,15553,15554,15556,15557,15558,15559,15560";"3"
"A";"";"9660";"Constrangimento ilegal (art. 146)";"9659.0";"";"";"4"
"A";"";"9661";"Ameaça (art. 147)";"9659.0";"";"";"4"
"A";"";"9662";"Seqüestro e cárcere privado (art. 148)";"9659.0";"";"";"4"
"A";"";"9663";"Redução a condição análoga à de escravo (art. 149)";"9659.0";"";"";"4"
"A";"";"9664";"Contra a inviolabilidade de domicílio";"9634.0";"9665";"9665";"3"
"A";"";"9665";"Violação de domicílio (art. 150)";"9664.0";"";"";"4"
"A";"";"9666";"Contra a inviolabilidade de correspondência";"9634.0";"9667,9668,9669,9670";"9667,9668,9669,9670";"3"
"A";"";"9667";"Violação de correspondência (art. 151, caput)";"9666.0";"";"";"4"
"A";"";"9668";"Sonegação ou destruição de correspondência (art. 151, § 1º, I)";"9666.0";"";"";"4"
"A";"";"9669";"Violação de comunicação telegráfica, radioelétrica ou telefônica (art. 151, § 1º, II, III e IV)";"9666.0";"";"";"4"
"A";"";"9670";"Violação de Correspondência comercial (art. 152)";"9666.0";"";"";"4"
"A";"";"9671";"Contra a inviolabilidade de segredo";"9634.0";"9672,9673";"9672,9673";"3"
"A";"";"9672";"Divulgação de segredo (art. 153)";"9671.0";"";"";"4"
"A";"";"9673";"Violação do segredo profissional (art. 154)";"9671.0";"";"";"4"
"A";"";"9674";"Contra o Patrimônio";"9634.0";"9675,9676,9677,9678,9679,9680,9681,9682,9683,9684,9685,9686,9687,9688,9689,9690,9691,9692,9693,9694,9695,9696,9697,9698,9699,9700,9701,9702,9703,9704,9705,9706,9707,9708,9709,9710,9711,9712,9713,9714,9715,9716,9717,9718,9719,11960,12009,14693,14700,15411,15624";"9675,9676,9677,9678,9679,9680,9681,9682,9683,9684,9685,9686,9687,9688,9689,9690,9691,9692,9693,9694,9695,9696,9697,9698,9699,9700,9701,9702,9703,9704,9705,9706,9707,9708,9709,9710,9711,9712,9713,9714,9715,9716,9717,9718,9719,11960,12009,14693,14700,15411,15624";"3"
"A";"";"9675";"Furto (art. 155)";"9674.0";"";"";"4"
"A";"";"9676";"Furto Qualificado (Art. 155, § 4o.)";"9674.0";"";"";"4"
"A";"";"9677";"Furto de coisa comum (art. 156)";"9674.0";"";"";"4"
"A";"";"9678";"Roubo (art. 157)";"9674.0";"";"";"4"
"A";"";"9679";"Extorsão (art. 158)";"9674.0";"";"";"4"
"A";"";"9680";"Extorsão mediante seqüestro (art. 159)";"9674.0";"";"";"4"
"A";"";"9681";"Extorsão indireta (art. 160)";"9674.0";"";"";"4"
"A";"";"9682";"Alteração de limites (art. 161, caput)";"9674.0";"";"";"4"
"A";"2009-06-02 16:38:12";"9683";"Usurpação de águas (art. 161, § 1º, I)";"9674.0";"";"";"4"
"A";"2009-06-02 16:39:18";"9684";"Esbulho possessório (art. 161, § 1º, II)";"9674.0";"";"";"4"
"A";"";"9685";"Dano (art. 163)";"9674.0";"";"";"4"
"A";"";"9686";"Introdução ou abandono de animais em propriedade alheia (art. 164)";"9674.0";"";"";"4"
"A";"";"9687";"Dano em coisa de valor artístico, arqueológico ou histórico (art. 165)";"9674.0";"";"";"4"
"A";"";"9688";"Alteração de local especialmente protegido (art. 166)";"9674.0";"";"";"4"
"A";"";"9689";"Apropriação indébita Previdenciária (art. 168-A e Lei 8.212/91)";"9674.0";"";"";"4"
"A";"";"9690";"Estelionato";"9674.0";"";"";"4"
"A";"";"9691";"Estelionato Majorado (art. 171, § 3º)";"9674.0";"";"";"4"
"A";"";"9692";"Outras fraudes";"9674.0";"";"";"4"
"A";"";"9693";"Fraude à execução (art. 179)";"9674.0";"";"";"4"
"A";"";"9694";"Receptação";"9674.0";"";"";"4"
"A";"";"9695";"Apropriação indébita (art. 168, caput)";"9674.0";"";"";"4"
"A";"";"9696";"Apropriação de Coisa Havida por Erro, Caso Fortuito ou Força da Natureza (art.169)";"9674.0";"";"";"4"
"A";"";"9697";"Furto Privilegiado";"9674.0";"";"";"4"
"A";"";"9698";"Furto de Veículo Automotor a ser Transportado para outro Estado ou Exterior";"9674.0";"";"";"4"
"A";"";"9699";"Roubo Majorado";"9674.0";"";"";"4"
"A";"";"9700";"Latrocínio";"9674.0";"";"";"4"
"A";"";"9701";"Extorsão mediante Seqüestro Seguida de Morte";"9674.0";"";"";"4"
"A";"";"9702";"Extorsão mediante Sequestro Seguida de Lesão Corporal Grave";"9674.0";"";"";"4"
"A";"";"9703";"Supressão ou Alteração de Marca em Animais";"9674.0";"";"";"4"
"A";"";"9704";"Dano Qualificado";"9674.0";"";"";"4"
"A";"";"9705";"Apropriação de Tesouro";"9674.0";"";"";"4"
"A";"";"9706";"Apropriação de Coisa Achada";"9674.0";"";"";"4"
"A";"";"9707";"Disposição de coisa alheia como própria";"9674.0";"";"";"4"
"A";"";"9708";"Alienação ou Oneração Fraudulenta de Coisa Própria";"9674.0";"";"";"4"
"A";"";"9709";"Defraudação de Penhor";"9674.0";"";"";"4"
"A";"";"9710";"Fraude na Entrega de Coisa";"9674.0";"";"";"4"
"A";"";"9711";"Fraude para Recebimento de Indenização ou Valor de Seguro";"9674.0";"";"";"4"
"A";"";"9712";"Fraude no Pagamento por Meio de Cheque";"9674.0";"";"";"4"
"A";"";"9713";"Duplicata Simulada";"9674.0";"";"";"4"
"A";"";"9714";"Abuso de Incapazes";"9674.0";"";"";"4"
"A";"";"9715";"Induzimento à Especulação";"9674.0";"";"";"4"
"A";"";"9716";"Fraude no Comércio";"9674.0";"";"";"4"
"A";"";"9717";"Fraudes e Abusos na Fundação ou Administração de Sociedade por Ações";"9674.0";"";"";"4"
"A";"";"9718";"Emissão Irregular de Conhecimento de Depósito ou &quot;Warrant&quot;";"9674.0";"";"";"4"
"A";"";"9719";"Receptação Qualificada";"9674.0";"";"";"4"
"A";"";"9720";"Contra a Propriedade Intelectual";"9634.0";"9721";"9721";"3"
"A";"";"9721";"Violação de direito autoral";"9720.0";"";"";"4"
"A";"";"9722";"Contra a Organização do Trabalho";"9634.0";"9723,9724,9725,9726,9727,9728,9729,9730,9731,9732,9733";"9723,9724,9725,9726,9727,9728,9729,9730,9731,9732,9733";"3"
"A";"";"9723";"Atentado contra a liberdade de trabalho (art. 197)";"9722.0";"";"";"4"
"A";"";"9724";"Atentado contra a liberdade de contrato de trabalho e boicotagem violenta (art. 198)";"9722.0";"";"";"4"
"A";"";"9725";"Atentado contra a liberdade de associação (art. 199)";"9722.0";"";"";"4"
"A";"";"9726";"Paralisação de trabalho, seguida de violência ou perturbação da ordem (art. 200)";"9722.0";"";"";"4"
"A";"";"9727";"Paralisação de trabalho de interesse coletivo (art. 201)";"9722.0";"";"";"4"
"A";"";"9728";"Invasão de estabelecimento industrial, comercial ou agrícola. Sabotagem (art. 202)";"9722.0";"";"";"4"
"A";"";"9729";"Frustração de direitos assegurados por lei trabalhista (art. 203)";"9722.0";"";"";"4"
"A";"";"9730";"Exercício de atividade com infração de decisão administrativa (art. 205)";"9722.0";"";"";"4"
"A";"";"9731";"Aliciamento para fins de emigração (art. 206)";"9722.0";"";"";"4"
"A";"";"9732";"Aliciamento de trabalhadores de um local para outro do território nacional (art. 207)";"9722.0";"";"";"4"
"A";"";"9733";"Frustração de lei sobre a nacionalização do trabalho (art. 204)";"9722.0";"";"";"4"
"A";"";"9734";"Contra o sentimento religioso e contra o respeito aos mortos";"9634.0";"9735,9736,9737,9738,9739";"9735,9736,9737,9738,9739";"3"
"A";"";"9735";"Destruição / Subração / Ocultação de Cadáver";"9734.0";"";"";"4"
"A";"";"9736";"Impedimento ou Perturbação de Cerimônia Funerária (Art. 209)";"9734.0";"";"";"4"
"A";"";"9737";"Vilipêndio a Cadáver";"9734.0";"";"";"4"
"A";"";"9738";"Violação a Sepultura (Art. 210)";"9734.0";"";"";"4"
"A";"";"9739";"Ultraje / Impedimento ou Perturbação de Culto Religioso";"9734.0";"";"";"4"
"A";"2010-08-17 11:56:21";"9740";"Contra a dignidade sexual";"9634.0";"9741,9742,9743,9744,9745,9746,9747,9748,9749,9750,9751,9752,9753,9754,11456,11457,11458,11459,11460,11461,12384,12385";"9741,9742,9743,9744,9745,9746,9747,9748,9749,9750,9751,9752,9753,9754,11456,11457,11458,11459,11460,11461,12384,12385";"3"
"A";"2025-06-12 14:54:02";"9741";"(Fato até 20/10/2016) Tráfico Internacional de Pessoa para Fim de Exploração Sexual ";"9740.0";"";"";"4"
"A";"2010-04-13 14:01:03";"9742";"Estupro ";"9740.0";"";"";"4"
"A";"2010-04-13 13:56:00";"9743";"Atentado Violento ao Pudor";"9740.0";"";"";"4"
"A";"";"9744";"Atentado ao Pudor Mediante Fraude";"9740.0";"";"";"4"
"A";"";"9745";"Corrupção de Menores";"9740.0";"";"";"4"
"A";"";"9746";"Ultraje Público ao Pudor (Ato/Escrito Obsceno)";"9740.0";"";"";"4"
"A";"";"9747";"Mediação para Servir a Lascívia de Outrem ";"9740.0";"";"";"4"
"A";"";"9748";"Posse Sexual Mediante Fraude";"9740.0";"";"";"4"
"A";"";"9749";"Assédio Sexual";"9740.0";"";"";"4"
"A";"";"9750";"Favorecimento da Prostituição";"9740.0";"";"";"4"
"A";"";"9751";"Casa de Prostituição";"9740.0";"";"";"4"
"A";"";"9752";"Rufianismo";"9740.0";"";"";"4"
"A";"2025-06-12 15:00:17";"9753";"(Fato até 09/08/2009) Tráfico Internacional de Pessoas";"9740.0";"";"";"4"
"A";"2025-06-12 15:05:43";"9754";"(Fato até 09/08/2009) Tráfico Interno de Pessoas";"9740.0";"";"";"4"
"A";"";"9755";"Contra a Família";"9634.0";"9756,9760,9766,9770,9757,9758,9759,9761,9762,9763,9764,9765,9767,9768,9769,9771,9772";"9756,9760,9766,9770,9757,9758,9759,9761,9762,9763,9764,9765,9767,9768,9769,9771,9772";"3"
"A";"";"9756";"Crimes Contra a Assistência Familiar";"9755.0";"9757,9758,9759";"9757,9758,9759";"4"
"A";"";"9757";"Abandono Material";"9756.0";"";"";"5"
"A";"";"9758";"Abandono Intelectual";"9756.0";"";"";"5"
"A";"";"9759";"Entrega de Filho Menor a Pessoa Inidônea";"9756.0";"";"";"5"
"A";"";"9760";"Crimes contra o Casamento";"9755.0";"9761,9762,9763,9764,9765";"9761,9762,9763,9764,9765";"4"
"A";"";"9761";"Bigamia";"9760.0";"";"";"5"
"A";"";"9762";"Conhecimento Prévio de Impedimento";"9760.0";"";"";"5"
"A";"";"9763";"Induzimento a erro essencial e ocultação de impedimento";"9760.0";"";"";"5"
"A";"";"9764";"Simulação de Casamento";"9760.0";"";"";"5"
"A";"";"9765";"Simulação de Autoridade para Celebração de Casamento";"9760.0";"";"";"5"
"A";"";"9766";"Crimes Contra o Estado de Filiação";"9755.0";"9767,9768,9769";"9767,9768,9769";"4"
"A";"";"9767";"Parto Suposto (Art. 242)";"9766.0";"";"";"5"
"A";"";"9768";"Registro de Nascimento Inexistente (Art. 241)";"9766.0";"";"";"5"
"A";"2009-06-01 19:52:40";"9769";"Sonegação do Estado de Filiação (Art. 243)";"9766.0";"";"";"5"
"A";"";"9770";"Crime contra o Pátrio-Poder e Tutela";"9755.0";"9771,9772";"9771,9772";"4"
"A";"";"9771";"Induzimento a Fuga, Entrega Arbitrária ou Sonegação de Incapazes (Art. 248)";"9770.0";"";"";"5"
"A";"";"9772";"Subtração de Incapazes (Art. 249)";"9770.0";"";"";"5"
"A";"";"9773";"Contra a Incolumidade Pública";"9634.0";"9774,9775,9776,9777,9778,9779,9780,9781,9782,9783,9784,9785,9786,9787,9788,9789,9790,9791,9792,9793,9794,9795,9796,9797,9798,9799,9800,9801,9802,11962,11964,11965,11968,11970,11971,11973";"9774,9775,9776,9777,9778,9779,9780,9781,9782,9783,9784,9785,9786,9787,9788,9789,9790,9791,9792,9793,9794,9795,9796,9797,9798,9799,9800,9801,9802,11962,11964,11965,11968,11970,11971,11973";"3"
"A";"";"9774";"Incêndio";"9773.0";"";"";"4"
"A";"";"9775";"Explosão ";"9773.0";"";"";"4"
"A";"";"9776";"Uso de gás tóxico ou asfixiante ";"9773.0";"";"";"4"
"A";"";"9777";"Inundação / Perigo de Inundação";"9773.0";"";"";"4"
"A";"";"9778";"Desabamento ou desmoronamento (art. 256)";"9773.0";"";"";"4"
"A";"";"9779";"Subtração, ocultação ou inutilização de material de salvamento (art. 257)";"9773.0";"";"";"4"
"A";"";"9780";"Difusão de doença ou praga (art. 259)";"9773.0";"";"";"4"
"A";"";"9781";"Desastre ferroviário / Perigo de Desastre Ferroviário";"9773.0";"";"";"4"
"A";"";"9782";"Atentado contra a segurança de transporte público";"9773.0";"";"";"4"
"A";"";"9783";"Arremesso de projétil";"9773.0";"";"";"4"
"A";"";"9784";"Atentado contra a segurança de serviços de utilidade pública (art. 265)";"9773.0";"";"";"4"
"A";"";"9785";"Interrupção /perturbação de serviços telegráficos/telefônicos (art. 266)";"9773.0";"";"";"4"
"A";"";"9786";"Epidemia (art. 267)";"9773.0";"";"";"4"
"A";"";"9787";"Emprego de Processo Proibido/Substância não permitida";"9773.0";"";"";"4"
"A";"";"9788";"Invólucro ou recipiente com falsa indicação (art. 275)";"9773.0";"";"";"4"
"A";"";"9789";"Falsificação / Corrupção / Adulteração / Alteração de produto destinado a fins terapêuticos ou medicinais";"9773.0";"";"";"4"
"A";"";"9790";"Exercício Ilegal da Medicina, Arte Dentária ou Farmacêutica (art. 282)";"9773.0";"";"";"4"
"A";"";"9791";"Charlatanismo (Art. 283)";"9773.0";"";"";"4"
"A";"";"9792";"Corrupção ou Poluição de Água Potável (Art. 271)";"9773.0";"";"";"4"
"A";"";"9793";"Curandeirismo (Art. 284)";"9773.0";"";"";"4"
"A";"";"9794";"Envenenamento de Água Potável / Substância Alimentícia ou Medicinal (Art. 270)";"9773.0";"";"";"4"
"A";"";"9795";"Falsificação / Corrupção / Adulteração / Alteração de Substância ou Produtos Alimentícios";"9773.0";"";"";"4"
"A";"";"9796";"Infração de Medida Sanitária Preventiva (Art. 268)";"9773.0";"";"";"4"
"A";"";"9797";"Omissão de Notificação de Doença (Art. 269)";"9773.0";"";"";"4"
"A";"";"9798";"Outras Substâncias Nocivas a Saúde Pública (Art. 278)";"9773.0";"";"";"4"
"A";"";"9799";"Substância Destinada à Falsificação (Art. 277)";"9773.0";"";"";"4"
"A";"";"9800";"Fabrico / Fornecimento / Aquisição / Posse ou Transporte de Explosivos ou Gás Tóxico ou Asfixiante";"9773.0";"";"";"4"
"A";"";"9801";"Venda de Produtos ou Substância nas Condições dos Artigos 274 e 275 ";"9773.0";"";"";"4"
"A";"";"9802";"Medicamento em Desacordo com Receita Médica";"9773.0";"";"";"4"
"A";"";"9803";"Contra a Paz Pública";"9634.0";"9804,9805,9806,14687,14688";"9804,9805,9806,14687,14688";"3"
"A";"";"9804";"Quadrilha ou Bando (art. 288)";"9803.0";"";"";"4"
"A";"";"9805";"Incitação ao Crime";"9803.0";"";"";"4"
"A";"";"9806";"Apologia de Crime ou Criminoso";"9803.0";"";"";"4"
"A";"";"9807";"Contra a Fé Pública";"9634.0";"9808,9809,9810,9811,9812,9813,9814,9815,9816,9817,9818,9819,9820,9821,9822,9823,9824,9825,9826,9827";"9808,9809,9810,9811,9812,9813,9814,9815,9816,9817,9818,9819,9820,9821,9822,9823,9824,9825,9826,9827";"3"
"A";"";"9808";"Moeda Falsa / Assimilados";"9807.0";"";"";"4"
"A";"";"9809";"Petrechos para falsificação de moeda (art. 291)";"9807.0";"";"";"4"
"A";"";"9810";"Emissão de título ao portador sem permissão legal (art. 292)";"9807.0";"";"";"4"
"A";"";"9811";"Falsificação de papéis públicos (art. 293)";"9807.0";"";"";"4"
"A";"";"9812";"Falsificação do selo ou sinal público (art. 296)";"9807.0";"";"";"4"
"A";"";"9813";"Falsificação de documento público";"9807.0";"";"";"4"
"A";"";"9814";"Falsificação de documento particular (art. 298)";"9807.0";"";"";"4"
"A";"";"9815";"Falsidade ideológica (art. 299)";"9807.0";"";"";"4"
"A";"";"9816";"Falso reconhecimento de firma ou letra (art. 300)";"9807.0";"";"";"4"
"A";"";"9817";"Certidão ou atestado ideologicamente falso (art. 301, caput)";"9807.0";"";"";"4"
"A";"";"9818";"Falsidade material de atestado ou certidão (art. 301, § 1º)";"9807.0";"";"";"4"
"A";"";"9819";"Falsidade de atestado médico (art. 302)";"9807.0";"";"";"4"
"A";"";"9820";"Reprodução ou adulteração de selo ou peça filatélica (art. 303)";"9807.0";"";"";"4"
"A";"";"9821";"Uso de documento falso (art. 304)";"9807.0";"";"";"4"
"A";"";"9822";"Supressão de documento (art. 305)";"9807.0";"";"";"4"
"A";"";"9823";"Falsificação do sinal empregado no contraste de metal precioso ou na fiscalização alfandegária, ou para outros fins (art. 306)";"9807.0";"";"";"4"
"A";"";"9824";"Falsa identidade ";"9807.0";"";"";"4"
"A";"";"9825";"Fraude de lei sobre estrangeiros";"9807.0";"";"";"4"
"A";"";"9826";"Petrechos de Falsificação de Papéis Públicos";"9807.0";"";"";"4"
"A";"";"9827";"Adulteração de Sinal Identificador de Veículo Automotor";"9807.0";"";"";"4"
"A";"";"9828";"Praticados por Funcionários Públicos Contra a Administração em Geral";"9634.0";"9829,9830,9831,9832,9833,9834,9835,9836,9837,9838,9839,9840,9841,9842,9843,9844,9845,9846";"9829,9830,9831,9832,9833,9834,9835,9836,9837,9838,9839,9840,9841,9842,9843,9844,9845,9846";"3"
"A";"";"9829";"Peculato (art. 312, caput e § 1º)";"9828.0";"";"";"4"
"A";"";"9830";"Peculato mediante erro de outrem (art. 313)";"9828.0";"";"";"4"
"A";"";"9831";"Extravio, sonegação ou inutilização de livro ou documento (art. 314)";"9828.0";"";"";"4"
"A";"";"9832";"Emprego irregular de verbas ou rendas públicas (art. 315)";"9828.0";"";"";"4"
"A";"";"9833";"Concussão (art. 316, caput)";"9828.0";"";"";"4"
"A";"";"9834";"Excesso de exação (art. 316, §§ 1º e 2º)";"9828.0";"";"";"4"
"A";"";"9835";"Corrupção passiva (art. 317)";"9828.0";"";"";"4"
"A";"";"9836";"Facilitação de contrabando ou descaminho (art. 318)";"9828.0";"";"";"4"
"A";"";"9837";"Prevaricação";"9828.0";"";"";"4"
"A";"";"9838";"Condescendência criminosa (art. 320)";"9828.0";"";"";"4"
"A";"";"9839";"Advocacia administrativa (art. 321)";"9828.0";"";"";"4"
"A";"";"9840";"Violência arbitrária (art. 322)";"9828.0";"";"";"4"
"A";"";"9841";"Abandono de função (art. 323)";"9828.0";"";"";"4"
"A";"";"9842";"Exercício funcional ilegalmente antecipado ou prolongado (art. 324)";"9828.0";"";"";"4"
"A";"";"9843";"Violação do sigilo funcional (art. 325)";"9828.0";"";"";"4"
"A";"";"9844";"Violação do sigilo de proposta de concorrência (art. 326)";"9828.0";"";"";"4"
"A";"";"9845";"Inserção de dados falsos em sistema de informações (art. 313-A)";"9828.0";"";"";"4"
"A";"";"9846";"Modificação ou alteração não autorizada de sistema de informações (art. 313-B)";"9828.0";"";"";"4"
"A";"";"9847";"Previstos na Legislação Extravagante";"9634.0";"9848,9855,9856,9857,9858,9869,9870,9871,9872,9873,9874,9875,9876,9877,9878,9888,9889,9890,9891,9892,9893,9894,9895,9896,9897,9898,9899,9900,9901,9903,9904,9905,9906,9907,9908,9909,9910,9911,9912,9913,11896,12010,12012,12014,12016,12018,12020,12022,12024,12026,14228,14699,15073,15134,15181,15398,15400,15404,15407,9849,9850,9851,9852,9853,9854,9859,9860,9861,9862,9863,9864,9865,9866,9867,9868,9879,9880,9881,9882,9883,9884,9886,9887,11779,15457,15458,15459,15460,15461,15462,15463,15464,15465,15466,15467,15468,15469,15470,15471,15472,15473,15474,15475,15476,15477,15478,15479,14229,15135,15136,15137,15138,15139,15182,15402";"9848,9855,9856,9857,9858,9869,9870,9871,9872,9874,9875,9876,9877,9878,9888,9889,9890,9891,9892,9893,9894,9895,9896,9897,9898,9899,9900,9901,9903,9904,9905,9906,9907,9908,9909,9910,9911,9912,9913,11896,12010,12012,12014,12016,12018,12020,12022,12024,14228,15073,15134,15181,15398,15404,15407,9849,9850,9851,9852,9853,9854,9859,9860,9861,9862,9863,9864,9865,9866,9867,9868,9879,9880,9881,9882,9883,9884,9886,9887,11779,15457,15458,15459,15460,15461,15462,15463,15464,15465,15466,15467,15468,15469,15470,15471,15472,15473,15474,15475,15476,15477,15478,15479,14229,15135,15136,15137,15138,15139,15182,15402";"3"
"A";"";"9848";"Contra a Propriedade Industrial";"9847.0";"9849,9850,9851,9852,9853,9854";"9849,9850,9851,9852,9853,9854";"4"
"A";"";"9849";"Contra Patente de Invenção";"9848.0";"";"";"5"
"A";"";"9850";"Contra os Desenhos Industriais";"9848.0";"";"";"5"
"A";"";"9851";"Contra as Marcas";"9848.0";"";"";"5"
"A";"";"9852";"Cometidos por Meio de Marca, Título de Estabelecimento e Sinal de Propaganda ";"9848.0";"";"";"5"
"A";"2009-06-02 17:04:58";"9853";"Contra Indicações Geográficas e Demais Indicações";"9848.0";"";"";"5"
"A";"";"9854";"De Concorrência Desleal";"9848.0";"";"";"5"
"A";"";"9855";"de Responsabilidade";"9847.0";"";"";"4"
"A";"";"9856";"Contra a Economia Popular";"9847.0";"";"";"4"
"A";"2024-07-31 09:54:29";"9857";"De Abuso de Autoridade (Lei 4.898/1965)";"9847.0";"";"";"4"
"A";"";"9858";"De Tráfico Ilícito e Uso Indevido de Drogas";"9847.0";"9859,9860,9861,9862,9863,9864,9865,9866,9867,9868";"9859,9860,9861,9862,9863,9864,9865,9866,9867,9868";"4"
"A";"";"9859";"Tráfico de Drogas e Condutas Afins";"9858.0";"";"";"5"
"A";"";"9860";"Posse de Drogas para Consumo Pessoal";"9858.0";"";"";"5"
"A";"";"9861";"Fabricação de Objeto Destinado a Produção de Drogas e Condutas Afins ";"9858.0";"";"";"5"
"A";"";"9862";"Indução, Instigação ou Auxílio ao Uso de Drogas";"9858.0";"";"";"5"
"A";"";"9863";"Oferecimento de Drogas para Consumo Conjunto";"9858.0";"";"";"5"
"A";"";"9864";"Associação para a Produção e Tráfico e Condutas Afins";"9858.0";"";"";"5"
"A";"";"9865";"Financiamento ou Custeio de Produção ou Tráfico de Drogas";"9858.0";"";"";"5"
"A";"";"9866";"Colaboração com Grupo, Organização ou Associação Destinados à Produção ou Tráfico de Drogas ";"9858.0";"";"";"5"
"A";"";"9867";"Prescrição Culposa de Drogas";"9858.0";"";"";"5"
"A";"";"9868";"Condução de Embarcação ou Aeronave sob Efeito de Drogas";"9858.0";"";"";"5"
"A";"";"9869";"Responsabilidade Criminal por Danos Nucleares";"9847.0";"";"";"4"
"A";"";"9870";"Contra o Serviço Postal e o Serviço de Telegrama";"9847.0";"";"";"4"
"A";"";"9871";"Contra a Segurança Nacional, a Ordem Política e Social";"9847.0";"";"";"4"
"A";"";"9872";"Contra o Sistema Financeiro Nacional";"9847.0";"";"";"4"
"A";"";"9874";"Contra a Ordem Tributária";"9847.0";"";"";"4"
"A";"";"9875";"Contra a Ordem Econômica";"9847.0";"";"";"4"
"A";"";"9876";"Contra as Relações de Consumo";"9847.0";"";"";"4"
"A";"";"9877";"Representação caluniosa";"9847.0";"";"";"4"
"A";"";"9878";"Contra o Meio Ambiente";"9847.0";"9879,9880,9881,9882,9883,9884,9886,9887,11779";"9879,9880,9881,9882,9883,9884,9886,9887,11779";"4"
"A";"";"9879";"Contra a Fauna";"9878.0";"";"";"5"
"A";"";"9880";"Contra a Flora";"9878.0";"";"";"5"
"A";"";"9881";"Da Poluição";"9878.0";"";"";"5"
"A";"";"9882";"Agrotóxicos (Lei 7.802/89)";"9878.0";"";"";"5"
"A";"";"9883";"Atividades Nucleares (Lei 6.453/77)";"9878.0";"";"";"5"
"A";"";"9884";"Caça (Lei nº 5.197/67)";"9878.0";"";"";"5"
"A";"";"9886";"Genética (Lei nº 8.974/95)";"9878.0";"";"";"5"
"A";"";"9887";"Pesca (Lei nº 5.197/67, Lei nº 7.643/87, Lei 7.679/88, DL 221/67)";"9878.0";"";"";"5"
"A";"";"9888";"De &quot;Lavagem&quot; ou Ocultação de Bens, Direitos ou Valores";"9847.0";"";"";"4"
"A";"";"9889";"Contra as Telecomunicações";"9847.0";"";"";"4"
"A";"";"9890";"Previstos na Lei de Estrangeiros";"9847.0";"";"";"4"
"A";"";"9891";"De Tortura";"9847.0";"";"";"4"
"A";"";"9892";"De Trânsito";"9847.0";"";"";"4"
"A";"";"9893";"Do Sistema Nacional de Armas";"9847.0";"";"";"4"
"A";"";"9894";"De Imprensa";"9847.0";"";"";"4"
"A";"";"9895";"Estatuto da criança e do adolescente";"9847.0";"15457,15458,15459,15460,15461,15462,15463,15464,15465,15466,15467,15468,15469,15470,15471,15472,15473,15474,15475,15476,15477,15478,15479";"15457,15458,15459,15460,15461,15462,15463,15464,15465,15466,15467,15468,15469,15470,15471,15472,15473,15474,15475,15476,15477,15478,15479";"4"
"A";"2024-07-31 10:26:48";"9896";"Contra o Mercado de Capitais";"9847.0";"";"";"4"
"A";"";"9897";"De genocídio";"9847.0";"";"";"4"
"A";"";"9898";"Sigilo Telefônico";"9847.0";"";"";"4"
"A";"";"9899";"Da Lei de licitações";"9847.0";"";"";"4"
"A";"";"9900";"Da Lei de remoção de órgãos e tecidos";"9847.0";"";"";"4"
"A";"";"9901";"Praticados contra os índios e a cultura indígena";"9847.0";"";"";"4"
"A";"";"9903";"Recusa, retardamento ou omissão de dados técnicos indispensáveis à propositura de Ação Civil Pública";"9847.0";"";"";"4"
"A";"";"9904";"Agrários";"9847.0";"";"";"4"
"A";"";"9905";"Relacionados à Comissão Parlamentar de Inquérito";"9847.0";"";"";"4"
"A";"";"9906";"Eleitorais";"9847.0";"";"";"4"
"A";"";"9907";"De Quebra de Sigilo Financeiro";"9847.0";"";"";"4"
"A";"";"9908";"Do Código Brasileiro de Telecomunicações";"9847.0";"";"";"4"
"A";"";"9909";"Estatuto do Idoso";"9847.0";"";"";"4"
"A";"";"9910";"Parcelamento do solo urbano";"9847.0";"";"";"4"
"A";"";"9911";"Falimentares";"9847.0";"";"";"4"
"A";"";"9912";"Militares";"9847.0";"";"";"4"
"A";"";"9913";"Contra a Administração da Justiça - Lei da Ação de Alimentos ";"9847.0";"";"";"4"
"A";"";"9914";"Contravenções Penais";"9634.0";"";"";"3"
"A";"";"9915";"Análogo a Crime Tentado";"9634.0";"";"";"3"
"A";"";"9916";"Análogo a Crime Culposo";"9634.0";"";"";"3"
"A";"";"9917";"Praticados por Particular Contra a Administração em Geral";"9634.0";"9918,9919,9920,9921,9922,9923,9924,9925,9926,9927,9928";"9918,9919,9920,9921,9922,9923,9924,9925,9926,9927,9928";"3"
"A";"";"9918";"Usurpação de função pública (art. 328)";"9917.0";"";"";"4"
"A";"";"9919";"Resistência (art. 329)";"9917.0";"";"";"4"
"A";"";"9920";"Tráfico de influência (art. 332)";"9917.0";"";"";"4"
"A";"";"9921";"Corrupção ativa (art. 333)";"9917.0";"";"";"4"
"A";"";"9922";"Impedimento, perturbação ou fraude de concorrência (art. 335)";"9917.0";"";"";"4"
"A";"";"9923";"Inutilização de edital ou de sinal (art. 336)";"9917.0";"";"";"4"
"A";"";"9924";"Subtração ou inutilização de livro ou documento (art. 337, caput)";"9917.0";"";"";"4"
"A";"";"9925";"Desobediência (art. 330)";"9917.0";"";"";"4"
"A";"";"9926";"Desacato (art. 331)";"9917.0";"";"";"4"
"A";"";"9927";"Contrabando ou descaminho (art. 334)";"9917.0";"";"";"4"
"A";"";"9928";"Sonegação de contribuição previdenciária (art. 337-A e Lei 8.212/91)";"9917.0";"";"";"4"
"A";"";"9929";"Praticados por Particular Contra a Administração Pública Estrangeira";"9634.0";"9930,9931";"9930,9931";"3"
"A";"";"9930";"Corrupção Ativa em Transação Comercial Internacional";"9929.0";"";"";"4"
"A";"";"9931";"Tráfico de Influência em Transação Comercial Internacional";"9929.0";"";"";"4"
"A";"";"9932";"Contra a Administração da Justiça";"9634.0";"9933,9934,9935,9936,9937,9938,9939,9940,9941,9942,9943,9944,9945,9946,9947,9948,9949,9950,9951,9952,9953,11939";"9933,9934,9935,9936,9937,9938,9939,9940,9941,9942,9943,9944,9945,9946,9947,9948,9949,9950,9951,9952,9953,11939";"3"
"A";"";"9933";"Reingresso de estrangeiro expulso";"9932.0";"";"";"4"
"A";"";"9934";"Denunciação caluniosa";"9932.0";"";"";"4"
"A";"";"9935";"Comunicação falsa de crime ou de contravenção";"9932.0";"";"";"4"
"A";"";"9936";"Auto-acusação falsa";"9932.0";"";"";"4"
"A";"";"9937";"Falso testemunho ou falsa perícia";"9932.0";"";"";"4"
"A";"";"9938";"Coação no curso do processo";"9932.0";"";"";"4"
"A";"";"9939";"Exercício arbitrário das próprias razões";"9932.0";"";"";"4"
"A";"";"9940";"Fraude processual";"9932.0";"";"";"4"
"A";"";"9941";"Favorecimento pessoal";"9932.0";"";"";"4"
"A";"";"9942";"Favorecimento real";"9932.0";"";"";"4"
"A";"";"9943";"Exercício arbitrário ou abuso de poder";"9932.0";"";"";"4"
"A";"";"9944";"Fuga de pessoa presa ou submetida a medida de segurança";"9932.0";"";"";"4"
"A";"";"9945";"Evasão mediante violência contra a pessoa";"9932.0";"";"";"4"
"A";"";"9946";"Arrebatamento de preso";"9932.0";"";"";"4"
"A";"";"9947";"Motim de presos";"9932.0";"";"";"4"
"A";"";"9948";"Patrocínio infiel";"9932.0";"";"";"4"
"A";"";"9949";"Patrocínio simultâneo ou tergiversação";"9932.0";"";"";"4"
"A";"";"9950";"Sonegação de papel ou objeto de valor probatório";"9932.0";"";"";"4"
"A";"";"9951";"Exploração de prestígio";"9932.0";"";"";"4"
"A";"";"9952";"Violência ou fraude em arrematação judicial";"9932.0";"";"";"4"
"A";"";"9953";"Desobediência a decisão judicial sobre perda ou suspensão de direitos";"9932.0";"";"";"4"
"A";"";"9955";"Contra as Finanças Públicas";"9634.0";"9956,9957,9958,9959,9960,9961,9962,9963";"9956,9957,9958,9959,9960,9961,9962,9963";"3"
"A";"";"9956";"Contratação de Operação de Crédito";"9955.0";"";"";"4"
"A";"";"9957";"Inscrição de Despesas Não Empenhadas";"9955.0";"";"";"4"
"A";"2009-06-05 08:56:31";"9958";"Assunção de Obrigação no Último Ano do Mandato ou Legislatura";"9955.0";"";"";"4"
"A";"";"9959";"Ordenação de Despesa Não Autorizada";"9955.0";"";"";"4"
"A";"";"9960";"Prestação de Garantia Graciosa";"9955.0";"";"";"4"
"A";"";"9961";"Não Cancelamento de Restos a Pagar";"9955.0";"";"";"4"
"A";"";"9962";"Aumento de Despesa com Pessoal no Último Ano do Mandato ou Legislatura";"9955.0";"";"";"4"
"A";"";"9963";"Oferta Pública ou Colocação de Títulos no Mercado";"9955.0";"";"";"4"
"A";"";"9964";"Seção Cível";"9633.0";"9965,9966,9967,9968,9969,9970,9971,9972,9973,9974,9975,9977,9978,9979,10941,11816,11817,11818,11819,11820,11821,11981,12006,12007,12090,12341,15176,11996,11997,11998,11999,12000,12001,12002,12003,12004,12005,14672,14673,14674,14675";"9965,9966,9967,9968,9969,9970,9971,9972,9973,9974,9975,9977,9978,9979,10941,11816,11817,11818,11819,11820,11821,11981,12006,12007,12090,12341,15176,11996,11997,11998,11999,12000,12001,12002,12003,12004,12005,14672,14673,14674,14675";"2"
"A";"";"9965";"Abandono Material";"9964.0";"";"";"3"
"A";"";"9966";"Abandono Intelectual";"9964.0";"";"";"3"
"A";"";"9967";"Maus Tratos";"9964.0";"";"";"3"
"A";"";"9968";"Abuso Sexual";"9964.0";"";"";"3"
"A";"";"9969";"Exploração do Trabalho Infantil";"9964.0";"";"";"3"
"A";"";"9970";"Pobreza";"9964.0";"";"";"3"
"A";"";"9971";"Uso ou Tráfico de Drogas";"9964.0";"";"";"3"
"A";"";"9972";"Adoção Internacional";"9964.0";"";"";"3"
"A";"";"9973";"Adoção Nacional";"9964.0";"";"";"3"
"A";"";"9974";"Adoção de Criança";"9964.0";"";"";"3"
"A";"";"9975";"Adoção de Adolescente";"9964.0";"";"";"3"
"A";"";"9977";"Entrada e Permanência de Menores";"9964.0";"";"";"3"
"A";"";"9978";"Viagem ao Exterior";"9964.0";"";"";"3"
"A";"";"9979";"Trabalho do adolescente";"9964.0";"";"";"3"
"A";"";"9981";"Pessoas Jurídicas";"899.0";"4897,4905,7952,7953,4899,4902,4904,9545,9546,4907,4909,4910,9547,9549,9550,9551";"4897,4905,7952,4899,4902,4904,9545,9546,4907,4909,4910,9547";"2"
"A";"";"9984";"Em comum / De fato";"9617.0";"";"";"4"
"A";"";"9985";"DIREITO ADMINISTRATIVO E OUTRAS MATÉRIAS DE DIREITO PÚBLICO";"";"9986,9991,9997,10028,10088,10120,10136,10157,10182,10186,10219,10324,10370,10385,10394,10403,10409,10412,10417,10421,10645,10954,11802,11803,11831,11841,11863,11872,11873,11874,14202,15066,15369,9988,9989,9990,10587,11842,11843,11844,11845,11846,11847,11848,11849,14130,15184,9992,10502,9995,9996,10870,10888,14162,14164,14165,14167,14168,14169,14170,14171,14172,14173,14174,14175,14909,14163,14911,10503,10504,10505,14148,14150,14151,14152,14153,14154,14155,14156,14157,14158,14159,14160,14161,14166,14149,14910,9998,10009,10010,10011,10015,10020,10021,10022,10026,10027,10894,11899,11949,11989,12463,9999,10000,10001,10002,10003,10004,10005,10006,10007,10008,10079,10084,10012,10013,10014,10016,10017,10018,10019,10928,11948,11951,12587,13111,14954,14955,14956,10023,10024,10025,11900,11901,11902,10029,10051,10064,10072,10073,10087,10030,10031,10032,10033,10034,10035,10036,10037,10038,10039,10040,10041,10042,10043,10044,10045,10046,10047,10048,10049,10050,10052,10053,10054,10055,10056,10057,10058,10059,10060,10061,10062,10063,10065,10066,10067,10069,10070,10071,11851,11852,11853,11854,11855,11856,11857,11883,11884,10856,10892,11993,11994,11995,11885,10074,10075,10076,10077,10078,10080,10081,10082,10083,10085,10086,10905,14176,11925,11926,11927,11928,11929,11930,11931,11932,11933,11934,11935,10089,10097,10102,10106,10107,10108,10109,10131,10090,10091,10092,10093,10094,10095,10096,11870,10098,10099,10100,10101,10103,10104,10105,14129,10121,10122,10123,10124,10125,10126,10127,10128,10129,10130,10132,10133,10134,10135,10589,10886,12031,10137,10138,10139,10140,10144,10146,10153,10154,11871,10141,10142,10143,10145,10147,10148,10149,10150,10151,10862,10155,10156,10158,10163,10166,10174,10180,10181,10692,10868,10930,10159,10160,10161,10162,10572,10164,10165,10167,10168,10169,10170,10171,10172,10173,10175,10176,10177,10178,10179,10931,10932,10183,10184,10185,10187,10194,10201,10207,10213,10188,10189,10190,10191,10192,10193,10675,11911,11914,11915,11916,11917,11918,11919,11920,11950,11952,13254,13323,14065,12378,12379,11912,11913,11921,11922,10195,10196,10197,10198,10199,10200,12380,12381,10202,10203,10204,10205,10206,10208,10209,10210,10211,10212,10214,10215,10216,10217,10218,10681,10732,10220,10250,10254,10258,10276,10279,10286,10287,10288,10313,10695,10222,10223,10224,10225,10226,10227,10228,10229,10230,10231,10232,10233,10234,10235,10236,10237,10238,10239,10240,10241,10881,11936,11937,11938,14198,14199,14200,14201,10693,10251,10252,10253,13295,14195,10255,10256,10257,10878,14180,14194,14181,14182,14183,14184,14185,14186,14187,14188,14189,14190,14191,14192,14193,10259,10260,10261,10262,10263,10264,10265,10266,10267,10268,10269,10270,10271,10272,10273,10274,10275,13144,10700,10701,10277,10278,10280,10281,10282,10283,12589,13186,13209,15031,15692,10221,10243,10244,10245,10246,10247,10248,10249,10289,10290,10291,10292,10293,10294,10295,10296,10297,10298,10299,10300,10301,10302,10303,10304,10305,10306,10307,10308,10309,10310,10311,10312,10323,10497,10638,10662,10667,10705,10706,10718,10730,10731,11858,13052,13079,14241,14707,10699,14744,14713,14714,14715,14716,15566,10875,14717,14718,14719,14708,14709,14710,14711,10883,10884,14712,10893,14741,14742,10707,10708,10709,10710,10711,10712,10713,10714,10715,10719,10720,10721,10722,10723,10724,10725,10726,10727,10728,10729,10857,10858,14720,14721,14722,14723,14724,14725,14726,14727,14728,14729,14745,14746,14747,14748,14749,10314,10315,10316,10317,10318,10319,10320,10321,10322,10946,14196,14197,10702,10703,10696,10697,10698,10854,10877,10325,10337,10342,10359,10363,10326,10327,10328,10329,10330,10331,10332,10333,10334,10335,10336,10910,10338,10339,10340,10341,10349,10350,10351,10352,10353,10354,10355,10356,10357,10358,10591,10593,10596,14141,14146,14142,14143,14239,14144,10733,14145,14147,10343,10344,10345,10346,10347,10360,10361,10362,10364,10365,10366,10367,10512,10371,10372,10373,10374,10375,10376,10377,10378,10379,10380,10381,10382,10383,10384,11903,11904,11905,11906,11907,11908,11909,11910,12959,10386,10387,10388,10389,10390,10391,10392,10393,14131,14132,14133,14134,14135,14136,14137,14138,14139,14140,10395,10401,10402,14128,14913,10396,10397,10398,10399,10400,14914,14127,10404,10405,10406,10407,10408,10410,10411,10413,10414,10415,10416,10418,10419,10420,10422,10423,10424,10425,10426,10427,10428,10429,10430,12770,10646,10647,10889,10955,10956,10957,10958,11897,11898,11836,11837,11838,11839,11840,11832,11833,11834,11835,14203,14204,15370,15371,15372";"9986,9991,9997,10028,10088,10120,10136,10157,10182,10186,10219,10324,10370,10385,10394,10403,10409,10412,10417,10421,10645,10954,11802,11803,11831,11841,11863,11872,11873,14202,15066,15369,9988,9989,9990,10587,11842,11843,11844,11845,11846,11847,11848,11849,14130,15184,9992,10502,9995,9996,10870,10888,14162,14164,14165,14167,14168,14169,14170,14171,14172,14173,14174,14175,14909,14163,14911,10503,10504,10505,14148,14150,14151,14152,14153,14154,14155,14156,14157,14158,14159,14160,14161,14166,14149,14910,9998,10009,10010,10011,10015,10020,10021,10022,10026,10027,10894,11899,11949,11989,12463,9999,10000,10001,10002,10003,10004,10005,10006,10007,10008,10079,10084,10012,10013,10014,10016,10017,10018,10019,10928,11948,11951,12587,13111,14954,14955,14956,10023,10024,10025,11900,11901,11902,10029,10051,10064,10072,10073,10087,10030,10031,10032,10033,10034,10035,10036,10037,10038,10039,10040,10041,10042,10043,10044,10045,10046,10047,10048,10049,10050,10052,10053,10054,10055,10056,10057,10058,10059,10060,10061,10062,10063,10065,10066,10067,10069,10070,10071,11851,11852,11853,11854,11855,11856,11857,11883,11884,10856,10892,11993,11994,11995,11885,10074,10075,10076,10077,10078,10080,10081,10082,10083,10085,10086,10905,14176,11925,11926,11927,11928,11929,11930,11931,11932,11933,11934,11935,10089,10097,10102,10106,10107,10108,10109,10131,10090,10091,10092,10093,10094,10095,10096,11870,10098,10099,10100,10101,10103,10104,10105,14129,10121,10122,10123,10124,10125,10126,10127,10128,10129,10130,10132,10133,10134,10135,10589,10886,12031,10137,10138,10139,10140,10144,10146,10153,10154,11871,10141,10142,10143,10145,10147,10148,10149,10150,10151,10862,10155,10156,10158,10163,10166,10174,10180,10181,10692,10868,10930,10159,10160,10161,10162,10572,10164,10165,10167,10168,10169,10170,10171,10172,10173,10175,10176,10177,10178,10179,10931,10932,10183,10184,10185,10187,10194,10201,10207,10213,10188,10189,10190,10191,10192,10193,10675,11911,11914,11915,11916,11917,11918,11919,11920,11950,11952,13254,13323,14065,12378,12379,11912,11913,11921,11922,10195,10196,10197,10198,10199,10200,12380,12381,10202,10203,10204,10205,10206,10208,10209,10210,10211,10212,10214,10215,10216,10217,10218,10681,10732,10220,10250,10254,10258,10276,10279,10286,10287,10288,10313,10695,10222,10223,10224,10225,10226,10227,10228,10229,10230,10231,10232,10233,10234,10235,10236,10237,10238,10239,10240,10241,10881,11936,11937,11938,14198,14199,14200,14201,10693,10251,10252,10253,13295,14195,10255,10256,10257,10878,14180,14194,14181,14182,14183,14184,14185,14186,14187,14188,14189,14190,14191,14192,14193,10259,10260,10261,10262,10263,10264,10265,10266,10267,10268,10269,10270,10271,10272,10273,10274,10275,13144,10700,10701,10277,10278,10280,10281,10282,10283,12589,13186,13209,15031,15692,10221,10243,10244,10245,10246,10247,10248,10249,10289,10290,10291,10292,10293,10294,10295,10296,10297,10298,10299,10300,10301,10302,10303,10304,10305,10306,10307,10308,10309,10310,10311,10312,10323,10497,10638,10662,10667,10705,10706,10718,10730,10731,11858,13052,13079,14241,14707,10699,14744,14713,14714,14715,14716,15566,10875,14717,14718,14719,14708,14709,14710,14711,10883,10884,14712,10893,14741,14742,10707,10708,10709,10710,10711,10712,10713,10714,10715,10719,10720,10721,10722,10723,10724,10725,10726,10727,10728,10729,10857,10858,14720,14721,14722,14723,14724,14725,14726,14727,14728,14729,14745,14746,14747,14748,14749,10314,10315,10316,10317,10318,10319,10320,10321,10322,10946,14196,14197,10702,10703,10696,10697,10698,10854,10877,10325,10337,10342,10359,10363,10326,10327,10328,10329,10330,10331,10332,10333,10334,10335,10336,10910,10338,10339,10340,10341,10349,10350,10351,10352,10353,10354,10355,10356,10357,10358,10591,10593,10596,14141,14146,14142,14143,14239,14144,10733,14145,14147,10343,10344,10345,10346,10347,10360,10361,10362,10364,10365,10366,10367,10512,10371,10372,10373,10374,10375,10376,10377,10378,10379,10380,10381,10382,10383,10384,11903,11904,11905,11906,11907,11908,11909,11910,12959,10386,10387,10388,10389,10390,10391,10392,10393,14131,14132,14133,14134,14135,14136,14137,14138,14139,14140,10395,10401,10402,14128,14913,10396,10397,10398,10399,10400,14914,14127,10404,10405,10406,10407,10408,10410,10411,10413,10414,10415,10416,10418,10419,10420,10422,10423,10424,10425,10426,10427,10428,10429,10430,12770,10646,10647,10889,10955,10956,10957,10958,11897,11898,11836,11837,11838,11839,11840,11832,11833,11834,11835,14203,14204,15370,15371,15372";"1"
"A";"";"9986";"Garantias Constitucionais";"9985.0";"9988,9989,9990,10587,11842,11843,11844,11845,11846,11847,11848,11849,14130,15184";"9988,9989,9990,10587,11842,11843,11844,11845,11846,11847,11848,11849,14130,15184";"2"
"A";"";"9988";"Anistia Política";"9986.0";"";"";"3"
"A";"";"9989";"Direitos Indígenas";"9986.0";"";"";"3"
"A";"";"9990";"Intervenção em Estado / Município";"9986.0";"";"";"3"
"A";"";"9991";"Responsabilidade da Administração";"9985.0";"9992,10502,9995,9996,10870,10888,14162,14164,14165,14167,14168,14169,14170,14171,14172,14173,14174,14175,14909,14163,14911,10503,10504,10505,14148,14150,14151,14152,14153,14154,14155,14156,14157,14158,14159,14160,14161,14166,14149,14910";"9992,10502,9995,9996,10870,10888,14162,14164,14165,14167,14168,14169,14170,14171,14172,14173,14174,14175,14909,14163,14911,10503,10504,10505,14148,14150,14151,14152,14153,14154,14155,14156,14157,14158,14159,14160,14161,14166,14149,14910";"2"
"A";"";"9992";"Indenização por Dano Moral";"9991.0";"9995,9996,10870,10888,14162,14164,14165,14167,14168,14169,14170,14171,14172,14173,14174,14175,14909,14163,14911";"9995,9996,10870,10888,14162,14164,14165,14167,14168,14169,14170,14171,14172,14173,14174,14175,14909,14163,14911";"3"
"A";"2023-11-30 15:15:01";"9994";" Dano Ambiental";"10110.0";"";"";"2"
"A";"2023-09-27 16:53:34";"9995";"Serviços de Saúde";"9992.0";"";"";"4"
"A";"";"9996";"Acidente de Trânsito";"9992.0";"";"";"4"
"A";"";"9997";"Atos Administrativos";"9985.0";"9998,10009,10010,10011,10015,10020,10021,10022,10026,10027,10894,11899,11949,11989,12463,9999,10000,10001,10002,10003,10004,10005,10006,10007,10008,10079,10084,10012,10013,10014,10016,10017,10018,10019,10928,11948,11951,12587,13111,14954,14955,14956,10023,10024,10025,11900,11901,11902";"9998,10009,10010,10011,10015,10020,10021,10022,10026,10027,10894,11899,11949,11989,12463,9999,10000,10001,10002,10003,10004,10005,10006,10007,10008,10079,10084,10012,10013,10014,10016,10017,10018,10019,10928,11948,11951,12587,13111,14954,14955,14956,10023,10024,10025,11900,11901,11902";"2"
"A";"";"9998";"Licenças";"9997.0";"9999,10000,10001,10002,10003,10004,10005,10006,10007,10008,10079,10084";"9999,10000,10001,10002,10003,10004,10005,10006,10007,10008,10079,10084";"3"
"A";"";"9999";"Declaração de Bagagem";"9998.0";"";"";"4"
"A";"";"10000";"Declaração de Trânsito Aduaneiro";"9998.0";"";"";"4"
"A";"";"10001";"Comercialização sem Restrições de Produtos Industrializados";"9998.0";"";"";"4"
"A";"";"10002";"Comercialização sem Restrições de Gêneros Alimentícios";"9998.0";"";"";"4"
"A";"";"10003";"Comercialização e/ou Utilização sem Restrições de Medicamentos";"9998.0";"";"";"4"
"A";"";"10004";"Funcionamento de Comércio de Derivados de Petróleo";"9998.0";"";"";"4"
"A";"";"10005";"Registro de Empresa";"9998.0";"";"";"4"
"A";"";"10006";"Funcionamento de Estabelecimentos Empresariais";"9998.0";"";"";"4"
"A";"";"10007";"Registro / Porte de arma de fogo";"9998.0";"";"";"4"
"A";"";"10008";"Registro de Aeronave";"9998.0";"";"";"4"
"A";"";"10009";"Inquérito / Processo / Recurso Administrativo";"9997.0";"";"";"3"
"A";"";"10010";"Ato Lesivo ao Patrimônio Artístico, Estético, Histórico ou Turístico";"9997.0";"";"";"3"
"A";"";"10011";"Improbidade Administrativa";"9997.0";"10012,10013,10014";"10012,10013,10014";"3"
"A";"";"10012";"Dano ao Erário";"10011.0";"";"";"4"
"A";"";"10013";"Enriquecimento ilícito";"10011.0";"";"";"4"
"A";"2022-03-23 13:07:55";"10014";"Violação dos Princípios Administrativos";"10011.0";"";"";"4"
"A";"";"10015";"Fiscalização";"9997.0";"10016,10017,10018,10019,10928,11948,11951,12587,13111,14954,14955,14956";"10016,10017,10018,10019,10928,11948,11951,12587,13111,14954,14955,14956";"3"
"A";"";"10016";"Inspeção Fitossanitária";"10015.0";"";"";"4"
"A";"";"10017";"Exportação/Vedações";"10015.0";"";"";"4"
"A";"";"10018";"Inspeção Sanitária de Origem Animal";"10015.0";"";"";"4"
"A";"";"10019";"Segurança e Medicina do Trabalho";"10015.0";"";"";"4"
"A";"";"10020";"Registro de Trabalho Portuário/Órgão de Gestão de Mão-de-Obra";"9997.0";"";"";"3"
"A";"";"10021";"Registro de Marcas, Patentes ou Invenções";"9997.0";"";"";"3"
"A";"";"10022";"Infração Administrativa";"9997.0";"10023,10024,10025";"10023,10024,10025";"3"
"A";"";"10023";"Multas e demais Sanções";"10022.0";"";"";"4"
"A";"";"10024";"Interdição";"10022.0";"";"";"4"
"A";"";"10025";"Apreensão";"10022.0";"";"";"4"
"A";"";"10026";"Registro de Direito Autoral";"9997.0";"";"";"3"
"A";"";"10027";"Registro de Programa de Computador";"9997.0";"";"";"3"
"A";"";"10028";"Serviços";"9985.0";"10029,10051,10064,10072,10073,10087,10030,10031,10032,10033,10034,10035,10036,10037,10038,10039,10040,10041,10042,10043,10044,10045,10046,10047,10048,10049,10050,10052,10053,10054,10055,10056,10057,10058,10059,10060,10061,10062,10063,10065,10066,10067,10069,10070,10071,11851,11852,11853,11854,11855,11856,11857,11883,11884,10856,10892,11993,11994,11995,11885,10074,10075,10076,10077,10078,10080,10081,10082,10083,10085,10086,10905,14176,11925,11926,11927,11928,11929,11930,11931,11932,11933,11934,11935";"10072,10073,10087,10074,10075,10076,10077,10078,10080,10081,10082,10083,10085,10086,10905,14176,11925,11926,11927,11928,11929,11930,11931,11932,11933,11934,11935";"2"
"A";"";"10072";"Sistema Nacional do Desporto";"10028.0";"";"";"3"
"A";"";"10073";"Concessão / Permissão / Autorização";"10028.0";"10074,10075,10076,10077,10078,10080,10081,10082,10083,10085,10086,10905,14176,11925,11926,11927,11928,11929,11930,11931,11932,11933,11934,11935";"10074,10075,10076,10077,10078,10080,10081,10082,10083,10085,10086,10905,14176,11925,11926,11927,11928,11929,11930,11931,11932,11933,11934,11935";"3"
"A";"";"10074";"Fornecimento de Gás";"10073.0";"";"";"4"
"A";"";"10075";"Energia Elétrica";"10073.0";"14176";"14176";"4"
"A";"";"10076";"Transporte Terrestre";"10073.0";"";"";"4"
"A";"";"10077";"Transporte Aéreo - Aeroporto";"10073.0";"";"";"4"
"A";"";"10078";"Radiodifusão";"10073.0";"";"";"4"
"A";"";"10079";"Loterias/Sorteio";"9998.0";"";"";"4"
"A";"";"10080";"Telefonia";"10073.0";"";"";"4"
"A";"";"10081";"Transporte Aquaviário";"10073.0";"";"";"4"
"A";"";"10082";"Serviço Postal";"10073.0";"";"";"4"
"A";"";"10083";"Tabelionatos, Registros, Cartórios";"10073.0";"11925,11926,11927,11928,11929,11930,11931,11932,11933,11934,11935";"11925,11926,11927,11928,11929,11930,11931,11932,11933,11934,11935";"4"
"A";"";"10084";"Jogos de Bingo e/ou Caça-níqueis";"9998.0";"";"";"4"
"A";"";"10085";"Água e/ou Esgoto";"10073.0";"";"";"4"
"A";"";"10086";"Recolhimento e Tratamento de Lixo";"10073.0";"";"";"4"
"A";"";"10087";"Defensoria Pública";"10028.0";"";"";"3"
"A";"";"10088";"Domínio Público";"9985.0";"10089,10097,10102,10106,10107,10108,10109,10131,10090,10091,10092,10093,10094,10095,10096,11870,10098,10099,10100,10101,10103,10104,10105,14129";"10089,10097,10102,10106,10107,10108,10109,10131,10090,10091,10092,10093,10094,10095,10096,11870,10098,10099,10100,10101,10103,10104,10105,14129";"2"
"A";"";"10089";"Bens Públicos";"10088.0";"10090,10091,10092,10093,10094,10095,10096,11870";"10090,10091,10092,10093,10094,10095,10096,11870";"3"
"A";"";"10090";"Locação / Permissão / Concessão / Autorização / Cessão de Uso";"10089.0";"";"";"4"
"A";"";"10091";"Terreno de Marinha";"10089.0";"";"";"4"
"A";"";"10092";"Taxa de Ocupação";"10089.0";"";"";"4"
"A";"";"10093";"Foro / Laudêmio";"10089.0";"";"";"4"
"A";"";"10094";"Terras Devolutas";"10089.0";"";"";"4"
"A";"";"10095";"Águas Públicas";"10089.0";"";"";"4"
"A";"";"10096";"Bloqueio de Valores de Contas Públicas";"10089.0";"";"";"4"
"A";"";"10097";"Imóvel Funcional";"10088.0";"10098,10099,10100,10101";"10098,10099,10100,10101";"3"
"A";"";"10098";"Alienação";"10097.0";"";"";"4"
"A";"";"10099";"Ocupação";"10097.0";"";"";"4"
"A";"";"10100";"Reintegração de Posse";"10097.0";"";"";"4"
"A";"";"10101";"Taxa de Ocupação";"10097.0";"";"";"4"
"A";"";"10102";"Terras Indígenas";"10088.0";"10103,10104,10105";"10103,10104,10105";"3"
"A";"";"10103";"Terreno Aldeado";"10102.0";"";"";"4"
"A";"";"10104";"Restituição de área - FUNAI";"10102.0";"";"";"4"
"A";"";"10105";"Demarcação";"10102.0";"";"";"4"
"A";"";"10106";"Recursos Minerais";"10088.0";"14129";"14129";"3"
"A";"";"10107";"Espaço Aéreo";"10088.0";"";"";"3"
"A";"";"10108";"Patrimônio Histórico / Tombamento";"10088.0";"";"";"3"
"A";"";"10109";"Ordenação da Cidade / Plano Diretor";"10088.0";"";"";"3"
"A";"";"10110";"DIREITO AMBIENTAL";"";"9994,10111,10112,10113,10114,10115,10116,10118,10119,10438,11822,11823,11824,11825,11826,11827,11828,11829,11830,11862,11869,15008,15300,15301,15302";"9994,10111,10112,10113,10114,10115,10116,10118,10119,11822,11823,11824,11825,11826,11827,11828,11829,11830,11862,15008,15300,15301,15302";"1"
"A";"";"10111";"Revogação/Concessão de Licença Ambiental";"10110.0";"";"";"2"
"A";"";"10112";"Revogação/Anulação de multa ambiental";"10110.0";"";"";"2"
"A";"";"10113";"Flora";"10110.0";"";"";"2"
"A";"";"10114";"Fauna";"10110.0";"";"";"2"
"A";"";"10115";"Transgênicos";"10110.0";"";"";"2"
"A";"";"10116";"Agrotóxicos";"10110.0";"";"";"2"
"A";"";"10118";"Unidade de Conservação da Natureza";"10110.0";"";"";"2"
"A";"";"10119";"Gestão de Florestas Públicas";"10110.0";"";"";"2"
"A";"";"10120";"Intervenção do Estado na Propriedade";"9985.0";"10121,10122,10123,10124,10125,10126,10127,10128,10129,10130,10132,10133,10134,10135,10589,10886,12031";"10121,10122,10123,10124,10125,10126,10127,10128,10129,10130,10132,10133,10134,10135,10589,10886,12031";"2"
"A";"";"10121";"Desapropriação";"10120.0";"";"";"3"
"A";"";"10122";"Desapropriação por Utilidade Pública / DL 3.365/1941";"10120.0";"";"";"3"
"A";"";"10123";"Desapropriação por Interesse Social Comum / L 4.132/1962";"10120.0";"";"";"3"
"A";"";"10124";"Desapropriação por Interesse Social para Reforma Agrária";"10120.0";"";"";"3"
"A";"";"10125";"Desapropriação Indireta";"10120.0";"";"";"3"
"A";"";"10126";"Retrocessão";"10120.0";"";"";"3"
"A";"";"10127";"Vistoria";"10120.0";"";"";"3"
"A";"";"10128";"Servidão Administrativa";"10120.0";"";"";"3"
"A";"";"10129";"Ocupação Temporária";"10120.0";"";"";"3"
"A";"";"10130";"Limitação Administrativa";"10120.0";"";"";"3"
"A";"";"10131";"Privatização";"10088.0";"";"";"3"
"A";"";"10132";"Restituição de área";"10120.0";"";"";"3"
"A";"";"10133";"Direito de Preempção";"10120.0";"";"";"3"
"A";"";"10134";"Desapropriação de Imóvel Urbano";"10120.0";"";"";"3"
"A";"";"10135";"Requisição de Bem Particular";"10120.0";"";"";"3"
"A";"";"10136";"Intervenção no Domínio Econômico";"9985.0";"10137,10138,10139,10140,10144,10146,10153,10154,11871,10141,10142,10143,10145,10147,10148,10149,10150,10151,10862,10155,10156";"10137,10138,10139,10140,10144,10146,10153,10154,11871,10141,10142,10143,10145,10147,10148,10149,10150,10151,10862,10155,10156";"2"
"A";"";"10137";"Política de Preço Mínimo";"10136.0";"";"";"3"
"A";"";"10138";"Controle de Preços";"10136.0";"";"";"3"
"A";"";"10139";"Controle de Abastecimento";"10136.0";"";"";"3"
"A";"";"10140";"Importações";"10136.0";"10141,10142,10143";"10141,10142,10143";"3"
"A";"";"10141";"Desembaraço Aduaneiro";"10140.0";"";"";"4"
"A";"";"10142";"Regime ou Certificado de Origem MERCOSUL";"10140.0";"";"";"4"
"A";"";"10143";"Veículo de Turista Comunitário MERCOSUL";"10140.0";"";"";"4"
"A";"";"10144";"Incentivo";"10136.0";"10145";"10145";"3"
"A";"";"10145";"PROAGRO";"10144.0";"";"";"4"
"A";"";"10146";"Proteção à Livre Concorrência";"10136.0";"10147,10148,10149,10150,10151,10862";"10147,10148,10149,10150,10151,10862";"3"
"A";"";"10147";"Venda Casada";"10146.0";"";"";"4"
"A";"";"10148";"Preços Predatórios";"10146.0";"";"";"4"
"A";"";"10149";"Acordo de Exclusividade";"10146.0";"";"";"4"
"A";"";"10150";"Cartel";"10146.0";"";"";"4"
"A";"";"10151";"Atos de Concentração";"10146.0";"";"";"4"
"A";"";"10153";"Moeda Estrangeira";"10136.0";"";"";"3"
"A";"";"10154";"Expurgos Inflacionários / Planos Econômicos";"10136.0";"10155,10156";"10155";"3"
"A";"";"10155";"Cruzados Novos / Bloqueio";"10154.0";"";"";"4"
"A";"";"10157";"Organização Político-administrativa / Administração Pública";"9985.0";"10158,10163,10166,10174,10180,10181,10692,10868,10930,10159,10160,10161,10162,10572,10164,10165,10167,10168,10169,10170,10171,10172,10173,10175,10176,10177,10178,10179,10931,10932";"10158,10163,10166,10174,10180,10181,10692,10868,10930,10159,10160,10161,10162,10572,10164,10165,10167,10168,10169,10170,10171,10172,10173,10175,10176,10177,10178,10179,10931,10932";"2"
"A";"";"10158";"FGTS/Fundo de Garantia por Tempo de Serviço";"10157.0";"10159,10160,10161,10162,10572";"10159,10160,10161,10162,10572";"3"
"A";"";"10159";"Atualização de Conta";"10158.0";"10572";"10572";"4"
"A";"";"10160";"Liberação de Conta";"10158.0";"";"";"4"
"A";"";"10161";"Juros Progressivos";"10158.0";"";"";"4"
"A";"";"10162";"Localização de Contas";"10158.0";"";"";"4"
"A";"";"10163";"PIS/PASEP";"10157.0";"10164,10165";"10164,10165";"3"
"A";"";"10164";"Atualização de Conta";"10163.0";"";"";"4"
"A";"";"10165";"Liberação de Conta";"10163.0";"";"";"4"
"A";"";"10166";"Conselhos Regionais de Fiscalização Profissional e Afins";"10157.0";"10167,10168,10169,10170,10171,10172,10173";"10167,10168,10169,10170,10171,10172,10173";"3"
"A";"";"10167";"Registro Profissional";"10166.0";"";"";"4"
"A";"";"10168";"Multas e demais Sanções";"10166.0";"";"";"4"
"A";"";"10169";"Questões Funcionais";"10166.0";"";"";"4"
"A";"";"10170";"Exame da Ordem OAB";"10166.0";"";"";"4"
"A";"";"10171";"Eleições";"10166.0";"";"";"4"
"A";"";"10172";"Anuidades OAB";"10166.0";"";"";"4"
"A";"";"10173";"Exercício Profissional";"10166.0";"";"";"4"
"A";"";"10174";"Instituições Financeiras";"10157.0";"10175,10176,10177,10178,10179";"10175,10176,10177,10178,10179";"3"
"A";"";"10175";"Liberação de Depósitos de Instituição Liquidanda";"10174.0";"";"";"4"
"A";"";"10176";"Normatizações";"10174.0";"";"";"4"
"A";"";"10177";"Remuneração de Ativos Retidos";"10174.0";"";"";"4"
"A";"";"10178";"Cooperativas de Crédito";"10174.0";"";"";"4"
"A";"";"10179";"Liquidação extrajudicial";"10174.0";"";"";"4"
"A";"";"10180";"Fundo de Participação dos Municípios";"10157.0";"";"";"3"
"A";"2012-07-10 17:25:18";"10181";"Seguro desemprego";"10157.0";"";"";"3"
"A";"";"10182";"Dívida Pública Mobiliária";"9985.0";"10183,10184,10185";"10183,10184,10185";"2"
"A";"";"10183";"Apólices da Dívida Pública";"10182.0";"";"";"3"
"A";"";"10184";"Títulos da Dívida Pública";"10182.0";"";"";"3"
"A";"";"10185";"Títulos da Dívida Agrária";"10182.0";"";"";"3"
"A";"";"10186";"Agentes Políticos";"9985.0";"10187,10194,10201,10207,10213,10188,10189,10190,10191,10192,10193,10675,11911,11914,11915,11916,11917,11918,11919,11920,11950,11952,13254,13323,14065,12378,12379,11912,11913,11921,11922,10195,10196,10197,10198,10199,10200,12380,12381,10202,10203,10204,10205,10206,10208,10209,10210,10211,10212,10214,10215,10216,10217,10218,10681,10732";"10187,10194,10201,10207,10213,10188,10189,10190,10191,10192,10193,10675,11911,11914,11915,11916,11917,11918,11919,11920,11950,11952,13254,13323,14065,12378,12379,11912,11913,11921,11922,10195,10196,10197,10198,10199,10200,12380,12381,10202,10203,10204,10205,10206,10208,10209,10210,10211,10212,10214,10215,10216,10217,10218,10681,10732";"2"
"A";"";"10187";"Magistratura";"10186.0";"10188,10189,10190,10191,10192,10193,10675,11911,11914,11915,11916,11917,11918,11919,11920,11950,11952,13254,13323,14065,12378,12379,11912,11913,11921,11922";"10188,10189,10190,10191,10192,10193,10675,11911,11914,11915,11916,11917,11918,11919,11920,11950,11952,13254,13323,12378,12379,11912,11913,11921,11922";"3"
"A";"";"10188";"Remuneração";"10187.0";"";"";"4"
"A";"";"10189";"Afastamento";"10187.0";"";"";"4"
"A";"";"10190";"Processo Disciplinar / Sindicância";"10187.0";"";"";"4"
"A";"";"10191";"Aposentadoria";"10187.0";"12378";"12378";"4"
"A";"";"10192";"Promoção";"10187.0";"";"";"4"
"A";"";"10193";"Remoção";"10187.0";"12379";"12379";"4"
"A";"";"10194";"Ministério Público";"10186.0";"10195,10196,10197,10198,10199,10200,12380,12381";"10195,10196,10197,10198,10199,10200,12380,12381";"3"
"A";"";"10195";"Remuneração";"10194.0";"";"";"4"
"A";"";"10196";"Afastamento";"10194.0";"";"";"4"
"A";"";"10197";"Processo Disciplinar / Sindicância";"10194.0";"";"";"4"
"A";"";"10198";"Aposentadoria";"10194.0";"12380";"12380";"4"
"A";"";"10199";"Promoção";"10194.0";"";"";"4"
"A";"";"10200";"Remoção";"10194.0";"12381";"12381";"4"
"A";"";"10201";"Prefeito";"10186.0";"10202,10203,10204,10205,10206";"10202,10203,10204,10205,10206";"3"
"A";"";"10202";"Afastamento do Cargo";"10201.0";"";"";"4"
"A";"";"10203";"Remuneração";"10201.0";"";"";"4"
"A";"";"10204";"Recondução";"10201.0";"";"";"4"
"A";"";"10205";"Prestação de Contas";"10201.0";"";"";"4"
"A";"";"10206";"Indisponibilidade de Bens";"10201.0";"";"";"4"
"A";"";"10207";"Governador";"10186.0";"10208,10209,10210,10211,10212";"10208,10209,10210,10211,10212";"3"
"A";"";"10208";"Afastamento do Cargo";"10207.0";"";"";"4"
"A";"";"10209";"Remuneração";"10207.0";"";"";"4"
"A";"";"10210";"Recondução";"10207.0";"";"";"4"
"A";"";"10211";"Prestação de Contas";"10207.0";"";"";"4"
"A";"";"10212";"Indisponibilidade de Bens";"10207.0";"";"";"4"
"A";"";"10213";"Parlamentares";"10186.0";"10214,10215,10216,10217,10218,10681,10732";"10214,10215,10216,10217,10218,10681,10732";"3"
"A";"";"10214";"Remuneração";"10213.0";"10732";"10732";"4"
"A";"";"10215";"Afastamento do Cargo";"10213.0";"";"";"4"
"A";"";"10216";"Recondução";"10213.0";"";"";"4"
"A";"";"10217";"Prestação de Contas";"10213.0";"";"";"4"
"A";"";"10218";"Indisponibilidade de Bens";"10213.0";"";"";"4"
"A";"";"10219";"Servidor Público Civil";"9985.0";"10220,10250,10254,10258,10276,10279,10286,10287,10288,10313,10695,10222,10223,10224,10225,10226,10227,10228,10229,10230,10231,10232,10233,10234,10235,10236,10237,10238,10239,10240,10241,10881,11936,11937,11938,14198,14199,14200,14201,10693,10251,10252,10253,13295,14195,10255,10256,10257,10878,14180,14194,14181,14182,14183,14184,14185,14186,14187,14188,14189,14190,14191,14192,14193,10259,10260,10261,10262,10263,10264,10265,10266,10267,10268,10269,10270,10271,10272,10273,10274,10275,13144,10700,10701,10277,10278,10280,10281,10282,10283,12589,13186,13209,15031,15692,10221,10243,10244,10245,10246,10247,10248,10249,10289,10290,10291,10292,10293,10294,10295,10296,10297,10298,10299,10300,10301,10302,10303,10304,10305,10306,10307,10308,10309,10310,10311,10312,10323,10497,10638,10662,10667,10705,10706,10718,10730,10731,11858,13052,13079,14241,14707,10699,14744,14713,14714,14715,14716,15566,10875,14717,14718,14719,14708,14709,14710,14711,10883,10884,14712,10893,14741,14742,10707,10708,10709,10710,10711,10712,10713,10714,10715,10719,10720,10721,10722,10723,10724,10725,10726,10727,10728,10729,10857,10858,14720,14721,14722,14723,14724,14725,14726,14727,14728,14729,14745,14746,14747,14748,14749,10314,10315,10316,10317,10318,10319,10320,10321,10322,10946,14196,14197,10702,10703,10696,10697,10698,10854,10877";"10220,10250,10254,10258,10276,10279,10286,10287,10288,10313,10695,10222,10223,10224,10225,10226,10227,10228,10229,10230,10231,10232,10233,10234,10235,10236,10237,10238,10239,10240,10241,10881,11936,11937,11938,14198,14199,14200,14201,10693,10251,10252,10253,13295,14195,10255,10256,10257,10878,14180,14194,14181,14182,14183,14184,14185,14186,14187,14188,14189,14190,14191,14192,14193,10259,10260,10261,10262,10263,10264,10265,10266,10267,10268,10269,10270,10271,10272,10273,10274,10275,13144,10700,10701,10277,10278,10280,10281,10282,10283,12589,13186,13209,15031,15692,10221,10243,10244,10245,10246,10247,10248,10249,10289,10290,10291,10292,10293,10294,10295,10296,10297,10298,10299,10300,10301,10302,10303,10304,10305,10306,10307,10308,10309,10310,10311,10312,10323,10497,10638,10662,10667,10705,10706,10718,10730,10731,11858,13052,13079,14241,14707,10699,14744,14713,14714,14715,14716,15566,10875,14717,14718,14719,14708,14709,14710,14711,10883,10884,14712,10893,14741,14742,10707,10708,10709,10710,10711,10712,10713,10714,10715,10719,10720,10721,10722,10723,10724,10725,10726,10727,10728,10729,10857,10858,14720,14721,14722,14723,14724,14725,14726,14727,14728,14729,14745,14746,14747,14748,14749,10314,10315,10316,10317,10318,10319,10320,10321,10322,10946,14196,14197,10702,10703,10696,10697,10698,10854,10877";"2"
"A";"";"10220";"Regime Estatutário";"10219.0";"10222,10223,10224,10225,10226,10227,10228,10229,10230,10231,10232,10233,10234,10235,10236,10237,10238,10239,10240,10241,10881,11936,11937,11938,14198,14199,14200,14201,10693";"10222,10223,10224,10225,10226,10227,10228,10229,10230,10231,10232,10233,10234,10235,10236,10237,10238,10239,10240,10241,10881,11936,11937,11938,14198,14199,14200,14201,10693";"3"
"A";"";"10221";"Isonomia/Equivalência Salarial";"10288.0";"10699,14744";"10699,14744";"4"
"A";"";"10222";"Estabilidade";"10220.0";"";"";"4"
"A";"";"10223";"Enquadramento";"10220.0";"";"";"4"
"A";"";"10224";"Recondução";"10220.0";"";"";"4"
"A";"";"10225";"Acumulação de Cargos";"10220.0";"14198,14199,14200";"14198,14199,14200";"4"
"A";"2020-11-04 16:15:26";"10226";"Reintegração ou Readmissão";"10220.0";"";"";"4"
"A";"";"10227";"Direito de Greve";"10220.0";"";"";"4"
"A";"";"10228";"Transferência";"10220.0";"";"";"4"
"A";"";"10229";"Remoção";"10220.0";"";"";"4"
"A";"";"10230";"Regime Previdenciário";"10220.0";"";"";"4"
"A";"";"10231";"Anistia Administrativa";"10220.0";"";"";"4"
"A";"";"10232";"Reversão";"10220.0";"";"";"4"
"A";"";"10233";"Redistribuição";"10220.0";"";"";"4"
"A";"";"10234";"Disponibilidade / Aproveitamento";"10220.0";"";"";"4"
"A";"";"10235";"Lotação";"10220.0";"";"";"4"
"A";"";"10236";"Promoção / Ascensão";"10220.0";"14201";"14201";"4"
"A";"";"10237";"Readaptação";"10220.0";"";"";"4"
"A";"";"10238";"Estágio Probatório";"10220.0";"";"";"4"
"A";"";"10239";"Nomeação";"10220.0";"10693";"10693";"4"
"A";"";"10240";"Posse e Exercício";"10220.0";"";"";"4"
"A";"2020-11-04 16:14:44";"10241";"Exoneração ou Demissão";"10220.0";"";"";"4"
"A";"";"10243";"Complementação de Benefício/Ferroviário";"10288.0";"";"";"4"
"A";"";"10244";"Assistência à Saúde";"10288.0";"";"";"4"
"A";"";"10245";"Assistência Pré-escolar";"10288.0";"";"";"4"
"A";"";"10246";"Auxílio-Natalidade";"10288.0";"";"";"4"
"A";"";"10247";"Auxílio-Reclusão";"10288.0";"";"";"4"
"A";"";"10248";"Auxílio-Funeral";"10288.0";"";"";"4"
"A";"";"10249";"Salário-Família";"10288.0";"";"";"4"
"A";"";"10250";"Pensão";"10219.0";"10251,10252,10253,13295,14195";"10251,10252,10253,13295,14195";"3"
"A";"";"10251";"Provisória";"10250.0";"";"";"4"
"A";"";"10252";"Concessão";"10250.0";"";"";"4"
"A";"";"10253";"Restabelecimento";"10250.0";"14195";"14195";"4"
"A";"";"10254";"Aposentadoria";"10219.0";"10255,10256,10257,10878,14180,14194,14181,14182,14183,14184,14185,14186,14187,14188,14189,14190,14191,14192,14193";"10255,10256,10257,10878,14180,14194,14181,14182,14183,14184,14185,14186,14187,14188,14189,14190,14191,14192,14193";"3"
"A";"";"10255";"Invalidez Permanente";"10254.0";"14180,14194,14181,14182,14183,14184,14185,14186,14187,14188,14189,14190,14191,14192,14193";"14180,14194,14181,14182,14183,14184,14185,14186,14187,14188,14189,14190,14191,14192,14193";"4"
"A";"";"10256";"Compulsória";"10254.0";"";"";"4"
"A";"";"10257";"Voluntária";"10254.0";"";"";"4"
"A";"";"10258";"Licenças / Afastamentos";"10219.0";"10259,10260,10261,10262,10263,10264,10265,10266,10267,10268,10269,10270,10271,10272,10273,10274,10275,13144,10700,10701";"10259,10260,10261,10262,10263,10264,10265,10266,10267,10268,10269,10270,10271,10272,10273,10274,10275,10700,10701";"3"
"A";"";"10259";"Dirigente Sindical";"10258.0";"";"";"4"
"A";"";"10260";"Licença Capacitação (Aperfeiçoamento Profissional)";"10258.0";"";"";"4"
"A";"";"10261";"Licença-Prêmio";"10258.0";"10700,10701";"10700,10701";"4"
"A";"";"10262";"Doença em Pessoa da Família";"10258.0";"";"";"4"
"A";"";"10263";"Tratamento da Própria Saúde";"10258.0";"";"";"4"
"A";"";"10264";"Gestante / Adotante / Paternidade";"10258.0";"";"";"4"
"A";"";"10265";"Interesse Particular";"10258.0";"";"";"4"
"A";"";"10266";"Serviço Militar";"10258.0";"";"";"4"
"A";"";"10267";"Atividade Política";"10258.0";"";"";"4"
"A";"";"10268";"Casamento";"10258.0";"";"";"4"
"A";"";"10269";"Luto";"10258.0";"";"";"4"
"A";"";"10270";"Amamentação";"10258.0";"";"";"4"
"A";"";"10271";"Doação de Sangue";"10258.0";"";"";"4"
"A";"";"10272";"Alistamento / Serviço Eleitoral";"10258.0";"";"";"4"
"A";"";"10273";"Acompanhamento de Cônjuge ou Companheiro";"10258.0";"";"";"4"
"A";"";"10274";"Exercício em Outro Município";"10258.0";"";"";"4"
"A";"";"10275";"Licença por Acidente em Serviço";"10258.0";"";"";"4"
"A";"";"10276";"Tempo de Serviço";"10219.0";"10277,10278";"10277,10278";"3"
"A";"";"10277";"Averbação / Contagem de Tempo Especial";"10276.0";"";"";"4"
"A";"";"10278";"Averbação / Contagem Recíproca";"10276.0";"";"";"4"
"A";"";"10279";"Processo Administrativo Disciplinar ou Sindicância";"10219.0";"10280,10281,10282,10283,12589";"10280,10281,10282,10283,12589";"3"
"A";"";"10280";"Demissão ou Exoneração";"10279.0";"";"";"4"
"A";"";"10281";"Advertência";"10279.0";"";"";"4"
"A";"";"10282";"Suspensão";"10279.0";"";"";"4"
"A";"";"10283";"Responsabilidade Civil do Servidor Público / Indenização ao Erário";"10279.0";"";"";"4"
"A";"";"10286";"Programa de Desligamento Voluntário (PDV)";"10219.0";"";"";"3"
"A";"";"10287";"Jornada de Trabalho";"10219.0";"13186,13209,15031,15692";"13186,13209,15031,15692";"3"
"A";"";"10288";"Sistema Remuneratório e Benefícios";"10219.0";"10221,10243,10244,10245,10246,10247,10248,10249,10289,10290,10291,10292,10293,10294,10295,10296,10297,10298,10299,10300,10301,10302,10303,10304,10305,10306,10307,10308,10309,10310,10311,10312,10323,10497,10638,10662,10667,10705,10706,10718,10730,10731,11858,13052,13079,14241,14707,10699,14744,14713,14714,14715,14716,15566,10875,14717,14718,14719,14708,14709,14710,14711,10883,10884,14712,10893,14741,14742,10707,10708,10709,10710,10711,10712,10713,10714,10715,10719,10720,10721,10722,10723,10724,10725,10726,10727,10728,10729,10857,10858,14720,14721,14722,14723,14724,14725,14726,14727,14728,14729,14745,14746,14747,14748,14749";"10221,10243,10244,10245,10246,10247,10248,10249,10289,10290,10291,10292,10293,10294,10295,10296,10297,10298,10299,10300,10301,10302,10303,10304,10305,10306,10307,10308,10309,10310,10311,10312,10323,10497,10638,10662,10667,10705,10706,10718,10730,10731,11858,13052,13079,14241,14707,10699,14744,14713,14714,14715,14716,15566,10875,14717,14718,14719,14708,14709,14710,14711,10883,10884,14712,10893,14741,14742,10707,10708,10709,10710,10711,10712,10713,10714,10715,10719,10720,10721,10722,10723,10724,10725,10726,10727,10728,10729,10857,10858,14720,14721,14722,14723,14724,14725,14726,14727,14728,14729,14745,14746,14747,14748,14749";"3"
"A";"";"10289";"Gratificações da Lei 8.112/1990";"10288.0";"";"";"4"
"A";"";"10290";"Gratificação de Incentivo";"10288.0";"14713,14714,14715,14716,15566";"14713,14714,14715,14716,15566";"4"
"A";"";"10291";"Adicional de Insalubridade";"10288.0";"10875";"10875";"4"
"A";"";"10292";"Adicional de Periculosidade";"10288.0";"";"";"4"
"A";"";"10293";"Adicional de Fronteira";"10288.0";"";"";"4"
"A";"";"10294";"Abono Pecuniário (Art. 78 Lei 8.112/1990)";"10288.0";"";"";"4"
"A";"";"10295";"Gratificação Incorporada / Quintos e Décimos / VPNI";"10288.0";"14717,14718,14719";"14717,14718,14719";"4"
"A";"";"10296";"Descontos Indevidos";"10288.0";"";"";"4"
"A";"";"10297";"Teto Salarial";"10288.0";"";"";"4"
"A";"";"10298";"Diárias e Outras Indenizações";"10288.0";"14708,14709,14710,14711";"14708,14709,14710,14711";"4"
"A";"";"10299";"Plano de Classificação de Cargos";"10288.0";"";"";"4"
"A";"";"10300";"Data Base";"10288.0";"";"";"4"
"A";"";"10301";"Férias";"10288.0";"10883,10884,14712";"10883,10884,14712";"4"
"A";"";"10302";"Adicional por Tempo de Serviço";"10288.0";"10893";"10893";"4"
"A";"";"10303";"Adicional de Horas Extras";"10288.0";"";"";"4"
"A";"";"10304";"Auxílio-Alimentação";"10288.0";"";"";"4"
"A";"";"10305";"Gratificações de Atividade";"10288.0";"";"";"4"
"A";"";"10306";"Auxílio-transporte";"10288.0";"";"";"4"
"A";"";"10307";"Revisão Geral Anual (Mora do Executivo - inciso X, art. 37, CF 1988)";"10288.0";"14741,14742";"14741,14742";"4"
"A";"";"10308";"Adicional de Serviço Noturno";"10288.0";"";"";"4"
"A";"";"10309";"Adicional de Produtividade";"10288.0";"";"";"4"
"A";"";"10310";"Gratificação Natalina/13º salário";"10288.0";"";"";"4"
"A";"";"10311";"Irredutibilidade de Vencimentos";"10288.0";"";"";"4"
"A";"";"10312";"Piso Salarial";"10288.0";"";"";"4"
"A";"";"10313";"Reajustes de Remuneração, Proventos ou Pensão";"10219.0";"10314,10315,10316,10317,10318,10319,10320,10321,10322,10946,14196,14197,10702,10703";"10314,10315,10316,10317,10318,10319,10320,10321,10322,10946,14196,14197,10702,10703";"3"
"A";"";"10314";"Índice da URV fev/1989";"10313.0";"";"";"4"
"A";"";"10315";"Índice de 84,32% março/1990";"10313.0";"";"";"4"
"A";"";"10316";"Índice de 45% Lei 8.237/1991";"10313.0";"";"";"4"
"A";"";"10317";"Índice de 28,86% Lei 8.622/1993 e 8.627/1993";"10313.0";"";"";"4"
"A";"";"10318";"Índice da URV Lei 8.880/1994";"10313.0";"10702,10703";"10702,10703";"4"
"A";"";"10319";"Reajuste da Lei 8.270/1991";"10313.0";"";"";"4"
"A";"";"10320";"Índice do IPC junho/1987";"10313.0";"";"";"4"
"A";"";"10321";"Índice de 10,87% Lei 10.192/2001";"10313.0";"";"";"4"
"A";"";"10322";"Índice de 47,94% Lei 8.676/1993";"10313.0";"";"";"4"
"A";"";"10323";"Inclusão de Dependente";"10288.0";"";"";"4"
"A";"";"10324";"Militar";"9985.0";"10325,10337,10342,10359,10363,10326,10327,10328,10329,10330,10331,10332,10333,10334,10335,10336,10910,10338,10339,10340,10341,10349,10350,10351,10352,10353,10354,10355,10356,10357,10358,10591,10593,10596,14141,14146,14142,14143,14239,14144,10733,14145,14147,10343,10344,10345,10346,10347,10360,10361,10362,10364,10365,10366,10367,10512";"10325,10337,10342,10359,10363,10326,10327,10328,10329,10330,10331,10332,10333,10334,10335,10336,10910,10338,10339,10340,10341,10349,10350,10351,10352,10353,10354,10355,10356,10357,10358,10591,10593,10596,14141,14146,14142,14143,14239,14144,10733,14145,14147,10343,10344,10345,10346,10347,10360,10361,10362,10364,10365,10366,10367,10512";"2"
"A";"";"10325";"Regime";"10324.0";"10326,10327,10328,10329,10330,10331,10332,10333,10334,10335,10336,10910";"10326,10327,10328,10329,10330,10331,10332,10333,10334,10335,10336,10910";"3"
"A";"";"10326";"Ingresso e Concurso";"10325.0";"";"";"4"
"A";"";"10327";"Curso de Formação";"10325.0";"";"";"4"
"A";"";"10328";"Reintegração";"10325.0";"";"";"4"
"A";"";"10329";"Estabilidade";"10325.0";"";"";"4"
"A";"";"10330";"Anistia Política";"10325.0";"";"";"4"
"A";"";"10331";"Adidos, Agregados e Adjuntos";"10325.0";"";"";"4"
"A";"";"10332";"Serviço Militar Obrigatório";"10325.0";"";"";"4"
"A";"";"10333";"Ex-combatentes";"10325.0";"";"";"4"
"A";"";"10334";"Promoção";"10325.0";"";"";"4"
"A";"";"10335";"Serviço Militar dos Profissionais da Saúde";"10325.0";"";"";"4"
"A";"";"10336";"Corpo Feminino";"10325.0";"";"";"4"
"A";"";"10337";"Sistema Remuneratório e Benefícios";"10324.0";"10338,10339,10340,10341,10349,10350,10351,10352,10353,10354,10355,10356,10357,10358,10591,10593,10596,14141,14146,14142,14143,14239,14144,10733,14145,14147";"10338,10339,10340,10341,10349,10350,10351,10352,10353,10354,10355,10356,10357,10358,10591,10593,10596,14141,14146,14142,14143,14239,14144,10733,14145,14147";"3"
"A";"";"10338";"Gratificações e Adicionais";"10337.0";"14142,14143,14239";"14142,14143,14239";"4"
"A";"";"10339";"Férias";"10337.0";"";"";"4"
"A";"";"10340";"Indenizações Regulares";"10337.0";"14144";"14144";"4"
"A";"";"10341";"Isonomia";"10337.0";"10733,14145";"10733,14145";"4"
"A";"";"10342";"Reajuste de Remuneração, Soldo, Proventos ou Pensão";"10324.0";"10343,10344,10345,10346,10347";"10343,10344,10345,10346,10347";"3"
"A";"";"10343";"Índice de 28,86% LL 8.622/1993 e 8.627/1993";"10342.0";"";"";"4"
"A";"";"10344";"Índice da URV Lei 8.880/1994";"10342.0";"";"";"4"
"A";"";"10345";"Índice do IPC  junho/1987";"10342.0";"";"";"4"
"A";"";"10346";"Índice de 84,32% IPC março/1990";"10342.0";"";"";"4"
"A";"";"10347";"Índice da URP abril e maio/1988 DL 2.425/1988";"10342.0";"";"";"4"
"A";"";"10349";"Reforma";"10337.0";"";"";"4"
"A";"";"10350";"Licenças";"10337.0";"";"";"4"
"A";"";"10351";"Agregação";"10337.0";"";"";"4"
"A";"";"10352";"Reserva Remunerada";"10337.0";"";"";"4"
"A";"";"10353";"Transferência ex-officio para reserva";"10337.0";"";"";"4"
"A";"";"10354";"Tempo de Serviço";"10337.0";"";"";"4"
"A";"";"10355";"Transferência para reserva";"10337.0";"";"";"4"
"A";"";"10356";"Assistência Médico-Hospitalar";"10337.0";"";"";"4"
"A";"";"10357";"Licença Prêmio";"10337.0";"";"";"4"
"A";"";"10358";"Licenciamento";"10337.0";"";"";"4"
"A";"";"10359";"Pensão";"10324.0";"10360,10361,10362";"10360,10361,10362";"3"
"A";"";"10360";"Concessão";"10359.0";"";"";"4"
"A";"";"10361";"Restabelecimento";"10359.0";"";"";"4"
"A";"";"10362";"Provisória";"10359.0";"";"";"4"
"A";"";"10363";"Processo Administrativo Disciplinar / Sindicância";"10324.0";"10364,10365,10366,10367,10512";"10364,10365,10366,10367,10512";"3"
"A";"";"10364";"Advertência / Repreensão";"10363.0";"";"";"4"
"A";"";"10365";"Impedimento / Detenção / Prisão";"10363.0";"";"";"4"
"A";"";"10366";"Licenciamento / Exclusão";"10363.0";"";"";"4"
"A";"";"10367";"Suspensão";"10363.0";"";"";"4"
"A";"";"10370";"Concurso Público / Edital";"9985.0";"10371,10372,10373,10374,10375,10376,10377,10378,10379,10380,10381,10382,10383,10384,11903,11904,11905,11906,11907,11908,11909,11910,12959";"10371,10372,10373,10374,10375,10376,10377,10378,10379,10380,10381,10382,10383,10384,11903,11904,11905,11906,11907,11908,11909,11910,12959";"2"
"A";"2022-11-29 15:41:10";"10371";"Reserva de Vagas para Pessoas com Deficiência";"10370.0";"";"";"3"
"A";"";"10372";"Inscrição / Documentação";"10370.0";"";"";"3"
"A";"";"10373";"Limite de Idade";"10370.0";"";"";"3"
"A";"";"10374";"Exigência de Prática Forense";"10370.0";"";"";"3"
"A";"";"10375";"Prova de Títulos";"10370.0";"";"";"3"
"A";"";"10376";"Exame de Saúde e/ou Aptidão Física";"10370.0";"";"";"3"
"A";"";"10377";"Curso de Formação";"10370.0";"";"";"3"
"A";"";"10378";"Exame Psicotécnico / Psiquiátrico";"10370.0";"";"";"3"
"A";"";"10379";"Anulação e Correção de Provas / Questões";"10370.0";"";"";"3"
"A";"";"10380";"Escolaridade";"10370.0";"";"";"3"
"A";"";"10381";"Classificação e/ou Preterição";"10370.0";"";"";"3"
"A";"";"10382";"Anulação";"10370.0";"";"";"3"
"A";"";"10383";"Prazo de Validade";"10370.0";"";"";"3"
"A";"";"10384";"Condições Especiais para Prestação de Prova";"10370.0";"";"";"3"
"A";"";"10385";"Licitações ";"9985.0";"10386,10387,10388,10389,10390,10391,10392,10393,14131,14132,14133,14134,14135,14136,14137,14138,14139,14140";"10386,10387,10388,10389,10390,10391,10392,10393,14131,14132,14133,14134,14135,14136,14137,14138,14139,14140";"2"
"A";"2021-01-18 10:11:23";"10386";"Modalidade / Limite";"10385.0";"14133,14134,14135,14136,14137,14138,14139,14140";"14133,14134,14135,14136,14137,14138,14139,14140";"3"
"A";"";"10387";"Habilitação / Registro Cadastral / Julgamento / Homologação";"10385.0";"";"";"3"
"A";"";"10388";"Edital";"10385.0";"";"";"3"
"A";"";"10389";"Revogação";"10385.0";"";"";"3"
"A";"";"10390";"Sanções Administrativas";"10385.0";"";"";"3"
"A";"";"10391";"Recursos Administrativos";"10385.0";"";"";"3"
"A";"";"10392";"Convênio";"10385.0";"";"";"3"
"A";"";"10393";"Adjudicação";"10385.0";"";"";"3"
"A";"";"10394";"Dívida Ativa não-tributária";"9985.0";"10395,10401,10402,14128,14913,10396,10397,10398,10399,10400,14914,14127";"10395,10401,10402,14128,14913,10396,10397,10398,10399,10400,14914,14127";"2"
"A";"";"10395";"Multas e demais Sanções";"10394.0";"10396,10397,10398,10399,10400,14914";"10396,10397,10398,10399,10400,14914";"3"
"A";"";"10396";"Ambiental";"10395.0";"";"";"4"
"A";"";"10397";"Sanitárias";"10395.0";"";"";"4"
"A";"";"10398";"Metrológica";"10395.0";"";"";"4"
"A";"";"10399";"Profissional";"10395.0";"";"";"4"
"A";"";"10400";"Segurança e/ou Medicina do Trabalho";"10395.0";"";"";"4"
"A";"";"10401";"Taxa de Ocupação / Laudêmio / Foro";"10394.0";"";"";"3"
"A";"";"10402";"Cessão de créditos não-tributários";"10394.0";"14127";"14127";"3"
"A";"";"10403";"Organização Sindical";"9985.0";"10404,10405,10406,10407,10408";"10404,10405,10406,10407,10408";"2"
"A";"";"10404";"Contribuição Sindical";"10403.0";"";"";"3"
"A";"";"10405";"Eleições Sindicais";"10403.0";"";"";"3"
"A";"";"10406";"Registro Sindical";"10403.0";"";"";"3"
"A";"";"10407";"Dilação e Extensão de Base Territorial";"10403.0";"";"";"3"
"A";"";"10408";"Filiação";"10403.0";"";"";"3"
"A";"";"10409";"Empregado Público / Temporário";"9985.0";"10410,10411";"10410,10411";"2"
"A";"";"10410";"Contrato Temporário de Mão de Obra L 8.745/1993";"10409.0";"";"";"3"
"A";"";"10411";"Admissão / Permanência / Despedida";"10409.0";"";"";"3"
"A";"";"10412";"Comissão Parlamentar de Inquérito - CPI";"9985.0";"10413,10414,10415,10416";"10413,10414,10415,10416";"2"
"A";"";"10413";"Quebra de Sigilo Bancário / Fiscal / Telefônico";"10412.0";"";"";"3"
"A";"";"10414";"Criação / Instalação / Prosseguimento / Encerramento";"10412.0";"";"";"3"
"A";"";"10415";"Limites dos Poderes de Investigação";"10412.0";"";"";"3"
"A";"";"10416";"Limites do Objeto";"10412.0";"";"";"3"
"A";"";"10417";"Sistema Nacional de Trânsito";"9985.0";"10418,10419,10420";"10418,10419,10420";"2"
"A";"";"10418";"CNH - Carteira Nacional de Habilitação";"10417.0";"";"";"3"
"A";"";"10419";"Liberação de Veículo Apreendido";"10417.0";"";"";"3"
"A";"";"10420";"Licenciamento de Veículo";"10417.0";"";"";"3"
"A";"";"10421";"Contratos Administrativos";"9985.0";"10422,10423,10424,10425,10426,10427,10428,10429,10430,12770";"10422,10423,10424,10425,10426,10427,10428,10429,10430,12770";"2"
"A";"";"10422";"Pagamento Atrasado / Correção Monetária";"10421.0";"";"";"3"
"A";"";"10423";"Anulação";"10421.0";"";"";"3"
"A";"";"10424";"Suspensão";"10421.0";"";"";"3"
"A";"";"10425";"Rescisão";"10421.0";"";"";"3"
"A";"";"10426";"Prorrogação";"10421.0";"";"";"3"
"A";"";"10427";"Termo Aditivo";"10421.0";"";"";"3"
"A";"";"10428";"Penalidades";"10421.0";"";"";"3"
"A";"";"10429";"Execução Contratual";"10421.0";"";"";"3"
"A";"";"10430";"Equilíbrio Financeiro";"10421.0";"";"";"3"
"A";"";"10431";"Responsabilidade Civil";"899.0";"10433,10439,14694,15367,10434,10435,10436,10437,14920,14922,10440,10441,10442,10443,11954,14919,14921";"10433,10439,14694,15367,10434,10435,10436,10437,14920,14922,10440,10441,10442,10443,11954,14919,14921";"2"
"A";"";"10432";"Coisas";"899.0";"10444,10448,10482,10483,10484,10485,10486,10487,10488,10494,10495,10496,11412,11413,10445,10446,10447,4654,10449,10450,10451,10452,10453,10454,10455,10461,10462,10463,10470,10480,10481,4656,4660,4670,4680,10499,10456,10457,10458,10459,10460,10500,11980,11990,10464,10465,10466,10467,10468,10469,10595,10489,10490,10491,10492,10493";"10444,10448,10482,10483,10484,10485,10486,10487,10488,10494,10495,10496,11412,11413,10445,10446,10447,4654,10449,10450,10451,10452,10453,10454,10455,10461,10462,10463,10470,10480,10481,4656,4660,4670,4680,10499,10456,10457,10458,10459,10460,10500,11980,11990,10464,10465,10466,10467,10468,10469,10595,10489,10490,10491,10492,10493";"2"
"A";"";"10433";"Indenização por Dano Moral";"10431.0";"10434,10435,10436,10437,14920,14922";"10434,10435,10436,10437,14920,14922";"3"
"A";"2023-09-27 16:51:02";"10434";"Serviços de Saúde";"10433.0";"";"";"4"
"A";"";"10435";"Acidente de Trânsito";"10433.0";"";"";"4"
"A";"";"10436";"Lei de Imprensa";"10433.0";"";"";"4"
"A";"";"10437";"Direito de Imagem";"10433.0";"";"";"4"
"A";"";"10439";"Indenização por Dano Material";"10431.0";"10440,10441,10442,10443,11954,14919,14921";"10440,10441,10442,10443,11954,14919,14921";"3"
"A";"2023-09-27 16:54:59";"10440";"Serviços de Saúde";"10439.0";"";"";"4"
"A";"";"10441";"Acidente de Trânsito";"10439.0";"";"";"4"
"A";"";"10442";"Lei de Imprensa";"10439.0";"";"";"4"
"A";"";"10443";"Direito de Imagem";"10439.0";"";"";"4"
"A";"";"10444";"Posse";"10432.0";"10445,10446,10447";"10445,10446,10447";"3"
"A";"";"10445";"Esbulho / Turbação / Ameaça";"10444.0";"";"";"4"
"A";"";"10446";"Imissão";"10444.0";"";"";"4"
"A";"";"10447";"Aquisição";"10444.0";"";"";"4"
"A";"";"10448";"Propriedade";"10432.0";"4654,10449,10450,10451,10452,10453,10454,10455,10461,10462,10463,10470,10480,10481,4656,4660,4670,4680,10499,10456,10457,10458,10459,10460,10500,11980,11990,10464,10465,10466,10467,10468,10469,10595";"4654,10449,10450,10451,10452,10453,10454,10455,10461,10462,10463,10470,10480,10481,4656,4660,4670,4680,10499,10456,10457,10458,10459,10460,10500,11980,11990,10464,10465,10466,10467,10468,10469,10595";"3"
"A";"";"10449";"Perda da Propriedade";"10448.0";"";"";"4"
"A";"";"10450";"Adjudicação Compulsória";"10448.0";"";"";"4"
"A";"";"10451";"Divisão e Demarcação";"10448.0";"";"";"4"
"A";"";"10452";"Reivindicação";"10448.0";"";"";"4"
"A";"";"10453";"Retificação de Área de Imóvel";"10448.0";"";"";"4"
"A";"";"10454";"Alienação Judicial";"10448.0";"";"";"4"
"A";"";"10455";"Aquisição";"10448.0";"10456,10457,10458,10459,10460,10500,11980,11990";"10456,10457,10458,10459,10460,10500,11980,11990";"4"
"A";"";"10456";"Acessão";"10455.0";"";"";"5"
"A";"";"10457";"Usucapião Especial (Constitucional)";"10455.0";"";"";"5"
"A";"";"10458";"Usucapião Extraordinária";"10455.0";"";"";"5"
"A";"";"10459";"Usucapião Ordinária";"10455.0";"";"";"5"
"A";"";"10460";"Usucapião Especial Coletiva";"10455.0";"";"";"5"
"A";"";"10461";"Direito de Vizinhança";"10448.0";"";"";"4"
"A";"";"10462";"Condomínio";"10448.0";"";"";"4"
"A";"";"10463";"Condomínio em Edifício";"10448.0";"10464,10465,10466,10467,10468,10469,10595";"10464,10465,10466,10467,10468,10469,10595";"4"
"A";"";"10464";"Administração";"10463.0";"";"";"5"
"A";"";"10465";"Alteração de Coisa Comum";"10463.0";"";"";"5"
"A";"";"10466";"Assembléia";"10463.0";"";"";"5"
"A";"";"10467";"Despesas Condominiais";"10463.0";"";"";"5"
"A";"";"10468";"Direitos / Deveres do Condômino";"10463.0";"";"";"5"
"A";"";"10469";"Vaga de garagem";"10463.0";"";"";"5"
"A";"";"10470";"Incorporação Imobiliária";"10448.0";"";"";"4"
"A";"";"10480";"Propriedade Resolúvel";"10448.0";"";"";"4"
"A";"";"10481";"Propriedade Fiduciária";"10448.0";"";"";"4"
"A";"";"10482";"Enfiteuse";"10432.0";"";"";"3"
"A";"";"10483";"Servidão";"10432.0";"";"";"3"
"A";"";"10484";"Usufruto";"10432.0";"";"";"3"
"A";"";"10485";"Superfície";"10432.0";"";"";"3"
"A";"";"10486";"Uso";"10432.0";"";"";"3"
"A";"";"10487";"Habitação";"10432.0";"";"";"3"
"A";"";"10488";"Penhor";"10432.0";"10489,10490,10491,10492,10493";"10489,10490,10491,10492,10493";"3"
"A";"";"10489";"Rural - Agrícola/Pecuário";"10488.0";"";"";"4"
"A";"";"10490";"Industrial / Mercantil";"10488.0";"";"";"4"
"A";"";"10491";"Direitos e Títulos de Crédito";"10488.0";"";"";"4"
"A";"";"10492";"Veículos";"10488.0";"";"";"4"
"A";"";"10493";"Legal";"10488.0";"";"";"4"
"A";"";"10494";"Hipoteca";"10432.0";"";"";"3"
"A";"";"10495";"Anticrese";"10432.0";"";"";"3"
"A";"";"10496";"Promessa de Compra e Venda";"10432.0";"";"";"3"
"A";"";"10497";"Subsídios";"10288.0";"";"";"4"
"A";"";"10499";"Programa de Computador";"4654.0";"";"";"5"
"A";"";"10500";"Usucapião da L 6.969/1981";"10455.0";"";"";"5"
"A";"";"10501";"Crédito Rural";"9580.0";"";"";"4"
"A";"";"10502";"Indenização por Dano Material";"9991.0";"10503,10504,10505,14148,14150,14151,14152,14153,14154,14155,14156,14157,14158,14159,14160,14161,14166,14149,14910";"10503,10504,10505,14148,14150,14151,14154,14155,14156,14157,14158,14159,14161,14166,14149,14910";"3"
"A";"2023-09-27 16:56:15";"10503";"Serviços de Saúde";"10502.0";"";"";"4"
"A";"";"10504";"Acidente de Trânsito";"10502.0";"";"";"4"
"A";"";"10505";"Variação Cambial";"10502.0";"";"";"4"
"A";"";"10508";"Maus Tratos";"3388.0";"";"";"3"
"A";"";"10509";"Exposição ou Abandono de Recém Nascido";"3388.0";"";"";"3"
"A";"";"10512";"Responsabilidade Civil do Militar - Indenização ao Erário";"10363.0";"";"";"4"
"A";"2021-09-29 11:32:32";"10514";"Utilização de Embrião Humano em Desacordo com a Legislação - Biossegurança";"3618.0";"";"";"4"
"A";"2021-09-29 11:32:12";"10515";"Prática de engenharia genética em célula germinal, zigoto ou embrião humanos - Biossegurança";"3618.0";"";"";"4"
"A";"2021-09-29 11:32:59";"10516";"Clonagem Humana - Biossegurança";"3618.0";"";"";"4"
"A";"";"10523";"Despenalização / Descriminalização";"5885.0";"";"";"5"
"A";"";"10527";"Livros / Jornais / Periódicos";"5914.0";"";"";"4"
"A";"";"10528";"Entidades Sem Fins Lucrativos";"5914.0";"";"";"4"
"A";"";"10529";"Partidos Políticos";"5914.0";"";"";"4"
"A";"";"10530";"Imunidade Recíproca";"5914.0";"";"";"4"
"A";"";"10531";"ICMS / Incidência Sobre o Ativo Fixo";"5946.0";"";"";"4"
"A";"";"10532";"Incidência sobre Auxílio-condução";"5917.0";"";"";"4"
"A";"";"10533";"Incidência sobre Auxílio-creche";"5917.0";"";"";"4"
"A";"";"10534";"Taxa de Limpeza Pública";"5972.0";"";"";"4"
"A";"";"10535";"Taxa de Iluminação Pública";"5972.0";"";"";"4"
"A";"";"10536";"Taxa de Coleta de Lixo";"5972.0";"";"";"4"
"A";"";"10537";"Taxa de Prevenção e Combate a Incêndio";"5972.0";"";"";"4"
"A";"";"10538";"Taxa de Licenciamento de Estabelecimento";"5972.0";"";"";"4"
"A";"";"10539";"Capacidade Tributária";"5978.0";"";"";"3"
"A";"";"10540";"Competência Tributária";"5913.0";"";"";"3"
"A";"";"10543";"Depósito Judicial";"5987.0";"";"";"4"
"A";"";"10544";"Constitucionalidade do artigo 4º da LC 118/05";"5992.0";"";"";"5"
"A";"";"10545";"Constitucionalidade do artigo 46 da Lei 8212/91";"5992.0";"";"";"5"
"A";"";"10546";"Suspensão";"5992.0";"10549";"10549";"5"
"A";"";"10547";"Interrupção";"5992.0";"10550";"10550";"5"
"A";"";"10548";"Decretação de Ofício";"5992.0";"";"";"5"
"A";"";"10549";"Arquivamento Administrativo - Crédito de Pequeno Valor";"10546.0";"";"";"6"
"A";"";"10550";"Despacho de Citação";"10547.0";"";"";"6"
"A";"";"10551";"Constitucionalidade do artigo 45 da Lei 8212/91";"5993.0";"";"";"5"
"A";"";"10556";"Exclusão - ICMS";"6008.0";"";"";"4"
"A";"";"10557";"Exclusão - IPI";"6008.0";"";"";"4"
"A";"";"10558";"Exclusão - Receitas Provenientes de Exportação";"6008.0";"";"";"4"
"A";"";"10559";"Cálculo de ICMS &quot;por dentro&quot;";"6008.0";"";"";"4"
"A";"";"10560";"Quebra de Sigilo Bancário";"6021.0";"";"";"3"
"A";"";"10561";"PIS - Importação";"6033.0";"";"";"4"
"A";"";"10562";"COFINS - Importação";"6033.0";"";"";"4"
"A";"";"10563";"Compensação de Prejuízo";"6036.0";"";"";"5"
"A";"";"10565";"Contribuição Sindical Rural";"6044.0";"";"";"4"
"A";"";"10567";"Aposentadoria por Invalidez Acidentária";"6094.0";"";"";"3"
"A";"";"10572";"Termo de Adesão da LC 110/2001";"10159.0";"";"";"5"
"A";"";"10573";"Prisão Civil";"9148.0";"10859,10860,10861";"10859,10860,10861";"3"
"A";"";"10577";"Relações de Parentesco";"5626.0";"5801,5802,5804,5805,7667,7671,10936,11977,11986,12155,12156,12383";"5801,5802,5804,5805,7667,7671,10936,11977,11986,12155,12156,12383";"3"
"A";"";"10582";"Rescisão / Resolução";"7691.0";"";"";"4"
"A";"";"10585";"Capitalização / Anatocismo";"7699.0";"";"";"5"
"A";"";"10586";"Limitação de Juros";"7699.0";"";"";"5"
"A";"";"10587";"Proteção da Intimidade e Sigilo de Dados";"9986.0";"";"";"3"
"A";"";"10588";"Vícios de Construção";"4839.0";"";"";"5"
"A";"";"10589";"Juros Compensatórios";"10120.0";"";"";"3"
"A";"";"10590";"Resgate de Contribuição";"4805.0";"";"";"5"
"A";"";"10591";"Inclusão de Dependente";"10337.0";"";"";"4"
"A";"2025-04-28 14:54:21";"10592";"Desconto em Folha de Pagamento/Benefício Previdenciário";"7690.0";"";"";"4"
"A";"";"10593";"Remuneração Mínima";"10337.0";"";"";"4"
"A";"";"10595";"Multa";"10463.0";"";"";"5"
"A";"";"10596";"Auxílio-invalidez";"10337.0";"";"";"4"
"A";"";"10598";"Cobrança indevida de ligações ";"7617.0";"";"";"4"
"A";"";"10599";"Quesitos";"4264.0";"";"";"4"
"A";"";"10600";"Impedimento";"4264.0";"";"";"4"
"A";"";"10601";"Suspeição";"4264.0";"";"";"4"
"A";"";"10602";"Condicional do processo";"4271.0";"";"";"4"
"A";"";"10603";"Parcelamento de crédito tributário";"4271.0";"";"";"4"
"A";"";"10604";"Investigação Penal";"1209.0";"10605,10606,10607,10608,10609,10610,12640,14124,14875,14876,14877,14878,14879";"10605,10606,10607,10608,10609,10610,12640,14124,14875,14876,14877,14878,14879";"2"
"A";"";"10605";"Competência do MP";"10604.0";"";"";"3"
"A";"";"10606";"Cerceamento de Defesa";"10604.0";"";"";"3"
"A";"";"10607";"Quebra do Sigilo Bancário";"10604.0";"";"";"3"
"A";"";"10608";"Quebra do Sigilo Fiscal";"10604.0";"";"";"3"
"A";"";"10609";"Quebra do Sigilo Telefônico";"10604.0";"";"";"3"
"A";"";"10610";"Trancamento";"10604.0";"";"";"3"
"A";"";"10612";"Tipicidade";"10620.0";"10614,10615";"10614,10615";"3"
"A";"";"10613";"Excludentes";"10620.0";"10616,10617,10618,10619";"10616,10617,10618,10619";"3"
"A";"";"10614";"Abolitio Criminis";"10612.0";"";"";"4"
"A";"";"10615";"Princípio da Insignificância";"10612.0";"";"";"4"
"A";"";"10616";"Legítima Defesa";"10613.0";"";"";"4"
"A";"";"10617";"Estado de Necessidade";"10613.0";"";"";"4"
"A";"";"10618";"Estrito Cumprimento do Dever Legal";"10613.0";"";"";"4"
"A";"";"10619";"Inexigibilidade de Conduta Diversa";"10613.0";"";"";"4"
"A";"";"10620";"Parte Geral";"287.0";"10612,10613,10621,10622,10634,10642,10614,10615,10616,10617,10618,10619,10628,10633,10623,10624,10625,10626,10627,10643,10644";"10612,10613,10621,10622,10634,10642,10614,10615,10616,10617,10618,10619,10628,10633,10623,10624,10625,10626,10627,10643,10644";"2"
"A";"";"10621";"Aplicação da Pena";"10620.0";"10628,10633";"10628,10633";"3"
"A";"";"10622";"Extinção da Punibilidade";"10620.0";"10623,10624,10625,10626,10627";"10623,10624,10625,10626,10627";"3"
"A";"";"10623";"Prescrição";"10622.0";"";"";"4"
"A";"";"10624";"Perdão";"10622.0";"";"";"4"
"A";"";"10625";"Anistia";"10622.0";"";"";"4"
"A";"";"10626";"Indulto";"10622.0";"";"";"4"
"A";"";"10627";"Pagamento ou Parcelamento do Crédito Tributário";"10622.0";"";"";"4"
"A";"";"10628";"Substituição da Pena";"10621.0";"";"";"4"
"A";"";"10630";"Transação";"4263.0";"";"";"3"
"A";"";"10631";"Desaforamento";"4291.0";"";"";"3"
"A";"";"10632";"Prisão Temporária";"1209.0";"";"";"2"
"A";"";"10633";"Regime inicial";"10621.0";"";"";"4"
"A";"";"10634";"Suspensão condicional da pena";"10620.0";"";"";"3"
"A";"2021-09-30 14:48:49";"10635";"Progressão de Regime";"7791.0";"10864";"";"4"
"A";"";"10636";"Livramento condicional";"7791.0";"";"";"4"
"A";"2021-09-30 14:58:42";"10637";"Remição";"7791.0";"";"";"4"
"A";"";"10638";"Acumulação de Proventos";"10288.0";"";"";"4"
"A";"";"10640";"Prisão Decorrente de Sentença Condenatória";"4263.0";"";"";"3"
"A";"";"10641";"Penas do Código Penal Militar";"7942.0";"";"";"3"
"A";"";"10642";"Efeitos da Condenação";"10620.0";"10643,10644";"10643,10644";"3"
"A";"";"10643";"Perda da Função Pública";"10642.0";"";"";"4"
"A";"";"10644";"Perda de Bens e Valores";"10642.0";"";"";"4"
"A";"";"10645";"Controle de Constitucionalidade";"9985.0";"10646,10647,10889";"10646,10647,10889";"2"
"A";"";"10646";"Inconstitucionalidade Material";"10645.0";"";"";"3"
"A";"";"10647";"Processo Legislativo";"10645.0";"";"";"3"
"A";"";"10651";"Competência dos Juizados Especiais";"8829.0";"";"";"4"
"A";"";"10652";"Competência da Justiça do Trabalho";"8829.0";"13359,13378,13386,13390,13398,13415,13451,13452,13461,13471,13525";"13359,13378,13386,13390,13398,13415,13451,13452,13461,13471,13525";"4"
"A";"";"10653";"Competência da Justiça Federal";"8829.0";"";"";"4"
"A";"";"10654";"Competência da Justiça Estadual";"8829.0";"";"";"4"
"A";"";"10655";"Honorários Advocatícios";"8874.0";"13350,13385,13537,13541,14840,14841,14842,14843,14844";"13350,13385,13537,13541,14840,14841,14842,14843,14844";"4"
"A";"";"10656";"Honorários Advocatícios em Execução Contra a Fazenda Pública";"8874.0";"14845";"14845";"4"
"A";"";"10657";"Honorários Advocatícios em FGTS ";"8874.0";"";"";"4"
"A";"";"10658";"Custas";"8874.0";"";"";"4"
"A";"";"10659";"Suspeição";"8884.0";"";"";"4"
"A";"";"10660";"Impedimento";"8884.0";"";"";"4"
"A";"";"10661";"Incidência sobre Abono de Permanência";"5917.0";"";"";"4"
"A";"";"10662";"Abono de Permanência";"10288.0";"";"";"4"
"A";"";"10666";"Regularidade Formal";"9045.0";"14874";"14874";"3"
"A";"";"10667";"Gratificações Estaduais Específicas";"10288.0";"10707,10708,10709,10710,10711,10712,10713,10714,10715";"10707,10708,10709,10710,10711,10712,10713,10714,10715";"4"
"A";"";"10668";"Fac-símile";"9060.0";"";"";"4"
"A";"";"10669";"Protocolo Integrado / Descentralizado";"9060.0";"";"";"4"
"A";"";"10670";"Obrigação de Entregar";"9148.0";"10676,10677,12160,12161,13086,13187";"10676,10677,12160,12161";"3"
"A";"";"10671";"Obrigação de Fazer / Não Fazer";"9148.0";"";"";"3"
"A";"";"10672";"Precatório";"9148.0";"10678,10679,10680,10869,10885,11923,11924,13097,13216,13253,14912";"10678,10679,10680,10869,10885,11923,11924,13097,13216,13253,14912";"3"
"A";"";"10673";"Requisição de Pequeno Valor - RPV";"9148.0";"13285,14855";"13285,14855";"3"
"A";"";"10675";"Quinto Constitucional";"10187.0";"";"";"4"
"A";"";"10676";"Imissão na Posse";"10670.0";"";"";"4"
"A";"";"10677";"Busca e Apreensão";"10670.0";"";"";"4"
"A";"";"10678";"Sequestro de Verbas Públicas";"10672.0";"";"";"4"
"A";"";"10679";"Fracionamento";"10672.0";"";"";"4"
"A";"";"10680";"Crédito Complementar";"10672.0";"";"";"4"
"A";"";"10681";"Aposentadoria / Pensão Especial";"10213.0";"";"";"4"
"A";"2018-11-21 15:37:24";"10683";"Fato Superveniente ao Término do Prazo para Impugnação";"9148.0";"";"";"3"
"A";"";"10684";"Juros";"9149.0";"14070";"14070";"4"
"A";"";"10685";"Correção Monetária";"9149.0";"13542,13543,14860,14861";"13542,13543,14860,14861";"4"
"A";"";"10686";"Multa Cominatória / Astreintes";"9148.0";"13062,13093";"13062,13093";"3"
"A";"";"10687";"Taxa SELIC";"9149.0";"";"";"4"
"A";"2022-06-09 15:00:17";"10688";"Medidas Socioeducativas";"9633.0";"11386,11387,11388,11389,11390,11391,11392,12030,12157";"11386,11387,11388,11389,11390,11391,11392,12030,12157";"2"
"A";"";"10689";"Correção da Tabela";"5917.0";"";"";"4"
"A";"";"10690";"IPMF - Imposto Provisório sobre Movimentação Financeira";"5916.0";"";"";"3"
"A";"";"10691";"Questão Prejudicial";"4271.0";"";"";"4"
"A";"";"10692";"Tribunal de Contas";"10157.0";"";"";"3"
"A";"";"10693";"Cargo em Comissão";"10239.0";"";"";"5"
"A";"";"10695";"Categorias Especiais de Servidor Público";"10219.0";"10696,10697,10698,10854,10877";"10696,10697,10698,10854,10877";"3"
"A";"";"10696";"Professor";"10695.0";"";"";"4"
"A";"";"10697";"Procuradores de Órgãos / Entidades Públicos";"10695.0";"";"";"4"
"A";"";"10698";"Serventuários da Justiça";"10695.0";"";"";"4"
"A";"";"10699";"Extensão de Vantagem aos Inativos";"10221.0";"";"";"5"
"A";"";"10700";"Contagem em Dobro";"10261.0";"";"";"5"
"A";"";"10701";"Pagamento em Pecúnia";"10261.0";"";"";"5"
"A";"";"10702";"Índice de 3,17%";"10318.0";"";"";"5"
"A";"";"10703";"Índice de 11,98%";"10318.0";"";"";"5"
"A";"";"10705";"Subteto Salarial";"10288.0";"";"";"4"
"A";"";"10706";"Gratificações Municipais Específicas";"10288.0";"";"";"4"
"A";"";"10707";"Gratificação de Encargos Especiais - GEE";"10667.0";"";"";"5"
"A";"";"10708";"Gratificação de Estímulo à Produção Individual - GEPI";"10667.0";"";"";"5"
"A";"";"10709";"Gratificação Estadual - AM";"10667.0";"";"";"5"
"A";"";"10710";"Adicional de Etapa Alimentar";"10667.0";"";"";"5"
"A";"";"10711";"Gratificação de Suporte às Atividades Escolares - GSAE";"10667.0";"";"";"5"
"A";"";"10712";"Gratificação por Trabalho Educacional - GTE";"10667.0";"";"";"5"
"A";"";"10713";"Gratificação de Suporte Administrativo - GASA";"10667.0";"";"";"5"
"A";"";"10714";"Gratificação-Prêmio";"10667.0";"";"";"5"
"A";"";"10715";"Gratificação Complementar de Vencimento";"10667.0";"";"";"5"
"A";"";"10718";"Gratificações Por Atividades Específicas";"10288.0";"10719,10720,10721,10722,10723,10724,10725,10726,10727,10728,10729,10857,10858,14720,14721,14722,14723,14724,14725,14726,14727,14728,14729,14745,14746,14747,14748,14749";"10719,10720,10721,10722,10723,10724,10725,10726,10727,10728,10729,10857,10858,14720,14721,14722,14723,14724,14725,14726,14727,14728,14729,14745,14746,14747,14748,14749";"4"
"A";"";"10719";"Gratificação de Desempenho de Atividade Técnico Administrativa - GDATA";"10718.0";"";"";"5"
"A";"";"10720";"Gratificação de Desempenho de Atividade Tributária - GDAT";"10718.0";"";"";"5"
"A";"";"10721";"Gratificação de Desempenho de Atividade de Fiscalização Agropecuária - GDAFA";"10718.0";"";"";"5"
"A";"";"10722";"Gratificação de Desempenho de Atividade Jurídica - GDAJ";"10718.0";"";"";"5"
"A";"";"10723";"Gratificação de Atividade - GATA";"10718.0";"";"";"5"
"A";"";"10724";"Gratificação de Incentivo à Docência - GID";"10718.0";"";"";"5"
"A";"";"10725";"Gratificação de Produção Suplementar - GPS";"10718.0";"";"";"5"
"A";"";"10726";"Gratificação Eleitoral";"10718.0";"";"";"5"
"A";"";"10727";"Gratificação de Inatividade";"10718.0";"";"";"5"
"A";"";"10728";"Gratificação Extraordinária - GE";"10718.0";"";"";"5"
"A";"";"10729";"Gratificação de Desempenho de Função - GADF";"10718.0";"";"";"5"
"A";"";"10730";"Adicional de Desempenho";"10288.0";"";"";"4"
"A";"";"10731";"Adicional de Sexta-Parte";"10288.0";"";"";"4"
"A";"";"10732";"Verba de Representação";"10214.0";"";"";"5"
"A";"";"10733";"Extensão de Vantagem aos Inativos";"10341.0";"";"";"5"
"A";"2018-11-20 13:27:19";"10734";"Nulidade - Não Observância da Reserva de Plenário";"8919.0";"";"";"4"
"A";"2018-11-20 15:01:38";"10735";"Ausência de Interesse Processual";"8942.0";"";"";"4"
"A";"2018-11-20 15:01:12";"10736";"Legitimidade para a Causa";"8942.0";"10863,12414";"10863,12414";"4"
"A";"2018-11-20 14:53:16";"10737";"Ausência de Pressupostos de Constituição e Desenvolvimento ";"8942.0";"";"";"4"
"A";"";"10738";"Sobrestamento";"9045.0";"";"";"3"
"A";"2010-04-08 17:52:17";"10739";"DIREITO ELEITORAL E PROCESSO ELEITORAL DO STF";"";"10740,10760,10762,10763,10800,10741,10743,10744,10745,10746,10757,10764,10765,10766,10767,10768,10769,10770,10771,10772,10773,10774,10775,10776,10777,10778,10779,10780,10781,10782,10783,10784,10785,10786,10787,10788,10789,10790,10791,10792,10793,10794,10795,10796,10797,10798,10799,10801,10802,10803,10804,10805,10806,10807,10808,10809,10810,10811,10812,10813,10814";"10740,10760,10762,10763,10800,10741,10743,10744,10745,10746,10757,10764,10765,10766,10767,10768,10769,10770,10771,10772,10773,10774,10775,10776,10777,10778,10779,10780,10781,10782,10783,10784,10785,10786,10787,10788,10789,10790,10791,10792,10793,10794,10795,10796,10797,10798,10799,10801,10802,10803,10804,10805,10806,10807,10808,10809,10810,10811,10812,10813,10814";"1"
"A";"";"10740";"Partido Político";"10739.0";"10741,10743,10744,10745,10746,10757";"10741,10743,10744,10745,10746,10757";"2"
"A";"";"10741";"Criação do Partido Político";"10740.0";"";"";"3"
"A";"";"10743";"Registro do Partido Político";"10740.0";"";"";"3"
"A";"";"10744";"Extinção do Partido Político";"10740.0";"";"";"3"
"A";"";"10745";"Filiação partidária";"10740.0";"";"";"3"
"A";"";"10746";"Convenção para escolha de candidatos";"10740.0";"";"";"3"
"A";"";"10747";"Inscrição fraudulenta ";"3654.0";"";"";"4"
"A";"";"10748";"Calúnia";"3654.0";"";"";"4"
"A";"";"10749";"Difamação";"3654.0";"";"";"4"
"A";"";"10750";"Injúria";"3654.0";"";"";"4"
"A";"";"10751";"Captação ilícita de votos ou corrupção eleitoral";"3654.0";"";"";"4"
"A";"";"10752";"Aliciamento eleitoral";"3654.0";"";"";"4"
"A";"";"10753";"Falso eleitoral";"3654.0";"";"";"4"
"A";"";"10754";"Desobediência à determinações da Justiça Eleitoral";"3654.0";"";"";"4"
"A";"";"10755";"Boca de urna";"3654.0";"";"";"4"
"A";"";"10756";"Indução à inscrição indevida";"3654.0";"";"";"4"
"A";"";"10757";"Fidelidade partidária";"10740.0";"";"";"3"
"A";"";"10760";"Plebiscito";"10739.0";"";"";"2"
"A";"";"10762";"Referendo popular";"10739.0";"";"";"2"
"A";"";"10763";"Eleição";"10739.0";"10764,10765,10766,10767,10768,10769,10770,10771,10772,10773,10774,10775,10776,10777,10778,10779,10780,10781,10782,10783,10784,10785,10786,10787,10788,10789,10790,10791,10792,10793,10794,10795,10796,10797,10798,10799";"10764,10765,10766,10767,10768,10769,10770,10771,10772,10773,10774,10775,10776,10777,10778,10779,10780,10781,10782,10783,10784,10785,10786,10787,10788,10789,10790,10791,10792,10793,10794,10795,10796,10797,10798,10799";"2"
"A";"";"10764";"Sistema Majoritário / Proporcional";"10763.0";"";"";"3"
"A";"";"10765";"Número de vagas";"10763.0";"10771,10772,10773";"10771,10772,10773";"3"
"A";"";"10766";"Eleitor";"10763.0";"10774,10775,10776,10777,10778";"10774,10775,10776,10777,10778";"3"
"A";"";"10767";"Registro da candidatura";"10763.0";"10779,10780,10781,10782,10783";"10779,10780,10781,10782,10783";"3"
"A";"";"10768";"Campanha Eleitoral";"10763.0";"10784,10785,10786,10787,10788,10789,10790";"10784,10785,10786,10787,10788,10789,10790";"3"
"A";"";"10769";"Pleito";"10763.0";"10791,10792,10793,10794,10795,10796,10797";"10791,10792,10793,10794,10795,10796,10797";"3"
"A";"";"10770";"Diplomação";"10763.0";"10798,10799";"10798,10799";"3"
"A";"";"10771";"fixação";"10765.0";"";"";"4"
"A";"";"10772";"aumento";"10765.0";"";"";"4"
"A";"";"10773";"redução";"10765.0";"";"";"4"
"A";"";"10774";"Alistamento";"10766.0";"10778";"10778";"4"
"A";"";"10775";"Domicílio eleitoral";"10766.0";"";"";"4"
"A";"";"10776";"Isenção do dever eleitoral";"10766.0";"";"";"4"
"A";"";"10777";"Justificação de ausência de voto";"10766.0";"";"";"4"
"A";"";"10778";"Cancelamento da inscrição de eleitor";"10774.0";"";"";"5"
"A";"";"10779";"Desincompatibilização do candidato";"10767.0";"";"";"4"
"A";"";"10780";"Inelegibilidade";"10767.0";"";"";"4"
"A";"";"10781";"Reeleição";"10767.0";"";"";"4"
"A";"";"10782";"Cassação do registro da candidatura";"10767.0";"";"";"4"
"A";"";"10783";"Anistia";"10767.0";"";"";"4"
"A";"";"10784";"Propaganda eleitoral";"10768.0";"";"";"4"
"A";"";"10785";"Direito de resposta";"10768.0";"";"";"4"
"A";"";"10786";"Prestação de contas";"10768.0";"";"";"4"
"A";"";"10787";"Pesquisa eleitoral";"10768.0";"";"";"4"
"A";"";"10788";"Abuso do poder econômico";"10768.0";"";"";"4"
"A";"";"10789";"Abuso do poder político (uso indevido dos meios de comunicação)";"10768.0";"";"";"4"
"A";"";"10790";"Uso de bem público";"10768.0";"";"";"4"
"A";"";"10791";"Sistema eletrônico de votação";"10769.0";"";"";"4"
"A";"";"10792";"Sigilo na votação";"10769.0";"";"";"4"
"A";"";"10793";"Apuração/recontagem de votos";"10769.0";"";"";"4"
"A";"";"10794";"Nulidade da votação";"10769.0";"";"";"4"
"A";"";"10795";"Quociente eleitoral";"10769.0";"";"";"4"
"A";"";"10796";"Transporte em dia de eleição";"10769.0";"";"";"4"
"A";"";"10797";"Boca de urna";"10769.0";"";"";"4"
"A";"";"10798";"Cassação do diploma";"10770.0";"";"";"4"
"A";"";"10799";"Sustação da diplomação";"10770.0";"";"";"4"
"A";"";"10800";"Mandato";"10739.0";"10801,10802,10803,10804,10805,10806,10807,10808,10809,10810,10811,10812,10813,10814";"10801,10802,10803,10804,10805,10806,10807,10808,10809,10810,10811,10812,10813,10814";"2"
"A";"";"10801";"Prestação de contas";"10800.0";"";"";"3"
"A";"";"10802";"Declaração de inelegibilidade";"10800.0";"";"";"3"
"A";"";"10803";"Impugnação de mandato eletivo";"10800.0";"";"";"3"
"A";"";"10804";"Perda do mandato";"10800.0";"";"";"3"
"A";"";"10805";"Recondução";"10800.0";"";"";"3"
"A";"";"10806";"Suspensão de mandato";"10800.0";"";"";"3"
"A";"";"10807";"Convocação de suplente";"10800.0";"";"";"3"
"A";"";"10808";"Renúncia";"10800.0";"";"";"3"
"A";"";"10809";"Extinção do mandato";"10800.0";"10812,10813,10814";"10812,10813,10814";"3"
"A";"";"10810";"Afastamento do cargo";"10800.0";"";"";"3"
"A";"";"10811";"Cassação de mandato";"10800.0";"";"";"3"
"A";"";"10812";"Por cumulação de cargos";"10809.0";"";"";"4"
"A";"";"10813";"Por condenação criminal";"10809.0";"";"";"4"
"A";"";"10814";"Por suspensão dos direitos políticos";"10809.0";"";"";"4"
"A";"";"10815";"Desordem eleitoral";"3654.0";"";"";"4"
"A";"";"10816";"Falsificação de documento público para fins eleitorais";"3654.0";"";"";"4"
"A";"";"10817";"Uso de documento falso";"3654.0";"";"";"4"
"A";"";"10818";"Obtenção de documento falso";"3654.0";"";"";"4"
"A";"";"10819";"Aliciamento de eleitores";"3654.0";"";"";"4"
"A";"";"10820";"Divulgação de pesquisa de fraudulenta";"3654.0";"";"";"4"
"A";"";"10821";"Impedimento à fiscalização das pesquisas";"3654.0";"";"";"4"
"A";"";"10822";"Publicação de pesquisa irregular";"3654.0";"";"";"4"
"A";"";"10823";"Uso de símbolos governamentais em propaganda eleitoral";"3654.0";"";"";"4"
"A";"";"10824";"Coação eleitoral";"3654.0";"";"";"4"
"A";"";"10825";"Aliciamento violento de eleitores";"3654.0";"";"";"4"
"A";"";"10826";"Aliciamento comercial de eleitores";"3654.0";"";"";"4"
"A";"";"10827";"Ocultação de urna";"3654.0";"";"";"4"
"A";"";"10854";"Auditores Fiscais";"10695.0";"";"";"4"
"A";"";"10855";"Comissão de Permanência";"7691.0";"";"";"4"
"A";"";"10857";"Gratificação de Desempenho de Atividade de Seguridade Social e do Trabalho - GDASST";"10718.0";"";"";"5"
"A";"";"10858";"Gratificação de Desempenho de Atividade de Ciência e Tecnologia - GDACT";"10718.0";"";"";"5"
"A";"";"10859";"Alimentos";"10573.0";"";"";"4"
"A";"2020-12-04 18:49:25";"10860";"Depositário Infiel";"10573.0";"";"";"4"
"A";"2020-12-04 18:48:39";"10861";"Alienação Fiduciária";"10573.0";"";"";"4"
"A";"";"10862";"Proibição de Privilégio Fiscal às Empresas Públicas e Sociedades de Economia Mista";"10146.0";"";"";"4"
"A";"2018-11-20 15:05:57";"10863";"Ausência de Legitimidade para propositura de Ação Civil Pública";"10736.0";"";"";"5"
"A";"";"10865";"Cerceamento de Defesa";"4264.0";"";"";"4"
"A";"";"10866";"Ausência de Publicidade";"4264.0";"";"";"4"
"A";"";"10867";"Ausência de Fundamentação";"4264.0";"";"";"4"
"A";"";"10868";"Criação / Extinção / Reestruturação de Orgãos ou Cargos Públicos";"10157.0";"";"";"3"
"A";"";"10869";"Parcela Incontroversa";"10672.0";"";"";"4"
"A";"";"10870";"Cancelamento / Duplicidade de CPF";"9992.0";"";"";"4"
"A";"";"10871";"Não Cumulatividade";"5945.0";"";"";"4"
"A";"";"10872";"Nao Cumulatividade";"5946.0";"";"";"4"
"A";"";"10873";"Não Cumulatividade";"6035.0";"";"";"5"
"A";"";"10874";"Não Cumulatividade";"6039.0";"";"";"5"
"A";"";"10875";"Base de Cálculo";"10291.0";"";"";"5"
"A";"";"10877";"Policiais Civis";"10695.0";"";"";"4"
"A";"";"10878";"Especial";"10254.0";"";"";"4"
"A";"";"10879";"Limite de Renda Familiar";"6160.0";"";"";"3"
"A";"2018-11-21 16:51:22";"10880";"Cumprimento Provisório de Sentença";"9148.0";"13265,13470";"13265,13470";"3"
"A";"";"10881";"Nepotismo";"10220.0";"";"";"4"
"A";"";"10883";"Fruição / Gozo";"10301.0";"";"";"5"
"A";"";"10884";"Indenização / Terço Constitucional";"10301.0";"";"";"5"
"A";"";"10885";"Liquidação Parcelada";"10672.0";"";"";"4"
"A";"";"10886";"Nulidade do Decreto que autoriza a desapropriação";"10120.0";"";"";"3"
"A";"";"10887";"Ausência de Cobrança Administrativa Prévia";"6017.0";"";"";"3"
"A";"";"10888";"Inscrição Indevida no CADIN";"9992.0";"";"";"4"
"A";"";"10889";"Efeitos da Declaração de Inconstitucionalidade";"10645.0";"";"";"3"
"A";"";"10890";"Vício Formal do Julgamento";"4264.0";"";"";"4"
"A";"";"10891";"Habeas Corpus - Cabimento";"11703.0";"";"";"3"
"A";"";"10893";"Base de Cálculo";"10302.0";"";"";"5"
"A";"";"10894";"Abuso de Poder";"9997.0";"";"";"3"
"A";"";"10897";"Competência dos Juizados Especiais";"4291.0";"";"";"3"
"A";"";"10898";"Competência da Justiça Federal";"4291.0";"";"";"3"
"A";"";"10899";"Competência da Justiça Estadual";"4291.0";"";"";"3"
"A";"";"10900";"Competência por Prerrogativa de Função";"4291.0";"";"";"3"
"A";"";"10901";"Competência por Prerrogativa de Função";"8829.0";"";"";"4"
"A";"";"10902";"Excesso de prazo para instrução / julgamento";"4263.0";"";"";"3"
"A";"";"10903";"Incidência sobre desconto incondicional";"5945.0";"";"";"4"
"A";"";"10904";"Prisão Domiciliar / Especial";"1209.0";"";"";"2"
"A";"";"10905";"Passe livre em transporte";"10073.0";"";"";"4"
"A";"2021-09-30 14:50:38";"10906";"Regressão de Regime";"7791.0";"";"";"4"
"A";"";"10907";"Transferência de Preso";"7791.0";"";"";"4"
"A";"";"10908";"Execução Penal Provisória - Cabimento";"7942.0";"";"";"3"
"A";"";"10909";"Imunidade em razão de função, ofício ou profissão";"4291.0";"";"";"3"
"A";"";"10910";"Transferência de Unidade";"10325.0";"";"";"4"
"A";"";"10912";"Medidas Assecuratórias";"1209.0";"10913,10914,11984";"10913,10914,11984";"2"
"A";"";"10913";"Indisponibilidade / Seqüestro de Bens";"10912.0";"";"";"3"
"A";"";"10914";"Busca e Apreensão de Bens";"10912.0";"";"";"3"
"A";"";"10915";"Aborto";"3369.0";"10917,10918,10919";"10917,10918,10919";"3"
"A";"";"10917";"Aborto provocado pela gestante ou com o seu consentimento";"10915.0";"";"";"4"
"A";"";"10918";"Aborto provocado por terceiro";"10915.0";"";"";"4"
"A";"";"10919";"Aborto qualificado";"10915.0";"";"";"4"
"A";"2019-01-15 16:21:24";"10921";"Restituição de Criança, Convenção de Haia 1980";"6203.0";"";"";"3"
"A";"";"10922";"Cobrança de Multa Moratória de Massa Falida";"6017.0";"";"";"3"
"A";"";"10923";"Cobrança de Juros Moratórios de Massa Falida";"6017.0";"";"";"3"
"A";"";"10924";"Depósito Elisivo";"4993.0";"";"";"4"
"A";"";"10925";"Provas";"4263.0";"10926,14238";"10926,14238";"3"
"A";"";"10926";"Prova Ilícita";"10925.0";"";"";"4"
"A";"";"10928";"Competência do Órgão Fiscalizador";"10015.0";"";"";"4"
"A";"";"10930";"Município";"10157.0";"10931,10932";"10931,10932";"3"
"A";"";"10931";"Criação";"10930.0";"";"";"4"
"A";"";"10932";"Desmembramento";"10930.0";"";"";"4"
"A";"";"10935";"Desclassificação";"4368.0";"";"";"3"
"A";"";"10936";"Guarda com genitor ou responsável no exterior";"10577.0";"";"";"4"
"A";"";"10938";"Citação";"8893.0";"";"";"3"
"A";"";"10939";"Intimação / Notificação";"8893.0";"";"";"3"
"A";"2011-02-01 11:30:20";"10940";"Depoimento";"8990.0";"13540,14862,14863";"13540,14862,14863";"4"
"A";"";"10941";"Viagem Nacional";"9964.0";"";"";"3"
"A";"";"10945";"Expurgos Inflacionários / Planos Econômicos";"7752.0";"";"";"4"
"A";"";"10946";"Correção Monetária de Diferenças Pagas em Atraso";"10313.0";"";"";"4"
"A";"";"10947";"Princípio da Seletividade";"5945.0";"";"";"4"
"A";"2014-02-18 18:43:49";"10948";"Violência Doméstica Contra a Mulher";"5626.0";"";"";"3"
"A";"2020-12-04 17:07:53";"10949";"Violência Doméstica Contra a Mulher";"287.0";"14097,14098";"";"2"
"A";"";"10950";"Crime / Contravenção contra Criança / Adolescente";"287.0";"";"";"2"
"A";"2009-05-28 17:06:31";"10951";"Crime / Contravenção contra Idoso";"287.0";"";"";"2"
"A";"";"10952";"Fato Atípico";"287.0";"";"";"2"
"A";"";"10954";"Orçamento";"9985.0";"10955,10956,10957,10958,11897,11898";"10955,10956,10957,10958,11897,11898";"2"
"A";"";"10955";"Criação de Dotação Orçamentária";"10954.0";"";"";"3"
"A";"";"10956";"Repasse de Duodécimos";"10954.0";"";"";"3"
"A";"";"10957";"Repasse de Verbas Públicas";"10954.0";"";"";"3"
"A";"";"10958";"Crédito Suplementar";"10954.0";"";"";"3"
"A";"";"10959";"Exclusão - Receitas Transferidas a outras Pessoas Jurídicas";"6008.0";"14947,14948,14949";"14947,14948,14949";"4"
"A";"";"10982";"""Lavagem"" ou Ocultação de Bens, Direitos ou Valores Oriundos de Corrupção";"3547.0";"";"";"3"
"A";"";"10983";"""Lavagem"" ou Ocultação de Bens, Direitos ou Valores Oriundos de Corrupção";"5872.0";"";"";"3"
"A";"";"10984";"""Lavagem"" ou Ocultação de Bens, Direitos ou Valores Oriundos de Corrupção";"5873.0";"";"";"3"
"A";"";"10985";"Crimes contra a Ordem Tributária praticado por Funcionário Público";"3603.0";"";"";"3"
"A";"";"10986";"Crime contra a administração ambiental";"3618.0";"14800,14801,14802";"14800,14801,14802";"4"
"A";"";"10987";"Tráfico Ilícito de Drogas praticado por Funcionário Público";"3607.0";"";"";"4"
"A";"";"10990";"Má-gestão praticada por Prefeitos e Vereadores";"5875.0";"";"";"3"
"A";"";"10991";"Corrupção Praticada por Prefeitos e Vereadores";"5875.0";"";"";"3"
"A";"";"10992";"Adulteração de Sinal Identificador de Veículo Automotor por Funcionário Público";"3523.0";"";"";"3"
"A";"";"10993";"Petrechos de Falsificação de Papéis Públicos por Funcionário Público";"3523.0";"";"";"3"
"A";"";"10994";"Petrechos para falsificação de moeda por Funcionário Público";"3523.0";"";"";"3"
"A";"";"10995";"Falsidade ideológica praticada por Funcionário Público";"3523.0";"";"";"3"
"A";"2009-05-28 17:10:06";"10998";"Falsificação de documento Público praticada por Funcionário Público";"3523.0";"";"";"3"
"A";"";"11000";"Cobrança de Aluguéis - Sem despejo";"9593.0";"";"";"5"
"A";"";"11001";"Consignação de Chaves";"9593.0";"";"";"5"
"A";"";"11004";"Falsificação do Selo ou Sinal Público Praticado por Funcionário Público";"3523.0";"";"";"3"
"A";"";"11005";"Falsificação de Papéis Públicos Praticado por Funcionário Público";"3523.0";"";"";"3"
"A";"";"11006";"Crime de Desvio e/ou Circulação de Moeda Não Autorizada";"3523.0";"";"";"3"
"A";"";"11007";"Crime de Moeda Falsa Praticado por Funcionário Público";"3523.0";"";"";"3"
"A";"";"11047";"Competência da Justiça Militar da União";"8829.0";"";"";"4"
"A";"";"11048";"Competência da Justiça Militar dos Estados";"8829.0";"";"";"4"
"A";"";"11049";"DIREITO PROCESSUAL PENAL MILITAR";"";"11050,11051,11052,11053,11054,11066,11067,11064,11065,11057,11058,11059,11060,11061,11062,11063,11055,11056";"11050,11051,11052,11053,11054,11066,11067,11064,11065,11057,11058,11059,11060,11061,11062,11063,11055,11056";"1"
"A";"";"11050";"Ação Penal Militar";"11049.0";"11066,11067";"11066,11067";"2"
"A";"";"11051";"Correição Parcial";"11049.0";"11064,11065";"11064,11065";"2"
"A";"";"11052";"Execução Penal";"11049.0";"11057,11058,11059,11060,11061,11062,11063";"11057,11058,11059,11060,11061,11062,11063";"2"
"A";"";"11053";"Jurisdição e Competência";"11049.0";"11055,11056";"11055,11056";"2"
"A";"";"11054";"Menagem";"11049.0";"";"";"2"
"A";"";"11055";"Competência da Justiça Militar da União";"11053.0";"";"";"3"
"A";"";"11056";"Competência da Justiça Militar Estadual";"11053.0";"";"";"3"
"A";"";"11057";"Penas restritivas de direitos";"11052.0";"11058,11059,11060,11061,11062,11063";"11058,11059,11060,11061,11062,11063";"3"
"A";"";"11058";"Cassação de licença para direção de veículo motorizado";"11057.0";"";"";"4"
"A";"";"11059";"Confisco";"11057.0";"";"";"4"
"A";"";"11060";"Exílio local";"11057.0";"";"";"4"
"A";"";"11061";"Interdição de estabecimento  ou associação";"11057.0";"";"";"4"
"A";"";"11062";"Proibição de frequentar determinados locais";"11057.0";"";"";"4"
"A";"";"11063";"Suspensão do exercício do posto, graduação, cargo ou função";"11057.0";"";"";"4"
"A";"";"11064";"Representação do Corregedor";"11051.0";"";"";"3"
"A";"";"11065";"Requerimento da Parte";"11051.0";"";"";"3"
"A";"";"11066";"Nulidade";"11050.0";"11067";"11067";"3"
"A";"";"11067";"Irregularidade na composição do Conselho";"11066.0";"";"";"4"
"A";"";"11068";"DIREITO PENAL MILITAR";"";"11069,11070,11071,11072,11073,11074,11075,11076,11077,11078,11079,11080,15629,11358,11359,11360,11361,11362,11363,11364,11365,11366,11367,11368,11369,11370,11371,11372,11308,11309,11310,11311,11312,11313,11314,11355,11356,11357,11352,11353,11354,11336,11337,11338,11339,11340,11341,11342,11343,11344,11345,11346,11347,11348,11349,11350,11351,11331,11332,11333,11334,11335,11326,11327,11328,11329,11330,11318,11319,11320,11321,11322,11323,11324,11325,11315,11316,11317,11267,11268,11269,11270,11271,11272,11273,11274,11304,11305,11306,11307,11301,11302,11303,11297,11298,11299,11300,11293,11294,11295,11296,11288,11289,11290,11291,11292,11287,11277,11278,11279,11280,11281,11282,11283,11284,11285,11286,11275,11276,11223,11224,11225,11226,11227,11228,11229,11230,11262,11263,11264,11265,11266,11253,11254,11255,11256,11257,11258,11259,11260,11261,11249,11250,11251,11252,11248,11243,11244,11245,11246,11247,11237,11238,11239,11240,11241,11242,15428,11233,11234,11235,11236,11231,11232,11208,11209,11210,11211,11212,11213,11214,11215,11216,11217,11218,11219,11220,11221,11222,11178,11179,11180,11200,11201,11202,11203,11204,11205,11206,11207,11194,11195,11196,11197,11198,11199,11181,11182,11183,11184,11185,11186,11187,11188,11189,11190,11191,11192,11193,11144,11145,11146,11147,11148,11149,11150,11151,11175,11176,11177,11168,11169,11170,11171,11172,11173,11174,11166,11167,11163,11164,11165,11162,11155,11156,11157,11158,11159,11160,11161,11154,11152,11153,11116,11117,11118,11119,11135,11136,11137,11138,11139,11140,11141,11142,11143,11126,11127,11128,11129,11130,11131,11132,11133,11134,11125,11120,11121,11122,11123,11124,11081,11082,11083,11084,11085,11086,11087,11088,11114,11115,11112,11113,11106,11107,11108,11109,11110,11111,11100,11101,11102,11103,11104,11105,11091,11092,11093,11094,11095,11096,11097,11098,11099,11089,11090,15630,15631,15632,15633,15634,15635,15636,15637,15638,15639,15640,15641,15642,15643,15644,15645,15646,15647,15648,15649,15650,15651,15652,15653,15654,15655,15656,15657,15658,15659,15660,15661,15662,15663,15664,15665,15666,15667,15668,15669,15670,15671,15672,15673,15674,15675,15676,15677,15678,15679,15680,15681,15682,15683,15684,15685,15686";"11069,11070,11071,11072,11073,11074,11075,11076,11077,11078,11079,11080,15629,11358,11359,11360,11361,11362,11363,11364,11365,11366,11367,11368,11369,11370,11371,11372,11308,11309,11310,11311,11312,11313,11314,11355,11356,11357,11352,11353,11354,11336,11337,11338,11339,11340,11341,11342,11343,11344,11345,11346,11347,11348,11349,11350,11351,11331,11332,11333,11334,11335,11326,11327,11328,11329,11330,11318,11319,11320,11321,11322,11323,11324,11325,11315,11316,11317,11267,11268,11269,11270,11271,11272,11273,11274,11304,11305,11306,11307,11301,11302,11303,11297,11298,11299,11300,11293,11294,11295,11296,11288,11289,11290,11291,11292,11287,11277,11278,11279,11280,11281,11282,11283,11284,11285,11286,11275,11276,11223,11224,11225,11226,11227,11228,11229,11230,11262,11263,11264,11265,11266,11253,11254,11255,11256,11257,11258,11259,11260,11261,11249,11250,11251,11252,11248,11243,11244,11245,11246,11247,11237,11238,11239,11240,11241,11242,15428,11233,11234,11235,11236,11231,11232,11208,11209,11210,11211,11212,11213,11214,11215,11216,11217,11218,11219,11220,11221,11222,11178,11179,11180,11200,11201,11202,11203,11204,11205,11206,11207,11194,11195,11196,11197,11198,11199,11181,11182,11183,11184,11185,11186,11187,11188,11189,11190,11191,11192,11193,11144,11145,11146,11147,11148,11149,11150,11151,11175,11176,11177,11168,11169,11170,11171,11172,11173,11174,11166,11167,11163,11164,11165,11162,11155,11156,11157,11158,11159,11160,11161,11154,11152,11153,11116,11117,11118,11119,11135,11136,11137,11138,11139,11140,11141,11142,11143,11126,11127,11128,11129,11130,11131,11132,11133,11134,11125,11120,11121,11122,11123,11124,11081,11082,11083,11084,11085,11086,11087,11088,11114,11115,11112,11113,11106,11107,11108,11109,11110,11111,11100,11101,11102,11103,11104,11105,11091,11092,11093,11094,11095,11096,11097,11098,11099,11089,11090,15630,15631,15632,15633,15634,15635,15636,15637,15638,15639,15640,15641,15642,15643,15644,15645,15646,15647,15648,15649,15650,15651,15652,15653,15654,15655,15656,15657,15658,15659,15660,15661,15662,15663,15664,15665,15666,15667,15668,15669,15670,15671,15672,15673,15674,15675,15676,15677,15678,15679,15680,15681,15682,15683,15684,15685,15686";"1"
"A";"";"11069";"Crime Culposo";"11068.0";"";"";"2"
"A";"";"11070";"Crime em tempo de guerra";"11068.0";"";"";"2"
"A";"";"11071";"Crime Tentado";"11068.0";"";"";"2"
"A";"";"11072";"Crimes contra a Administração da Justiça Militar";"11068.0";"11358,11359,11360,11361,11362,11363,11364,11365,11366,11367,11368,11369,11370,11371,11372";"11358,11359,11360,11361,11362,11363,11364,11365,11366,11367,11368,11369,11370,11371,11372";"2"
"A";"";"11073";"Crimes contra a Administração Militar";"11068.0";"11308,11309,11310,11311,11312,11313,11314,11355,11356,11357,11352,11353,11354,11336,11337,11338,11339,11340,11341,11342,11343,11344,11345,11346,11347,11348,11349,11350,11351,11331,11332,11333,11334,11335,11326,11327,11328,11329,11330,11318,11319,11320,11321,11322,11323,11324,11325,11315,11316,11317";"11308,11309,11310,11311,11312,11313,11314,11355,11356,11357,11352,11353,11354,11336,11337,11338,11339,11340,11341,11342,11343,11344,11345,11346,11347,11348,11349,11350,11351,11331,11332,11333,11334,11335,11326,11327,11328,11329,11330,11318,11319,11320,11321,11322,11323,11324,11325,11315,11316,11317";"2"
"A";"";"11074";"Crimes contra a Autoridade ou Disciplina Militar";"11068.0";"11267,11268,11269,11270,11271,11272,11273,11274,11304,11305,11306,11307,11301,11302,11303,11297,11298,11299,11300,11293,11294,11295,11296,11288,11289,11290,11291,11292,11287,11277,11278,11279,11280,11281,11282,11283,11284,11285,11286,11275,11276";"11267,11268,11269,11270,11271,11272,11273,11274,11304,11305,11306,11307,11301,11302,11303,11297,11298,11299,11300,11293,11294,11295,11296,11288,11289,11290,11291,11292,11287,11277,11278,11279,11280,11281,11282,11283,11284,11285,11286,11275,11276";"2"
"A";"";"11075";"Crimes contra a Pessoa";"11068.0";"11223,11224,11225,11226,11227,11228,11229,11230,11262,11263,11264,11265,11266,11253,11254,11255,11256,11257,11258,11259,11260,11261,11249,11250,11251,11252,11248,11243,11244,11245,11246,11247,11237,11238,11239,11240,11241,11242,15428,11233,11234,11235,11236,11231,11232";"11223,11224,11225,11226,11227,11228,11229,11230,11262,11263,11264,11265,11266,11253,11254,11255,11256,11257,11258,11259,11260,11261,11249,11250,11251,11252,11248,11243,11244,11245,11246,11247,11237,11238,11239,11240,11241,11242,15428,11233,11234,11235,11236,11231,11232";"2"
"A";"";"11076";"Crimes contra a Segurança Externa do País";"11068.0";"11208,11209,11210,11211,11212,11213,11214,11215,11216,11217,11218,11219,11220,11221,11222";"11208,11209,11210,11211,11212,11213,11214,11215,11216,11217,11218,11219,11220,11221,11222";"2"
"A";"";"11077";"Crimes contra Incolumidade Pública";"11068.0";"11178,11179,11180,11200,11201,11202,11203,11204,11205,11206,11207,11194,11195,11196,11197,11198,11199,11181,11182,11183,11184,11185,11186,11187,11188,11189,11190,11191,11192,11193";"11178,11179,11180,11200,11201,11202,11203,11204,11205,11206,11207,11194,11195,11196,11197,11198,11199,11181,11182,11183,11184,11185,11186,11187,11188,11189,11190,11191,11192,11193";"2"
"A";"";"11078";"Crimes contra o Patrimônio";"11068.0";"11144,11145,11146,11147,11148,11149,11150,11151,11175,11176,11177,11168,11169,11170,11171,11172,11173,11174,11166,11167,11163,11164,11165,11162,11155,11156,11157,11158,11159,11160,11161,11154,11152,11153";"11144,11145,11146,11147,11148,11149,11150,11151,11175,11176,11177,11168,11169,11170,11171,11172,11173,11174,11166,11167,11163,11164,11165,11162,11155,11156,11157,11158,11159,11160,11161,11154,11152,11153";"2"
"A";"";"11079";"Crimes contra o Serviço Militar e o Dever Militar";"11068.0";"11116,11117,11118,11119,11135,11136,11137,11138,11139,11140,11141,11142,11143,11126,11127,11128,11129,11130,11131,11132,11133,11134,11125,11120,11121,11122,11123,11124";"11116,11117,11118,11119,11135,11136,11137,11138,11139,11140,11141,11142,11143,11126,11127,11128,11129,11130,11131,11132,11133,11134,11125,11120,11121,11122,11123,11124";"2"
"A";"";"11080";"Parte Geral ";"11068.0";"11081,11082,11083,11084,11085,11086,11087,11088,11114,11115,11112,11113,11106,11107,11108,11109,11110,11111,11100,11101,11102,11103,11104,11105,11091,11092,11093,11094,11095,11096,11097,11098,11099,11089,11090";"11081,11082,11083,11084,11085,11086,11087,11088,11114,11115,11112,11113,11106,11107,11108,11109,11110,11111,11100,11101,11102,11103,11104,11105,11091,11092,11093,11094,11095,11096,11097,11098,11099,11089,11090";"2"
"A";"";"11081";"Aplicação da Pena";"11080.0";"11114,11115";"11114,11115";"3"
"A";"";"11082";"Efeitos da Condenação";"11080.0";"11112,11113";"11112,11113";"3"
"A";"";"11083";"Excludentes";"11080.0";"11106,11107,11108,11109,11110,11111";"11106,11107,11108,11109,11110,11111";"3"
"A";"";"11084";"Extinção da punibilidade";"11080.0";"11100,11101,11102,11103,11104,11105";"11100,11101,11102,11103,11104,11105";"3"
"A";"";"11085";"Livramento Condicional";"11080.0";"";"";"3"
"A";"";"11086";"Penas Acessórias";"11080.0";"11091,11092,11093,11094,11095,11096,11097,11098,11099";"11091,11092,11093,11094,11095,11096,11097,11098,11099";"3"
"A";"";"11087";"Suspensão Condicional da Pena";"11080.0";"";"";"3"
"A";"";"11088";"Tipicidade";"11080.0";"11089,11090";"11089,11090";"3"
"A";"";"11089";"Abolitio criminis";"11088.0";"";"";"4"
"A";"";"11090";"Princípio da Insignificância";"11088.0";"";"";"4"
"A";"";"11091";"Exclusão das Forças Armadas";"11086.0";"";"";"4"
"A";"";"11092";"Inabilitação para o exercício de Função Pública";"11086.0";"";"";"4"
"A";"";"11093";"Incompatibilidade para o Oficialato";"11086.0";"";"";"4"
"A";"";"11094";"Indignidade para o Oficialato";"11086.0";"";"";"4"
"A";"";"11095";"Perda da Função Pública";"11086.0";"";"";"4"
"A";"";"11096";"Perda da Graduação das Praças ";"11086.0";"";"";"4"
"A";"";"11097";"Perda do Posto e da Patente";"11086.0";"";"";"4"
"A";"";"11098";"Suspensão do pátrio poder, tutela ou curatela";"11086.0";"";"";"4"
"A";"";"11099";"Suspensão dos direitos políticos";"11086.0";"";"";"4"
"A";"";"11100";"Anistia";"11084.0";"";"";"4"
"A";"";"11101";"Indulto";"11084.0";"";"";"4"
"A";"";"11102";"Morte do Agente";"11084.0";"";"";"4"
"A";"";"11103";"Prescrição";"11084.0";"";"";"4"
"A";"";"11104";"Reabilitação";"11084.0";"";"";"4"
"A";"";"11105";"Ressarcimento do Dano";"11084.0";"";"";"4"
"A";"";"11106";"Estado de Necessidade";"11083.0";"";"";"4"
"A";"";"11107";"Estado de Necessidade exculpante";"11083.0";"";"";"4"
"A";"";"11108";"Estrito Cumprimento do Dever Legal";"11083.0";"";"";"4"
"A";"";"11109";"Exercício Regular do Direito";"11083.0";"";"";"4"
"A";"";"11110";"Inexigibilidade de Conduta Diversa";"11083.0";"";"";"4"
"A";"";"11111";"Legítima Defesa";"11083.0";"";"";"4"
"A";"";"11112";"Perda em favor da Fazenda Pública";"11082.0";"";"";"4"
"A";"";"11113";"Reparação do Dano";"11082.0";"";"";"4"
"A";"";"11114";"Conversão da Pena";"11081.0";"";"";"4"
"A";"";"11115";"Substituição da Pena";"11081.0";"";"";"4"
"A";"";"11116";"Abandono de posto e de outros crimes em serviço";"11079.0";"11135,11136,11137,11138,11139,11140,11141,11142,11143";"11135,11136,11137,11138,11139,11140,11141,11142,11143";"3"
"A";"";"11117";"Deserção";"11079.0";"11126,11127,11128,11129,11130,11131,11132,11133,11134";"11126,11127,11128,11129,11130,11131,11132,11133,11134";"3"
"A";"";"11118";"Exercício de comércio";"11079.0";"11125";"11125";"3"
"A";"";"11119";"Insubmissão";"11079.0";"11120,11121,11122,11123,11124";"11120,11121,11122,11123,11124";"3"
"A";"";"11120";"Criação ou simulação de incapacidade física";"11119.0";"";"";"4"
"A";"";"11121";"Favorecimento a convocado";"11119.0";"";"";"4"
"A";"";"11122";"Insubmissão";"11119.0";"";"";"4"
"A";"";"11123";"Insubmissão privilegiada";"11119.0";"";"";"4"
"A";"";"11124";"Substituição de convocado";"11119.0";"";"";"4"
"A";"";"11125";"Exercício de comércio por oficial";"11118.0";"";"";"4"
"A";"";"11126";"Concerto para deserção";"11117.0";"";"";"4"
"A";"";"11127";"Deserção";"11117.0";"";"";"4"
"A";"";"11128";"Deserção - casos assimilados";"11117.0";"";"";"4"
"A";"";"11129";"Deserção especial";"11117.0";"";"";"4"
"A";"";"11130";"Deserção por evasão ou fuga";"11117.0";"";"";"4"
"A";"";"11131";"Deserção privilegiada";"11117.0";"";"";"4"
"A";"";"11132";"Deserção qualificada";"11117.0";"";"";"4"
"A";"";"11133";"Favorecimento a desertor";"11117.0";"";"";"4"
"A";"";"11134";"Omissão de Oficial";"11117.0";"";"";"4"
"A";"";"11135";"Abandono de posto";"11116.0";"";"";"4"
"A";"";"11136";"Descumprimento de missão";"11116.0";"";"";"4"
"A";"";"11137";"Dormir em serviço";"11116.0";"";"";"4"
"A";"";"11138";"Embriaguez em serviço";"11116.0";"";"";"4"
"A";"";"11139";"Omissão de eficiência da força";"11116.0";"";"";"4"
"A";"";"11140";"Omissão de providências para evitar danos";"11116.0";"";"";"4"
"A";"";"11141";"Omissão de providências para salvar comandados";"11116.0";"";"";"4"
"A";"";"11142";"Omissão de socorro";"11116.0";"";"";"4"
"A";"";"11143";"Retenção indevida";"11116.0";"";"";"4"
"A";"";"11144";"Apropriação Indébita";"11078.0";"11175,11176,11177";"11175,11176,11177";"3"
"A";"";"11145";"Dano";"11078.0";"11168,11169,11170,11171,11172,11173,11174";"11168,11169,11170,11171,11172,11173,11174";"3"
"A";"";"11146";"Estelionato e outras fraudes";"11078.0";"11166,11167";"11166,11167";"3"
"A";"";"11147";"Furto";"11078.0";"11163,11164,11165";"11163,11164,11165";"3"
"A";"";"11148";"Receptação";"11078.0";"11162";"11162";"3"
"A";"";"11149";"Roubo e Extorsão";"11078.0";"11155,11156,11157,11158,11159,11160,11161";"11155,11156,11157,11158,11159,11160,11161";"3"
"A";"";"11150";"Usura";"11078.0";"11154";"11154";"3"
"A";"";"11151";"Usurpação";"11078.0";"11152,11153";"11152,11153";"3"
"A";"";"11152";"Alteração de Limites ";"11151.0";"";"";"4"
"A";"";"11153";"Aposição, supressão ou alteração de marca";"11151.0";"";"";"4"
"A";"";"11154";"Usura pecuniária";"11150.0";"";"";"4"
"A";"";"11155";"Chantagem";"11149.0";"";"";"4"
"A";"";"11156";"Extorsão ";"11149.0";"";"";"4"
"A";"";"11157";"Extorsão indireta";"11149.0";"";"";"4"
"A";"";"11158";"Extorsão mediante sequestro";"11149.0";"";"";"4"
"A";"";"11159";"Latrocínio";"11149.0";"";"";"4"
"A";"";"11160";"Roubo";"11149.0";"";"";"4"
"A";"";"11161";"Roubo qualificado";"11149.0";"";"";"4"
"A";"";"11162";"Receptação";"11148.0";"";"";"4"
"A";"";"11163";"Furto ";"11147.0";"";"";"4"
"A";"";"11164";"Furto de uso";"11147.0";"";"";"4"
"A";"";"11165";"Furto qualificado";"11147.0";"";"";"4"
"A";"";"11166";"Abuso de pessoa";"11146.0";"";"";"4"
"A";"";"11167";"Estelionato";"11146.0";"";"";"4"
"A";"";"11168";"Dano atenuado";"11145.0";"";"";"4"
"A";"";"11169";"Dano em aparelhos e instalações ";"11145.0";"";"";"4"
"A";"";"11170";"Dano em navio de guerra ou mercante em serviço militar";"11145.0";"";"";"4"
"A";"";"11171";"Dano material ou aparelhamento de guerra";"11145.0";"";"";"4"
"A";"";"11172";"Dano qualificado";"11145.0";"";"";"4"
"A";"";"11173";"Dano simples";"11145.0";"";"";"4"
"A";"";"11174";"Desaparecimento,consunção ou extravio";"11145.0";"";"";"4"
"A";"";"11175";"Apropriação de coisa achada";"11144.0";"";"";"4"
"A";"";"11176";"Apropriação de coisa havida acidentalmente";"11144.0";"";"";"4"
"A";"";"11177";"Apropriação indébita";"11144.0";"";"";"4"
"A";"";"11178";"Contra a Saúde";"11077.0";"11200,11201,11202,11203,11204,11205,11206,11207";"11200,11201,11202,11203,11204,11205,11206,11207";"3"
"A";"";"11179";"Crimes contra os Meios de Transporte e de Comunicação";"11077.0";"11194,11195,11196,11197,11198,11199";"11194,11195,11196,11197,11198,11199";"3"
"A";"";"11180";"Crimes de Perigo Comum";"11077.0";"11181,11182,11183,11184,11185,11186,11187,11188,11189,11190,11191,11192,11193";"11181,11182,11183,11184,11185,11186,11187,11188,11189,11190,11191,11192,11193";"3"
"A";"";"11181";"Abuso de radiação";"11180.0";"";"";"4"
"A";"";"11182";"Desabamento ou desmoronamento";"11180.0";"";"";"4"
"A";"";"11183";"Difusão de epizootia ou praga vegetal";"11180.0";"";"";"4"
"A";"";"11184";"Embriaguez ao volante";"11180.0";"";"";"4"
"A";"";"11185";"Emprego de gás tóxico ou asfixiante";"11180.0";"";"";"4"
"A";"";"11186";"Explosão";"11180.0";"";"";"4"
"A";"";"11187";"Fatos que expõem a perigo aparelhamento militar";"11180.0";"";"";"4"
"A";"";"11188";"Fuga após acidente de trânsito";"11180.0";"";"";"4"
"A";"";"11189";"Incêndio";"11180.0";"";"";"4"
"A";"";"11190";"Inundação";"11180.0";"";"";"4"
"A";"";"11191";"Perigo de inundação";"11180.0";"";"";"4"
"A";"";"11192";"Perigo resultante de violação de regra de trânsito";"11180.0";"";"";"4"
"A";"";"11193";"Subtração, ocultação ou inutilização de material de socorro";"11180.0";"";"";"4"
"A";"";"11194";"Arremesso de projétil";"11179.0";"";"";"4"
"A";"";"11195";"Atentado contra serviço de utilidade militar";"11179.0";"";"";"4"
"A";"";"11196";"Atentado contra transporte";"11179.0";"";"";"4"
"A";"";"11197";"Atentado contra viatura ou outro meio de transporte";"11179.0";"";"";"4"
"A";"";"11198";"Interrupção ou perturbação de serviço ou meio de comunicação";"11179.0";"";"";"4"
"A";"";"11199";"Perigo de desastre ferroviário";"11179.0";"";"";"4"
"A";"";"11200";"Corrupção ou poluição de água potável";"11178.0";"";"";"4"
"A";"";"11201";"Envenenamento com perigo extensivo";"11178.0";"";"";"4"
"A";"";"11202";"Epidemia";"11178.0";"";"";"4"
"A";"";"11203";"Fornecimento de substância alterada";"11178.0";"";"";"4"
"A";"";"11204";"Fornecimento de substancia nociva";"11178.0";"";"";"4"
"A";"";"11205";"Omissão de notificação de doença";"11178.0";"";"";"4"
"A";"";"11206";"Receita Ilegal";"11178.0";"";"";"4"
"A";"";"11207";"Tráfico, posse ou uso de entorpecente ou substância de efeito similar";"11178.0";"";"";"4"
"A";"";"11208";"Atos de jurisdição indevida";"11076.0";"";"";"3"
"A";"";"11209";"Consecução de notícia, informação ou documento para fim de espionagem";"11076.0";"";"";"3"
"A";"";"11210";"Desenho ou levantamento de plano ou planta de local militar";"11076.0";"";"";"3"
"A";"";"11211";"Entendimento para empenhar o Brasil à neutralidade ou à guerra";"11076.0";"";"";"3"
"A";"";"11212";"Entendimento para gerar conflito ou divergência com o Brasil";"11076.0";"";"";"3"
"A";"";"11213";"Hostilidade contra país estrangeiro";"11076.0";"";"";"3"
"A";"";"11214";"Hostilidade qualificada pelo resultado";"11076.0";"";"";"3"
"A";"";"11215";"Penetração com o fim de espionagem";"11076.0";"";"";"3"
"A";"";"11216";"Provocação a país estrangeiro";"11076.0";"";"";"3"
"A";"";"11217";"Revelação de notícia, informação ou documento";"11076.0";"";"";"3"
"A";"";"11218";"Revelação de notícia, informação ou documento, com o fim de espionagem militar";"11076.0";"";"";"3"
"A";"";"11219";"Sobrevôo em local interdito";"11076.0";"";"";"3"
"A";"";"11220";"Tentativa contra a soberania do Brasil";"11076.0";"";"";"3"
"A";"";"11221";"Turbação de objeto ou documento";"11076.0";"";"";"3"
"A";"";"11222";"Violação de território estrangeiro";"11076.0";"";"";"3"
"A";"";"11223";"Crimes contra a Honra";"11075.0";"11262,11263,11264,11265,11266";"11262,11263,11264,11265,11266";"3"
"A";"";"11224";"Crimes contra a Liberdade";"11075.0";"11253,11254,11255,11256,11257,11258,11259,11260,11261";"11253,11254,11255,11256,11257,11258,11259,11260,11261";"3"
"A";"";"11225";"Crimes Sexuais";"11075.0";"11249,11250,11251,11252";"11249,11250,11251,11252";"3"
"A";"";"11226";"Genocídio";"11075.0";"11248";"11248";"3"
"A";"";"11227";"Homicídio";"11075.0";"11243,11244,11245,11246,11247";"11243,11244,11245,11246,11247";"3"
"A";"";"11228";"Lesão Corporal e Rixa";"11075.0";"11237,11238,11239,11240,11241,11242,15428";"11237,11238,11239,11240,11241,11242,15428";"3"
"A";"";"11229";"Periclitação da Vida ou da Saúde";"11075.0";"11233,11234,11235,11236";"11233,11234,11235,11236";"3"
"A";"";"11230";"Ultraje Público ao Pudor";"11075.0";"11231,11232";"11231,11232";"3"
"A";"";"11231";"Ato obsceno";"11230.0";"";"";"4"
"A";"";"11232";"Escrito ou objeto obsceno";"11230.0";"";"";"4"
"A";"";"11233";"Abandono de pessoa";"11229.0";"";"";"4"
"A";"";"11234";"Abandono de pessoa seguida de morte ou lesão grave";"11229.0";"";"";"4"
"A";"";"11235";"Maus tratos";"11229.0";"";"";"4"
"A";"";"11236";"Maus tratos seguido de morte ou lesão grave";"11229.0";"";"";"4"
"A";"";"11237";"Lesão grave";"11228.0";"";"";"4"
"A";"";"11238";"Lesão leve";"11228.0";"";"";"4"
"A";"";"11239";"Lesão levíssima";"11228.0";"";"";"4"
"A";"";"11240";"Lesão privilegiada";"11228.0";"";"";"4"
"A";"";"11241";"Lesão seguida de morte";"11228.0";"";"";"4"
"A";"";"11242";"Participação em rixa";"11228.0";"";"";"4"
"A";"";"11243";"Homicídio";"11227.0";"";"";"4"
"A";"";"11244";"Homicidio qualificado";"11227.0";"";"";"4"
"A";"2023-02-28 17:13:28";"11245";"Homicídio Privilegiado";"11227.0";"";"";"4"
"A";"";"11246";"Provocação direta ou auxílio a suicídio";"11227.0";"";"";"4"
"A";"";"11247";"Provocação indireta ao suicídio";"11227.0";"";"";"4"
"A";"";"11248";"Genocídio";"11226.0";"";"";"4"
"A";"";"11249";"Atentado violento ao pudor";"11225.0";"";"";"4"
"A";"";"11250";"Corrupção de menores";"11225.0";"";"";"4"
"A";"";"11251";"Estupro";"11225.0";"";"";"4"
"A";"2018-10-11 16:21:28";"11252";"Ato Libidinoso";"11225.0";"";"";"4"
"A";"";"11253";"Ameaça";"11224.0";"";"";"4"
"A";"2023-09-28 13:24:53";"11254";"Constrangimento ilegal";"11224.0";"";"";"4"
"A";"";"11255";"Desafio para duelo";"11224.0";"";"";"4"
"A";"";"11256";"Divulgação de segredo";"11224.0";"";"";"4"
"A";"";"11257";"Sequestro ou cárcere privado";"11224.0";"";"";"4"
"A";"";"11258";"Violação de correspondência";"11224.0";"";"";"4"
"A";"";"11259";"Violação de domicílio";"11224.0";"";"";"4"
"A";"";"11260";"Violação de recato";"11224.0";"";"";"4"
"A";"";"11261";"Violação de segredo profissional";"11224.0";"";"";"4"
"A";"";"11262";"Calúnia";"11223.0";"";"";"4"
"A";"";"11263";"Difamação";"11223.0";"";"";"4"
"A";"";"11264";"Injúria";"11223.0";"";"";"4"
"A";"";"11265";"Injuria real";"11223.0";"";"";"4"
"A";"";"11266";"Ofensa às forças armadas";"11223.0";"";"";"4"
"A";"";"11267";"Desrespeito a superior e a símbolo nacional ou farda";"11074.0";"11304,11305,11306,11307";"11304,11305,11306,11307";"3"
"A";"";"11268";"Aliciação e incitamento";"11074.0";"11301,11302,11303";"11301,11302,11303";"3"
"A";"";"11269";"Fuga, evasão, arrebatamento e amotinamento de presos";"11074.0";"11297,11298,11299,11300";"11297,11298,11299,11300";"3"
"A";"";"11270";"Insubordinação";"11074.0";"11293,11294,11295,11296";"11293,11294,11295,11296";"3"
"A";"";"11271";"Motim e Revolta";"11074.0";"11288,11289,11290,11291,11292";"11288,11289,11290,11291,11292";"3"
"A";"";"11272";"Resistência";"11074.0";"11287";"11287";"3"
"A";"";"11273";"Usurpação e excesso ou abuso de autoridade";"11074.0";"11277,11278,11279,11280,11281,11282,11283,11284,11285,11286";"11277,11278,11279,11280,11281,11282,11283,11284,11285,11286";"3"
"A";"";"11274";"Violência contra superior ou militar de serviço";"11074.0";"11275,11276";"11275,11276";"3"
"A";"";"11275";"Violência contra militar de serviço";"11274.0";"";"";"4"
"A";"";"11276";"Violência contra superior";"11274.0";"";"";"4"
"A";"";"11277";"Abuso de requisição militar";"11273.0";"";"";"4"
"A";"";"11278";"Assunção de comando sem ordem ou autorização";"11273.0";"";"";"4"
"A";"";"11279";"Conservação ilegal de comando";"11273.0";"";"";"4"
"A";"";"11280";"Ofensa aviltante a inferior";"11273.0";"";"";"4"
"A";"";"11281";"Operação militar sem ordem superior";"11273.0";"";"";"4"
"A";"";"11282";"Ordem arbitrária de invasão";"11273.0";"";"";"4"
"A";"";"11283";"Rigor excessivo";"11273.0";"";"";"4"
"A";"";"11284";"Uso indevido de uniforme, distintivo ou insígnia militar por qualquer pessoa";"11273.0";"";"";"4"
"A";"";"11285";"Uso indevido por militar de uniforme, distintivo ou insígnia";"11273.0";"";"";"4"
"A";"";"11286";"Violência contra inferior";"11273.0";"";"";"4"
"A";"";"11287";"Resistência mediante ameaça ou violência";"11272.0";"";"";"4"
"A";"";"11288";"Conspiração";"11271.0";"";"";"4"
"A";"";"11289";"Motim";"11271.0";"";"";"4"
"A";"";"11290";"Omissão de lealdade militar";"11271.0";"";"";"4"
"A";"";"11291";"Organização de grupo para prática de violência";"11271.0";"";"";"4"
"A";"";"11292";"Revolta";"11271.0";"";"";"4"
"A";"";"11293";"Oposição a ordem de sentinela";"11270.0";"";"";"4"
"A";"";"11294";"Publicação ou crítica indevida";"11270.0";"";"";"4"
"A";"";"11295";"Recusa a obediência";"11270.0";"";"";"4"
"A";"";"11296";"Reunião ilícita";"11270.0";"";"";"4"
"A";"";"11297";"Amotinamento";"11269.0";"";"";"4"
"A";"";"11298";"Arrebatamento de preso ou internado";"11269.0";"";"";"4"
"A";"";"11299";"Evasão de preso ou internado";"11269.0";"";"";"4"
"A";"";"11300";"Fuga de preso ou internado";"11269.0";"";"";"4"
"A";"";"11301";"Aliciação para motim ou revolta";"11268.0";"";"";"4"
"A";"";"11302";"Apologia de fato criminoso ou do seu autor";"11268.0";"";"";"4"
"A";"";"11303";"Incitamento";"11268.0";"";"";"4"
"A";"";"11304";"Despojamento desprezível";"11267.0";"";"";"4"
"A";"";"11305";"Desrespeito a comandante, oficial-general ou oficial de serviço";"11267.0";"";"";"4"
"A";"";"11306";"Desrespeito a símbolo nacional";"11267.0";"";"";"4"
"A";"";"11307";"Desrespeito a superior ";"11267.0";"";"";"4"
"A";"";"11308";"Concussão, Excesso de Exação e Desvio";"11073.0";"11355,11356,11357";"11355,11356,11357";"3"
"A";"";"11309";"Corrupção";"11073.0";"11352,11353,11354";"11352,11353,11354";"3"
"A";"";"11310";"Crimes contra o dever funcional";"11073.0";"11336,11337,11338,11339,11340,11341,11342,11343,11344,11345,11346,11347,11348,11349,11350,11351";"11336,11337,11338,11339,11340,11341,11342,11343,11344,11345,11346,11347,11348,11349,11350,11351";"3"
"A";"";"11311";"Crimes praticados por particular contra a Administração Militar";"11073.0";"11331,11332,11333,11334,11335";"11331,11332,11333,11334,11335";"3"
"A";"";"11312";"Desacato e da Desobediência";"11073.0";"11326,11327,11328,11329,11330";"11326,11327,11328,11329,11330";"3"
"A";"";"11313";"Falsidade";"11073.0";"11318,11319,11320,11321,11322,11323,11324,11325";"11318,11319,11320,11321,11322,11323,11324,11325";"3"
"A";"";"11314";"Peculato";"11073.0";"11315,11316,11317";"11315,11316,11317";"3"
"A";"";"11315";"Peculato";"11314.0";"";"";"4"
"A";"";"11316";"Peculato mediante aproveitamento ou erro de outrem";"11314.0";"";"";"4"
"A";"";"11317";"Peculato-furto";"11314.0";"";"";"4"
"A";"";"11318";"Certidão ou atestado ideologicamente falso ";"11313.0";"";"";"4"
"A";"";"11319";"Cheques sem fundos";"11313.0";"";"";"4"
"A";"";"11320";"Falsa identidade";"11313.0";"";"";"4"
"A";"";"11321";"Falsidade ideológica";"11313.0";"";"";"4"
"A";"";"11322";"Falsificação de documento";"11313.0";"";"";"4"
"A";"";"11323";"Supressão de documento";"11313.0";"";"";"4"
"A";"";"11324";"Uso de documento falso";"11313.0";"";"";"4"
"A";"";"11325";"Uso de documento pessoal alheio";"11313.0";"";"";"4"
"A";"";"11326";"Desacato a assemelhado ou funcionário";"11312.0";"";"";"4"
"A";"";"11327";"Desacato a militar";"11312.0";"";"";"4"
"A";"";"11328";"Desacato a superior";"11312.0";"";"";"4"
"A";"";"11329";"Desobediência";"11312.0";"";"";"4"
"A";"";"11330";"Ingresso clandestino";"11312.0";"";"";"4"
"A";"";"11331";"Impedimento, perturbação ou fraude de concorrencia";"11311.0";"";"";"4"
"A";"";"11332";"Inutilização de edital ou de sinal oficial";"11311.0";"";"";"4"
"A";"";"11333";"Subtração ou inutilização de livro, processo ou documento";"11311.0";"";"";"4"
"A";"";"11334";"Tráfico de influência";"11311.0";"";"";"4"
"A";"";"11335";"Usurpação de função";"11311.0";"";"";"4"
"A";"";"11336";"Abandono de cargo";"11310.0";"";"";"4"
"A";"";"11337";"Abuso de confiança ou boa fé";"11310.0";"";"";"4"
"A";"";"11338";"Aplicação ilegal de verba ou dinheiro";"11310.0";"";"";"4"
"A";"";"11339";"Condescendência criminosa";"11310.0";"";"";"4"
"A";"";"11340";"Exercício funcional ilegal";"11310.0";"";"";"4"
"A";"";"11341";"Extravio, sonegação ou inutilização de livro ou documento";"11310.0";"";"";"4"
"A";"";"11342";"Inobservancia de lei, regulamento ou instrução";"11310.0";"";"";"4"
"A";"";"11343";"Não inclusão de nome em lista";"11310.0";"";"";"4"
"A";"";"11344";"Obstáculo à hasta pública, concorrência ou tomada de preços";"11310.0";"";"";"4"
"A";"";"11345";"Patrocínio indébito";"11310.0";"";"";"4"
"A";"";"11346";"Prevaricação";"11310.0";"";"";"4"
"A";"";"11347";"Violação de sigilo de proposta de concorrência";"11310.0";"";"";"4"
"A";"";"11348";"Violação de sigilo funcional";"11310.0";"";"";"4"
"A";"";"11349";"Violação do dever funcional com o fim de lucro";"11310.0";"";"";"4"
"A";"";"11350";"Violação ou divulgação indevida de correspondência ou comunicação";"11310.0";"";"";"4"
"A";"";"11351";"Violência arbitrária";"11310.0";"";"";"4"
"A";"";"11352";"Corrupção ativa";"11309.0";"";"";"4"
"A";"";"11353";"Corrupção passiva";"11309.0";"";"";"4"
"A";"";"11354";"Participação ilícita";"11309.0";"";"";"4"
"A";"";"11355";"Concussão";"11308.0";"";"";"4"
"A";"";"11356";"Desvio";"11308.0";"";"";"4"
"A";"";"11357";"Excesso de exação";"11308.0";"";"";"4"
"A";"";"11358";"Auto-acusação falsa";"11072.0";"";"";"3"
"A";"";"11359";"Coação";"11072.0";"";"";"3"
"A";"";"11360";"Comunicação falsa de crime";"11072.0";"";"";"3"
"A";"";"11361";"Corrupção ativa de testemunha, perito ou intérprete";"11072.0";"";"";"3"
"A";"";"11362";"Denunciação caluniosa";"11072.0";"";"";"3"
"A";"";"11363";"Desacato";"11072.0";"";"";"3"
"A";"";"11364";"Desobediência a decisão judicial";"11072.0";"";"";"3"
"A";"";"11365";"Desobediência a decisão sobre perda ou suspensão de atividade ou direito";"11072.0";"";"";"3"
"A";"";"11366";"Exploração de prestígio";"11072.0";"";"";"3"
"A";"";"11367";"Falso testemunho ou falsa perícia";"11072.0";"";"";"3"
"A";"";"11368";"Favorecimento pessoal";"11072.0";"";"";"3"
"A";"";"11369";"Favorecimento real";"11072.0";"";"";"3"
"A";"";"11370";"Inutilização,sonegação ou descaminho de material probante";"11072.0";"";"";"3"
"A";"";"11371";"Publicidade opressiva";"11072.0";"";"";"3"
"A";"";"11372";"Recusa de função na Justiça Militar";"11072.0";"";"";"3"
"A";"";"11386";"Advertência";"10688.0";"";"";"3"
"A";"";"11387";"Internação com atividades externas";"10688.0";"";"";"3"
"A";"2009-10-02 11:17:21";"11388";"Internação sem atividades externas";"10688.0";"";"";"3"
"A";"";"11389";"Liberdade assistida";"10688.0";"";"";"3"
"A";"";"11390";"Obrigação de reparar o dano";"10688.0";"";"";"3"
"A";"";"11391";"Prestação de serviços à comunidade";"10688.0";"";"";"3"
"A";"";"11392";"Semiliberdade";"10688.0";"";"";"3"
"A";"";"11410";"Crimes contra portadores de deficiência";"3603.0";"";"";"3"
"A";"";"11412";"Conflito fundiário coletivo rural";"10432.0";"";"";"3"
"A";"";"11413";"Conflito fundiário coletivo urbano";"10432.0";"";"";"3"
"A";"";"11414";"Crime/contravenção decorrente de conflito fundiário coletivo";"287.0";"";"";"2"
"A";"";"11416";"Violação sexual mediante fraude";"3463.0";"";"";"3"
"A";"";"11417";"Estupro de vulnerável";"3463.0";"";"";"3"
"A";"";"11418";"Satisfação de lascívia mediante presença de criança ou adolescente ";"3463.0";"";"";"3"
"A";"";"11419";"Favorecimento da prostituição ou outra forma de exploração sexual de vulnerável ";"3463.0";"";"";"3"
"A";"";"11420";"Favorecimento da prostituição ou outra forma de exploração sexual";"3463.0";"";"";"3"
"A";"2025-06-12 15:08:18";"11421";"(Fato até 20/10/2016) Tráfico internacional de pessoa para fim de exploração sexual";"3463.0";"";"";"3"
"A";"2025-06-12 15:23:17";"11422";"(Fato até 20/10/2016) Tráfico interno de pessoa para fim de exploração sexual";"3463.0";"";"";"3"
"A";"";"11428";"DIREITO ELEITORAL";"";"11429,11557,11574,11583,11724,11725,11729,11733,11747,11777,11778,12064,12460,12598,12599,12603,12645,14224,11430,11437,11467,11482,11497,11517,15537,11431,11432,11433,11434,11435,11436,11438,11439,11440,11441,11442,11443,11444,11445,11446,11447,11448,11449,11450,11451,11452,11453,11454,11455,11464,11465,11466,11468,11469,11470,11471,11472,11473,11474,11475,11476,11477,11478,11479,11480,11481,12634,14221,15020,11483,11484,11485,11486,11487,11488,11489,11490,11491,11492,11493,11494,11495,11496,15143,11498,11499,11500,11501,11502,11503,11504,11505,11506,11507,11508,11509,11510,11511,11512,11513,11514,11515,11516,15399,11518,11519,11520,11521,11522,11523,11524,11558,11559,11560,11561,11562,11566,11572,11573,12360,12642,15019,15691,11563,11564,11565,12590,12643,11567,11568,11569,11570,11571,12361,12426,15017,11575,11576,11577,11578,11579,11580,12563,12564,12565,15308,11581,11582,11584,11628,11642,11643,11644,11645,11646,11647,11648,11652,11684,11702,11712,11713,11716,12045,12049,12362,12364,12365,12566,12568,15091,15236,15591,11585,11593,11594,11595,11611,11614,11615,12600,12601,11586,11587,11588,11589,11590,11591,11592,11596,11597,11598,11599,11600,11601,11602,11603,11604,11605,11606,11607,11608,11609,11610,12392,12393,12395,12396,14936,14938,14939,15689,11612,11613,11616,11617,11618,11619,11620,12044,12363,14940,14941,15012,15018,15146,15156,15584,15590,12043,11621,11622,11623,11624,11625,11626,11627,11629,11630,11631,11632,11633,11634,11635,11636,11637,11638,11639,11640,11641,11649,11650,11651,11653,11654,11655,11656,11657,11658,11659,11660,11661,11662,11663,11664,11665,11666,11667,11668,11669,11677,11678,11679,11680,11681,11682,11683,12635,12636,12637,12638,12639,15015,15016,15405,15429,15524,15544,11670,11671,11672,11673,11674,11675,11676,12644,11685,11686,11692,11699,14225,15144,15145,15304,15305,11687,11688,11689,11690,11691,11693,11698,12725,11694,11697,14220,11695,11696,11700,11701,11706,12591,12592,12593,12594,12595,12596,11707,11708,11709,11710,11711,11714,11715,11717,11721,11722,11723,12062,12063,12597,11718,11719,11720,12046,12047,12602,15690,12050,12051,12052,12053,12054,12055,12056,14222,14223,12567,11726,11727,11728,15013,11730,11731,11732,12366,11734,11739,11735,11736,11737,11738,11740,11741,11742,11743,11744,11745,11746,11748,11749,11753,11754,11762,11763,11764,11769,11770,12048,12069,12367,12368,12382,12726,15014,11750,11751,11752,15586,11755,11759,11756,11757,11758,12586,11760,11761,12585,11765,11766,11767,11768,15089,11771,11772,11773,11774,15141,15142,11775,11776,15307,12461,12462,12569,12570,12571,12574,12575,12581,12584,12572,12573,12576,12577,12578,12579,12580,12582,12583,12641,12604,12605";"11429,11557,11574,11583,11724,11725,11729,11733,11747,11777,11778,12064,12460,12598,12599,12603,12645,14224,11430,11437,11467,11482,11497,11517,15537,11431,11432,11433,11434,11435,11436,11438,11439,11440,11441,11442,11443,11444,11445,11446,11447,11448,11449,11450,11451,11452,11453,11454,11455,11464,11465,11466,11468,11469,11470,11471,11472,11473,11474,11475,11476,11477,11478,11479,11480,11481,12634,14221,15020,11483,11484,11485,11486,11487,11488,11489,11490,11491,11492,11493,11494,11495,11496,15143,11498,11499,11500,11501,11502,11503,11504,11505,11506,11507,11508,11509,11510,11511,11512,11513,11514,11515,11516,15399,11518,11519,11520,11521,11522,11523,11524,11558,11559,11560,11561,11562,11566,11572,11573,12360,12642,15019,15691,11563,11564,11565,12590,12643,11567,11568,11569,11570,11571,12361,12426,15017,11575,11576,11577,11578,11579,11580,12563,12564,12565,15308,11581,11582,11584,11628,11642,11643,11644,11645,11646,11647,11648,11652,11684,11702,11712,11713,11716,12045,12049,12362,12364,12365,12566,12568,15091,15236,15591,11585,11593,11594,11595,11611,11614,11615,12600,12601,11586,11587,11588,11589,11590,11591,11592,11596,11597,11598,11599,11600,11601,11602,11603,11604,11605,11606,11607,11608,11609,11610,12392,12393,12395,12396,14936,14938,14939,15689,11612,11613,11616,11617,11618,11619,11620,12044,12363,14940,14941,15012,15018,15146,15156,15584,15590,12043,11621,11622,11623,11624,11625,11626,11627,11629,11630,11631,11632,11633,11634,11635,11636,11637,11638,11639,11640,11641,11649,11650,11651,11653,11654,11655,11656,11657,11658,11659,11660,11661,11662,11663,11664,11665,11666,11667,11668,11669,11677,11678,11679,11680,11681,11682,11683,12635,12636,12637,12638,12639,15015,15016,15405,15429,15524,15544,11670,11671,11672,11673,11674,11675,11676,12644,11685,11686,11692,11699,14225,15144,15145,15304,15305,11687,11688,11689,11690,11691,11693,11698,12725,11694,11697,14220,11695,11696,11700,11701,11706,12591,12592,12593,12594,12595,12596,11707,11708,11709,11710,11711,11714,11715,11717,11721,11722,11723,12062,12063,12597,11718,11719,11720,12046,12047,12602,15690,12050,12051,12052,12053,12054,12055,12056,14222,14223,12567,11726,11727,11728,15013,11730,11731,11732,12366,11734,11739,11735,11736,11737,11738,11740,11741,11742,11743,11744,11745,11746,11748,11749,11753,11754,11762,11763,11764,11769,11770,12048,12069,12367,12368,12382,12726,15014,11750,11751,11752,15586,11755,11759,11756,11757,11758,12586,11760,11761,12585,11765,11766,11767,11768,15089,11771,11772,11773,11774,15141,15142,11775,11776,15307,12461,12462,12569,12570,12571,12574,12575,12581,12584,12572,12573,12576,12577,12578,12579,12580,12582,12583,12641,12604,12605";"1"
"A";"2015-08-19 15:58:15";"11429";"Crimes Eleitorais";"11428.0";"11430,11437,11467,11482,11497,11517,15537,11431,11432,11433,11434,11435,11436,11438,11439,11440,11441,11442,11443,11444,11445,11446,11447,11448,11449,11450,11451,11452,11453,11454,11455,11464,11465,11466,11468,11469,11470,11471,11472,11473,11474,11475,11476,11477,11478,11479,11480,11481,12634,14221,15020,11483,11484,11485,11486,11487,11488,11489,11490,11491,11492,11493,11494,11495,11496,15143,11498,11499,11500,11501,11502,11503,11504,11505,11506,11507,11508,11509,11510,11511,11512,11513,11514,11515,11516,15399,11518,11519,11520,11521,11522,11523,11524";"11430,11437,11467,11482,11497,11517,15537,11431,11432,11433,11434,11435,11436,11438,11439,11440,11441,11442,11443,11444,11445,11446,11447,11448,11449,11450,11451,11452,11453,11454,11455,11464,11465,11466,11468,11469,11470,11471,11472,11473,11474,11475,11476,11477,11478,11479,11480,11481,12634,14221,15020,11483,11484,11485,11486,11487,11488,11489,11490,11491,11492,11493,11494,11495,11496,15143,11498,11499,11500,11501,11502,11503,11504,11505,11506,11507,11508,11509,11510,11511,11512,11513,11514,11515,11516,15399,11518,11519,11520,11521,11522,11523,11524";"2"
"A";"";"11430";"Crimes contra a Organização Administrativa da Justiça Eleitoral";"11429.0";"11431,11432,11433,11434,11435,11436";"11431,11432,11433,11434,11435,11436";"3"
"A";"";"11431";"Intervenção Indevida de Autoridade Junto à Mesa Receptora";"11430.0";"";"";"4"
"A";"";"11432";"Não Observância de Chamamento de Eleitores para Votar";"11430.0";"";"";"4"
"A";"";"11433";"Práticas Irregulares que Determinam a Anulação da Votação";"11430.0";"";"";"4"
"A";"";"11434";"Votação de Eleitor na Seção Eleitoral na qual Não Está Inscrito ou Autorizado a Votar ";"11430.0";"";"";"4"
"A";"";"11435";"Contagem de Votos de Eleitores em Relação aos quais Houve Impugnação";"11430.0";"";"";"4"
"A";"";"11436";"Fabricação, Aquisição, Fornecimento, Subtração ou Guarda de Materiais de Uso da Justiça Eleitoral";"11430.0";"";"";"4"
"A";"2010-04-14 13:14:34";"11437";"Crimes contra o Serviço da Justiça Eleitoral";"11429.0";"11438,11439,11440,11441,11442,11443,11444,11445,11446,11447,11448,11449,11450,11451,11452,11453,11454,11455,11464,11465,11466";"11438,11439,11440,11441,11442,11443,11444,11445,11446,11447,11448,11449,11450,11451,11452,11453,11454,11455,11464,11465,11466";"3"
"A";"";"11438";"Inscrição Fraudulenta";"11437.0";"";"";"4"
"A";"2010-04-08 18:10:32";"11439";"Induzimento à Inscrição de Eleitor em Infração às Normas Legais";"11437.0";"";"";"4"
"A";"";"11440";"Inscrição Fraudulenta Efetivada pelo Juiz";"11437.0";"";"";"4"
"A";"";"11441";"Negativa ou Retardamento de Inscrição sem Fundamento Legal";"11437.0";"";"";"4"
"A";"";"11442";"Perturbação ou Impedimento de Alistamento";"11437.0";"";"";"4"
"A";"";"11443";"Promoção de Desordem nos Trabalhos Eleitorais";"11437.0";"";"";"4"
"A";"";"11444";"Majoração de Preços de Utilidade e Serviços Necessários à Realização das Eleições";"11437.0";"";"";"4"
"A";"";"11445";"Ocultação, Sonegação ou Recusa de Fornecimento de Utilidades, Alimentos e Transporte no Dia da Eleição ";"11437.0";"";"";"4"
"A";"";"11446";"Retardamento ou Não-Publicação de Decisões, Citações ou Intimações da Justiça Eleitoral";"11437.0";"";"";"4"
"A";"";"11447";"Não-Apresentação de Denúncia ou Não Execução de Sentença Penal Condenatória no Prazo Legal  ";"11437.0";"";"";"4"
"A";"";"11448";"Não Cumprimento, pela Autoridade Judiciária, do Dever de Representar Contra o Órgão do Ministério que Não Oferece Denúncia no Prazo Legal ";"11437.0";"";"";"4"
"A";"";"11449";"Recusa ou Abandono do Serviço Eleitoral";"11437.0";"";"";"4"
"A";"2010-04-14 12:49:51";"11450";"Não Cumprimento dos Deveres Impostos pelo Código Eleitoral à Autoridade Judiciária e aos Funcionários da Justiça Eleitoral ";"11437.0";"";"";"4"
"A";"";"11451";"Utilização de Prédios ou Serviços de Repartições Públicas para Beneficiar Partido ou Organização de Caráter Político ";"11437.0";"";"";"4"
"A";"";"11452";"Desobediência a Ordens ou Instruções da Justiça Eleitoral ";"11437.0";"";"";"4"
"A";"2010-04-14 12:50:46";"11453";"Descumprimento do Dever de Informar o Número, Espécie e Lotação de Veículos e Embarcações ";"11437.0";"";"";"4"
"A";"2010-04-14 12:37:48";"11454";"Desatendimento à Requisição de Veículo ou Embarcação  ";"11437.0";"";"";"4"
"A";"2010-04-14 12:37:10";"11455";"Descumprimento da Proibição de Fornecimento de Transporte ou Refeições a Eleitores";"11437.0";"";"";"4"
"A";"";"11456";"Estupro de Vulnerável";"9740.0";"";"";"4"
"A";"";"11457";"Favorecimento de Prostituição ou Outra Forma de Exploração Sexual ";"9740.0";"";"";"4"
"A";"";"11458";"Favorecimento de Prostituição ou Outra Forma de Exploração Sexual de Vulnerável";"9740.0";"";"";"4"
"A";"";"11459";"Satisfação de Lascívia Mediante Presença de Criança ou Adolescente";"9740.0";"";"";"4"
"A";"2025-06-12 15:02:35";"11460";"(Fato até 20/10/2016) Tráfico Interno de Pessoa para Fim de Exploração Sexual";"9740.0";"";"";"4"
"A";"";"11461";"Violação Sexual Mediante Fraude";"9740.0";"";"";"4"
"A";"2010-04-14 13:05:24";"11464";"Obstamento do Transporte e Fornecimento de Alimentos a Eleitores pela Justiça Eleitoral";"11437.0";"";"";"4"
"A";"";"11465";"Utilização de Veículos e Embarcações Públicas em Campanha Eleitoral";"11437.0";"";"";"4"
"A";"";"11466";"Dano a Equipamento Eleitoral";"11437.0";"";"";"4"
"A";"";"11467";"Crimes contra a Fé Pública Eleitoral";"11429.0";"11468,11469,11470,11471,11472,11473,11474,11475,11476,11477,11478,11479,11480,11481,12634,14221,15020";"11468,11469,11470,11471,11472,11473,11474,11475,11476,11477,11478,11479,11480,11481,12634,14221,15020";"3"
"A";"";"11468";"Omissão na Expedição de Boletim de Apuração";"11467.0";"";"";"4"
"A";"";"11469";"Omissão no Recolhimento das Cédulas Apuradas, no Fechamento e Lacração da Urna";"11467.0";"";"";"4"
"A";"";"11470";"Alteração do Resultado de Votação nos Mapas ou Boletins de Apuração";"11467.0";"";"";"4"
"A";"";"11471";"Omissão no Recebimento e Registro de Protestos, bem como, de sua Remessa à Instância Superior ";"11467.0";"";"";"4"
"A";"";"11472";"Falsificação ou Alteração de Documento Público para Fins Eleitorais";"11467.0";"";"";"4"
"A";"";"11473";"Falsidade Ideológica";"11467.0";"";"";"4"
"A";"";"11474";"Reconhecimento Indevido de Firma ou Letras para Fins Eleitorais";"11467.0";"";"";"4"
"A";"";"11475";"Uso de Documento Falso para Fins Eleitorais";"11467.0";"";"";"4"
"A";"";"11476";"Obtenção de Documento Falso para Fins Eleitorais";"11467.0";"";"";"4"
"A";"";"11477";"Omissão da Entrega do Boletim de Urna";"11467.0";"";"";"4"
"A";"";"11478";"Obtenção de Acesso a Sistema de Dados Eleitorais";"11467.0";"";"";"4"
"A";"";"11479";"Destruição de Dados Eleitorais";"11467.0";"";"";"4"
"A";"";"11480";"Cerceamento da Fiscalização Partidária";"11467.0";"";"";"4"
"A";"";"11481";"Recusa de Entrega de Boletim";"11467.0";"";"";"4"
"A";"";"11482";"Crimes contra a Propaganda Eleitoral";"11429.0";"11483,11484,11485,11486,11487,11488,11489,11490,11491,11492,11493,11494,11495,11496,15143";"11483,11484,11485,11486,11487,11488,11489,11490,11491,11492,11493,11494,11495,11496";"3"
"A";"";"11483";"Divulgação de Fatos Inverídicos na Propaganda Eleitoral";"11482.0";"";"";"4"
"A";"";"11484";"Calúnia na Propaganda Eleitoral";"11482.0";"";"";"4"
"A";"";"11485";"Divulgação de Falsa Imputação";"11482.0";"";"";"4"
"A";"2010-04-14 14:55:54";"11486";"Difamação na Propaganda Eleitoral";"11482.0";"";"";"4"
"A";"";"11487";"Injúria na Propaganda Eleitoral";"11482.0";"";"";"4"
"A";"";"11488";"Injúria Eleitoral Violenta";"11482.0";"";"";"4"
"A";"";"11489";"Inutilização, Alteração ou Perturbação de Propaganda";"11482.0";"";"";"4"
"A";"";"11490";"Impedimento do Exercício da Propaganda";"11482.0";"";"";"4"
"A";"";"11491";"Utilização de Organização Comercial para Propaganda ou Aliciamento de Eleitores";"11482.0";"";"";"4"
"A";"";"11492";"Realização de Propaganda Eleitoral em Língua Estrangeira";"11482.0";"";"";"4"
"A";"";"11493";"Participação de Pessoa Não Detentora de Direitos Políticos em Atividades Partidárias e de Propaganda Eleitoral ";"11482.0";"";"";"4"
"A";"";"11494";"Autorização de Transmissão de Pessoa Não Detentora de Direitos Políticos em Atividades Partidárias e de Propaganda Eleitoral ";"11482.0";"";"";"4"
"A";"";"11495";"Pesquisa Fraudulenta";"11482.0";"";"";"4"
"A";"";"11496";"Uso, na Propaganda Eleitoral, de Símbolo de Órgãos de Governo";"11482.0";"";"";"4"
"A";"";"11497";"Crimes contra o Sigilo ou o Exercício do Voto";"11429.0";"11498,11499,11500,11501,11502,11503,11504,11505,11506,11507,11508,11509,11510,11511,11512,11513,11514,11515,11516,15399";"11498,11499,11500,11501,11502,11503,11504,11505,11506,11507,11508,11509,11510,11511,11512,11513,11514,11515";"3"
"A";"";"11498";"Retenção de Título Eleitoral ou do Comprovante de Alistamento Eleitoral";"11497.0";"";"";"4"
"A";"";"11499";"Impedimento ou Embaraço ao Exercício do Sufrágio";"11497.0";"";"";"4"
"A";"";"11500";"Prisão ou Detenção do Eleitor, Membro de Mesa Receptora, Fiscal, Delegado de Partido ou Candidato, Fora das Hipóteses Legais Permitidas ";"11497.0";"";"";"4"
"A";"";"11501";"Corrupção Eleitoral";"11497.0";"";"";"4"
"A";"";"11502";"Coação Visando a Obtenção de Voto ou a sua Abstenção";"11497.0";"";"";"4"
"A";"";"11503";"Violência ou Grave Ameaça Visando a Obtenção de Voto ou a sua Abstenção";"11497.0";"";"";"4"
"A";"";"11504";"Concentração de Eleitores para Embaraçar ou Fraudar o Exercício do Voto";"11497.0";"";"";"4"
"A";"";"11505";"Fornecimento ao Eleitor de Cédula Oficial Já Assinalada ou Marcada";"11497.0";"";"";"4"
"A";"";"11506";"Fornecimento de Cédula Eleitoral Rubricada a Destempo";"11497.0";"";"";"4"
"A";"";"11507";"Votação Múltipla ou Realizada em Lugar de Outrem";"11497.0";"";"";"4"
"A";"";"11508";"Violação do Sigilo do Voto";"11497.0";"";"";"4"
"A";"";"11509";"Violação do Sigilo da Urna ou dos Invólucros";"11497.0";"";"";"4"
"A";"";"11510";"Destruição, Supressão ou Ocultação de Urna Contendo Votos ou Documentos Eleitorais ";"11497.0";"";"";"4"
"A";"";"11511";"Destruição de Relação de Candidatos";"11497.0";"";"";"4"
"A";"";"11512";"Uso Proibido de Alto-Falantes";"11497.0";"";"";"4"
"A";"";"11513";"Arregimentação de Eleitor ou Boca de Urna";"11497.0";"";"";"4"
"A";"";"11514";"Divulgação de Propaganda Eleitoral no Dia da Eleição";"11497.0";"";"";"4"
"A";"";"11515";"Retenção de Título ou Comprovante de Alistamento Eleitoral";"11497.0";"";"";"4"
"A";"";"11517";"Crimes contra os Partidos Políticos";"11429.0";"11518,11519,11520,11521,11522,11523,11524";"11518,11519,11520,11521,11522,11523,11524";"3"
"A";"";"11518";"Subscrição de Mais de Uma Ficha de Filiação Partidária";"11517.0";"";"";"4"
"A";"";"11519";"Inscrição Simultânea em Dois ou Mais Partidos";"11517.0";"";"";"4"
"A";"";"11520";"Coleta de Assinatura em Mais de Uma Ficha de Registro Partidário";"11517.0";"";"";"4"
"A";"";"11521";"Preterição à Prioridade Postal";"11517.0";"";"";"4"
"A";"";"11522";"Arguição de Ineligibilidade Temerária ou de Má-Fé";"11517.0";"";"";"4"
"A";"";"11523";"Não-Acesso dos Partidos aos Dados Relativos às Pesquisas Eleitorais";"11517.0";"";"";"4"
"A";"";"11524";"Irregularidades dos Dados Publicados em Pesquisas Eleitorais";"11517.0";"";"";"4"
"A";"";"11557";"Administração da Justiça Eleitoral";"11428.0";"11558,11559,11560,11561,11562,11566,11572,11573,12360,12642,15019,15691,11563,11564,11565,12590,12643,11567,11568,11569,11570,11571,12361,12426,15017";"11559,11560,11561,11562,11566,11572,11573,12360,12642,15019,15691,11563,11564,11565,12590,12643,11567,11568,11569,11570,11571,12361,12426,15017";"2"
"A";"";"11559";"Improbidade Administrativa";"11557.0";"";"";"3"
"A";"";"11560";"Descumprimento de Prazos Eleitorais";"11557.0";"";"";"3"
"A";"";"11561";"Garantia de Autoridade de Decisão do Tribunal";"11557.0";"";"";"3"
"A";"";"11562";"Magistrado";"11557.0";"11563,11564,11565,12590,12643";"11563,11564,11565,12590,12643";"3"
"A";"";"11563";"Afastamento de Magistrado";"11562.0";"";"";"4"
"A";"";"11564";"Designação de Juiz Eleitoral";"11562.0";"";"";"4"
"A";"";"11565";"Lista Tríplice";"11562.0";"12643";"12643";"4"
"A";"";"11566";"Servidor";"11557.0";"11567,11568,11569,11570,11571";"11567,11568,11569,11570,11571";"3"
"A";"";"11567";"Concurso Público";"11566.0";"";"";"4"
"A";"";"11568";"Remoção de Servidor";"11566.0";"";"";"4"
"A";"";"11569";"Requisição";"11566.0";"11570,11571";"11570,11571";"4"
"A";"";"11570";"Requisição de Servidor";"11569.0";"";"";"5"
"A";"";"11571";"Requisição de Servidor - Renovação de Requisição de Servidor";"11569.0";"";"";"5"
"A";"";"11572";"Minuta de Resolução";"11557.0";"12361,12426,15017";"12361,12426,15017";"3"
"A";"";"11573";"Requisição de Força Federal";"11557.0";"";"";"3"
"A";"2015-08-19 15:58:17";"11574";"Alistamento Eleitoral";"11428.0";"11575,11576,11577,11578,11579,11580,12563,12564,12565,15308,11581,11582";"11575,11576,11577,11578,11579,12563,12564,12565,15308";"2"
"A";"";"11575";"Alistamento Eleitoral - Cancelamento";"11574.0";"";"";"3"
"A";"";"11576";"Alistamento Eleitoral - Domicílio Eleitoral";"11574.0";"";"";"3"
"A";"";"11577";"Alistamento Eleitoral - Duplicidade/Pluralidade";"11574.0";"";"";"3"
"A";"";"11578";"Alistamento Eleitoral - Exclusão";"11574.0";"";"";"3"
"A";"";"11579";"Alistamento Eleitoral - Inscrição Eleitoral";"11574.0";"";"";"3"
"A";"";"11583";"Eleições";"11428.0";"11584,11628,11642,11643,11644,11645,11646,11647,11648,11652,11684,11702,11712,11713,11716,12045,12049,12362,12364,12365,12566,12568,15091,15236,15591,11585,11593,11594,11595,11611,11614,11615,12600,12601,11586,11587,11588,11589,11590,11591,11592,11596,11597,11598,11599,11600,11601,11602,11603,11604,11605,11606,11607,11608,11609,11610,12392,12393,12395,12396,14936,14938,14939,15689,11612,11613,11616,11617,11618,11619,11620,12044,12363,14940,14941,15012,15018,15146,15156,15584,15590,12043,11621,11622,11623,11624,11625,11626,11627,11629,11630,11631,11632,11633,11634,11635,11636,11637,11638,11639,11640,11641,11649,11650,11651,11653,11654,11655,11656,11657,11658,11659,11660,11661,11662,11663,11664,11665,11666,11667,11668,11669,11677,11678,11679,11680,11681,11682,11683,12635,12636,12637,12638,12639,15015,15016,15405,15429,15524,15544,11670,11671,11672,11673,11674,11675,11676,12644,11685,11686,11692,11699,14225,15144,15145,15304,15305,11687,11688,11689,11690,11691,11693,11698,12725,11694,11697,14220,11695,11696,11700,11701,11706,12591,12592,12593,12594,12595,12596,11707,11708,11709,11710,11711,11714,11715,11717,11721,11722,11723,12062,12063,12597,11718,11719,11720,12046,12047,12602,15690,12050,12051,12052,12053,12054,12055,12056,14222,14223,12567";"11584,11628,11642,11643,11644,11645,11646,11647,11648,11652,11684,11702,11713,11716,12045,12049,12362,12364,12365,12566,12568,15091,15236,15591,11585,11593,11594,11595,11611,11614,11615,12600,12601,11586,11587,11588,11589,11590,11591,11592,11596,11597,11598,11599,11600,11601,11602,11603,11604,11605,11606,11607,11608,11609,11610,12392,12393,12395,12396,14936,14938,14939,15689,11612,11613,11616,11617,11618,11619,11620,12044,12363,14940,14941,15012,15018,15146,15156,15584,15590,12043,11621,11622,11623,11624,11625,11626,11627,11629,11630,11631,11632,11633,11634,11635,11636,11637,11638,11639,11640,11641,11649,11650,11651,11653,11654,11655,11656,11657,11658,11659,11660,11661,11662,11663,11664,11665,11666,11667,11668,11669,11677,11678,11679,11680,11681,11682,11683,12635,12636,12637,12638,12639,15015,15016,15405,15429,15524,15544,11670,11671,11672,11673,11674,11675,11676,12644,11685,11686,11692,11699,14225,15144,15145,15304,15305,11687,11688,11689,11690,11691,11693,11698,12725,11694,11697,14220,11695,11696,11700,11701,11706,12591,12592,12593,12594,12595,12596,11707,11708,11709,11710,11711,11714,11715,11717,11721,11722,11723,12062,12063,12597,11718,11719,11720,12046,12047,12602,15690,12050,12051,12052,12053,12054,12055,12056,14222,14223,12567";"2"
"A";"";"11584";"Candidatos";"11583.0";"11585,11593,11594,11595,11611,11614,11615,12600,12601,11586,11587,11588,11589,11590,11591,11592,11596,11597,11598,11599,11600,11601,11602,11603,11604,11605,11606,11607,11608,11609,11610,12392,12393,12395,12396,14936,14938,14939,15689,11612,11613,11616,11617,11618,11619,11620,12044,12363,14940,14941,15012,15018,15146,15156,15584,15590,12043,11621,11622,11623,11624,11625,11626,11627";"11585,11593,11594,11595,11611,11615,12600,12601,11586,11587,11588,11589,11590,11591,11592,11596,11597,11598,11599,11600,11601,11602,11603,11604,11605,11606,11607,11608,11609,11610,12392,12393,12395,12396,14936,14938,14939,15689,11612,11613,11616,11617,11618,11619,11620,12044,12363,14940,14941,15012,15018,15146,15156,15584,15590,12043,11621,11622,11623,11624,11625,11626,11627";"3"
"A";"";"11585";"Condição de Elegibilidade";"11584.0";"11586,11587,11588,11589,11590,11591,11592";"11586,11587,11588,11589,11590,11591,11592";"4"
"A";"";"11586";"Condição de Elegibilidade - Alistamento Eleitoral";"11585.0";"";"";"5"
"A";"";"11587";"Condição de Elegibilidade - Domicílio Eleitoral na Circunscrição";"11585.0";"";"";"5"
"A";"";"11588";"Condição de Elegibilidade - Idade Mínima";"11585.0";"";"";"5"
"A";"";"11589";"Condição de Elegibilidade - Filiação Partidária";"11585.0";"";"";"5"
"A";"";"11590";"Condição de Elegibilidade - Nacionalidade Brasileira";"11585.0";"";"";"5"
"A";"";"11591";"Condição de Elegibilidade - Pleno Exercício dos Direitos Políticos";"11585.0";"";"";"5"
"A";"";"11592";"Condição de Elegibilidade - Quitação Eleitoral";"11585.0";"";"";"5"
"A";"";"11593";"Direito de Resposta";"11584.0";"";"";"4"
"A";"";"11594";"Identificação Numérica de Candidato";"11584.0";"";"";"4"
"A";"2012-02-02 10:20:52";"11595";"Inelegibilidade";"11584.0";"11596,11597,11598,11599,11600,11601,11602,11603,11604,11605,11606,11607,11608,11609,11610,12392,12393,12395,12396,14936,14938,14939,15689";"11596,11597,11598,11599,11600,11601,11602,11603,11604,11605,11606,11607,11608,11609,11610,12392,12393,12395,12396,14936,14938,14939,15689";"4"
"A";"2012-02-02 10:21:14";"11596";"Inelegibilidade - Abuso do Poder Econômico ou Político";"11595.0";"";"";"5"
"A";"2012-02-02 10:21:34";"11597";"Inelegibilidade - Analfabetismo";"11595.0";"";"";"5"
"A";"2018-11-19 13:20:02";"11598";"Inelegibilidade - Condenação Criminal por órgão colegiado ou Transitada em Julgado";"11595.0";"";"";"5"
"A";"2012-02-02 10:22:20";"11599";"Inelegibilidade - Declaração de Indignidade ou de Incompatibilidade com o Oficialato";"11595.0";"";"";"5"
"A";"2012-02-02 10:22:42";"11600";"Inelegibilidade - Desincompatibilização";"11595.0";"";"";"5"
"A";"2012-02-02 10:22:56";"11601";"Inelegibilidade - Inalistável";"11595.0";"";"";"5"
"A";"2012-02-02 10:23:13";"11602";"Inelegibilidade - Parentesco";"11595.0";"";"";"5"
"A";"2012-02-02 10:24:14";"11603";"Inelegibilidade - Reeleição";"11595.0";"";"";"5"
"A";"2012-02-02 10:24:39";"11604";"Inelegibilidade - Rejeição de Contas Públicas";"11595.0";"";"";"5"
"A";"2012-02-02 10:30:44";"11605";"Inelegibilidade - Representação ou Ação de Investigação Judicial Eleitoral Jugada Procedente pela Justiça Eleitoral";"11595.0";"";"";"5"
"A";"2012-02-02 10:25:35";"11606";"Inelegibilidade - Terceiro Mandato";"11595.0";"";"";"5"
"A";"2012-02-02 10:26:14";"11607";"Inelegibilidade - Vida Pregressa";"11595.0";"";"";"5"
"A";"2012-02-02 10:26:40";"11608";"Inelegibilidade - Vínculo Afetivo";"11595.0";"";"";"5"
"A";"2012-02-02 10:26:54";"11609";"Inelegibilidade - Vínculo Conjugal";"11595.0";"";"";"5"
"A";"2012-02-02 10:28:03";"11610";"Inelegibilidade - Vínculo em União Estável ";"11595.0";"";"";"5"
"A";"";"11611";"Nome do Candidato";"11584.0";"11612,11613";"11612,11613";"4"
"A";"";"11612";"Nome do Candidato - Homonímia";"11611.0";"";"";"5"
"A";"";"11613";"Nome do Candidato - Variação Nominal";"11611.0";"";"";"5"
"A";"";"11615";"Registro de Candidatura";"11584.0";"11616,11617,11618,11619,11620,12044,12363,14940,14941,15012,15018,15146,15156,15584,15590,12043,11621,11622,11623,11624,11625,11626,11627";"11616,11617,11618,11619,11620,12044,12363,14940,14941,15012,15018,15146,15156,15584,15590,12043,11621,11622,11623,11624,11625,11626,11627";"4"
"A";"";"11616";"Impugnação ao Registro de Candidatura";"11615.0";"";"";"5"
"A";"";"11617";"Registro de Candidatura - Preenchimento de Vaga Remanescente";"11615.0";"";"";"5"
"A";"";"11618";"Registro de Candidatura - RRC - Candidato";"11615.0";"";"";"5"
"A";"";"11619";"Registro de Candidatura - RRCI - Candidato Individual";"11615.0";"12043";"";"5"
"A";"";"11620";"Registro de Candidatura - Substituição de Candidato";"11615.0";"11621,11622,11623,11624,11625,11626,11627";"11621,11622,11623,11624,11625,11626,11627";"5"
"A";"";"11621";"Registro de Candidatura - Substituição de Candidato - Por Cancelamento de Registro";"11620.0";"";"";"6"
"A";"";"11622";"Registro de Candidatura - Substituição de Candidato - Por Cassação de Registro";"11620.0";"";"";"6"
"A";"";"11623";"Registro de Candidatura - Substituição de Candidato - Por Expulsão Partidária";"11620.0";"";"";"6"
"A";"";"11624";"Registro de Candidatura - Substituição de Candidato - Por Falecimento";"11620.0";"";"";"6"
"A";"";"11625";"Registro de Candidatura - Substituição de Candidato - Por Indeferimento de Registro";"11620.0";"";"";"6"
"A";"";"11626";"Registro de Candidatura - Substituição de Candidato - Por Ineligibilidade";"11620.0";"";"";"6"
"A";"";"11627";"Registro de Candidatura - Substituição de Candidato - Por Renúncia";"11620.0";"";"";"6"
"A";"";"11628";"Cargos";"11583.0";"11629,11630,11631,11632,11633,11634,11635,11636,11637,11638,11639,11640,11641";"11629,11630,11631,11632,11633,11634,11635,11636,11637,11638,11639,11640,11641";"3"
"A";"";"11629";"Cargo - Deputado Distrital";"11628.0";"";"";"4"
"A";"";"11630";"Cargo - Deputado Estadual";"11628.0";"";"";"4"
"A";"";"11631";"Cargo - Deputado Federal";"11628.0";"";"";"4"
"A";"";"11632";"Cargo - Governador";"11628.0";"";"";"4"
"A";"";"11633";"Cargo - Prefeito";"11628.0";"";"";"4"
"A";"";"11634";"Cargo - Presidente da República";"11628.0";"";"";"4"
"A";"";"11635";"Cargo - Primeiro Suplente de Senador";"11628.0";"";"";"4"
"A";"";"11636";"Cargo - Segundo Suplente de Senador";"11628.0";"";"";"4"
"A";"2010-04-22 10:32:30";"11637";"Cargo - Senador";"11628.0";"";"";"4"
"A";"";"11638";"Cargo - Vereador";"11628.0";"";"";"4"
"A";"";"11639";"Cargo - Vice-Governador";"11628.0";"";"";"4"
"A";"";"11640";"Cargo - Vice-Prefeito";"11628.0";"";"";"4"
"A";"";"11641";"Cargo - Vice-Presidente da República";"11628.0";"";"";"4"
"A";"";"11642";"Eleições - 1° Turno";"11583.0";"";"";"3"
"A";"";"11643";"Eleições - 2° Turno";"11583.0";"";"";"3"
"A";"";"11644";"Eleições - Anulação de Eleições";"11583.0";"";"";"3"
"A";"";"11645";"Eleições - Eleição Majoritária";"11583.0";"";"";"3"
"A";"";"11646";"Eleições - Eleição Proporcional";"11583.0";"";"";"3"
"A";"";"11647";"Eleições - Eleição Suplementar";"11583.0";"";"";"3"
"A";"";"11648";"Pesquisa Eleitoral";"11583.0";"11649,11650,11651";"11649,11650,11651";"3"
"A";"";"11649";"Pesquisa Eleitoral - Divulgação de Pesquisa Eleitoral Fraudulenta";"11648.0";"";"";"4"
"A";"";"11650";"Pesquisa Eleitoral - Divulgação de Pesquisa Eleitoral Sem Prévio Registro";"11648.0";"";"";"4"
"A";"";"11651";"Pesquisa Eleitoral - Registro de Pesquisa Eleitoral";"11648.0";"";"";"4"
"A";"";"11652";"Propaganda Política - Propaganda Eleitoral";"11583.0";"11653,11654,11655,11656,11657,11658,11659,11660,11661,11662,11663,11664,11665,11666,11667,11668,11669,11677,11678,11679,11680,11681,11682,11683,12635,12636,12637,12638,12639,15015,15016,15405,15429,15524,15544,11670,11671,11672,11673,11674,11675,11676,12644";"11653,11654,11655,11656,11657,11658,11659,11660,11661,11662,11663,11664,11665,11666,11667,11668,11669,11677,11678,11679,11680,11681,11682,11683,12635,12636,12637,12638,12639,15016,15405,15429,15524,15544,11670,11671,11672,11673,11674,11675,11676,12644";"3"
"A";"";"11653";"Propaganda Política - Propaganda Eleitoral - Adesivo";"11652.0";"";"";"4"
"A";"";"11654";"Propaganda Política - Propaganda Eleitoral - Alto-falante/Amplificador de Som";"11652.0";"";"";"4"
"A";"";"11655";"Propaganda Política - Propaganda Eleitoral - Banner/Cartaz/Faixa";"11652.0";"";"";"4"
"A";"";"11656";"Propaganda Política - Propaganda Eleitoral - Bem Particular";"11652.0";"";"";"4"
"A";"";"11657";"Propaganda Política - Propaganda Eleitoral - Bem Particular de Uso Comum";"11652.0";"";"";"4"
"A";"";"11658";"Propaganda Política - Propaganda Eleitoral - Bem Público";"11652.0";"";"";"4"
"A";"";"11659";"Propaganda Política - Propaganda Eleitoral - Bem Tombado";"11652.0";"";"";"4"
"A";"";"11660";"Propaganda Política - Propaganda Eleitoral - Boca de Urna";"11652.0";"";"";"4"
"A";"";"11661";"Propaganda Política - Propaganda Eleitoral - Cavalete";"11652.0";"";"";"4"
"A";"";"11662";"Propaganda Política - Propaganda Eleitoral - Comício/Showmício";"11652.0";"";"";"4"
"A";"";"11663";"Propaganda Política - Propaganda Eleitoral - Conduta Vedada a Emissora de Rádio/Televisão na Programação Normal";"11652.0";"";"";"4"
"A";"2010-04-22 11:54:23";"11664";"Propaganda Política - Propaganda Eleitoral - Confecção, Utilização ou Distribuição de Brinde";"11652.0";"";"";"4"
"A";"";"11665";"Propaganda Política - Propaganda Eleitoral - Contrariedade à Lei de Postura Municipal";"11652.0";"";"";"4"
"A";"";"11666";"Propaganda Política - Propaganda Eleitoral - Debate Político";"11652.0";"";"";"4"
"A";"2010-04-22 12:09:55";"11667";"Propaganda Política - Propaganda Eleitoral - Extemporânea/Antecipada";"11652.0";"";"";"4"
"A";"";"11668";"Propaganda Política - Propaganda Eleitoral - Folhetos/Volantes/Santinhos/Impressos";"11652.0";"";"";"4"
"A";"";"11669";"Propaganda Política - Propaganda Eleitoral - Horário Eleitoral Gratuito";"11652.0";"11670,11671,11672,11673,11674,11675,11676,12644";"11670,11671,11672,11673,11674,11675,11676,12644";"4"
"A";"";"11670";"Propaganda Política - Propaganda Eleitoral - Distribuição de Tempo de Propaganda";"11669.0";"";"";"5"
"A";"";"11671";"Propaganda Política - Propaganda Eleitoral - Horário Eleitoral Gratuito/Inserções de Propaganda";"11669.0";"";"";"5"
"A";"";"11672";"Propaganda Política - Propaganda Eleitoral - Horário Eleitoral Gratuito/Programa em Bloco";"11669.0";"";"";"5"
"A";"";"11673";"Propaganda Política - Propaganda Eleitoral - Rádio";"11669.0";"";"";"5"
"A";"";"11674";"Propaganda Política - Propaganda Eleitoral - Rádio Comunitária";"11669.0";"";"";"5"
"A";"";"11675";"Propaganda Política - Propaganda Eleitoral - Televisão";"11669.0";"";"";"5"
"A";"";"11676";"Propaganda Política - Propaganda Eleitoral - Invasão de Horário Destinado a Outro Cargo/Partido/Coligação";"11669.0";"";"";"5"
"A";"";"11677";"Propaganda Política - Propaganda Eleitoral - Imprensa Escrita - Jornal/Revista/Tabloide";"11652.0";"";"";"4"
"A";"";"11678";"Propaganda Política - Propaganda Eleitoral - Inobservância do Limite Legal";"11652.0";"";"";"4"
"A";"";"11679";"Propaganda Política - Propaganda Eleitoral - Internet";"11652.0";"";"";"4"
"A";"2010-04-22 14:25:09";"11680";"Propaganda Política - Propaganda Eleitoral - Omissão de Informações Obrigatórias";"11652.0";"";"";"4"
"A";"";"11681";"Propaganda Política - Propaganda Eleitoral - Outdoors";"11652.0";"";"";"4"
"A";"";"11682";"Propaganda Política - Propaganda Eleitoral - Pintura em Muro";"11652.0";"";"";"4"
"A";"";"11683";"Propaganda Política - Propaganda Eleitoral - Truncagem, Montagem, Utilização de Gravação Externa, Computação Gráfica, Desenho Animado ou Efeito Especial";"11652.0";"";"";"4"
"A";"";"11684";"Recursos Financeiros de Campanha Eleitoral";"11583.0";"11685,11686,11692,11699,14225,15144,15145,15304,15305,11687,11688,11689,11690,11691,11693,11698,12725,11694,11697,14220,11695,11696,11700,11701";"11686,11692,11699,14225,15144,15145,15304,15305,11687,11688,11689,11690,11691,11693,11698,12725,11694,11697,14220,11695,11696,11700,11701";"3"
"A";"2015-08-20 10:43:27";"11686";"Comitê Financeiro";"11684.0";"11687,11688,11689,11690,11691";"11688,11689,11690,11691";"4"
"A";"";"11688";"Registro de Comitê Financeiro";"11686.0";"11689,11690,11691";"11689,11690,11691";"5"
"A";"";"11689";"Registro de Comitê Financeiro - Eleição Majoritária";"11688.0";"";"";"6"
"A";"";"11690";"Registro de Comitê Financeiro - Eleição Proporcional";"11688.0";"";"";"6"
"A";"";"11691";"Registro de Comitê Financeiro - Único";"11688.0";"";"";"6"
"A";"";"11692";"Contas";"11684.0";"11693,11698,12725,11694,11697,14220,11695,11696";"11693,11698,12725,11694,11697,14220,11695,11696";"4"
"A";"";"11693";"Contas - Apresentação de Contas";"11692.0";"11694,11697,14220,11695,11696";"11694,11697,14220,11695,11696";"5"
"A";"";"11694";"Contas - Aprovação";"11693.0";"11695,11696";"11695,11696";"6"
"A";"";"11695";"Contas - Aprovação das Contas";"11694.0";"";"";"7"
"A";"";"11696";"Contas - Aprovação das Contas com Ressalvas";"11694.0";"";"";"7"
"A";"";"11697";"Contas - Desaprovação/Rejeição das Contas";"11693.0";"";"";"6"
"A";"";"11698";"Contas - Não Apresentação das Contas";"11692.0";"";"";"5"
"A";"";"11699";"Doação de Recursos Acima do Limite Legal";"11684.0";"11700,11701";"11700,11701";"4"
"A";"";"11700";"Doação de Recursos Acima do Limite Legal - Pessoa Física";"11699.0";"";"";"5"
"A";"2018-11-19 16:53:26";"11701";"Doação de Recursos Acima do Limite Legal - Pessoa Jurídica";"11699.0";"";"";"5"
"A";"";"11702";"Garantias Eleitorais";"11583.0";"11706,12591,12592,12593,12594,12595,12596,11707,11708,11709,11710,11711";"12591,12592,12593,12594,12595,12596";"3"
"A";"";"11703";"Habeas Corpus";"1209.0";"10891,11704,11705";"10891,11704,11705";"2"
"A";"";"11704";"Habeas Corpus - Liberatório";"11703.0";"";"";"3"
"A";"";"11705";"Habeas Corpus - Preventivo";"11703.0";"";"";"3"
"A";"";"11713";"Resultados";"11583.0";"11714,11715";"11714,11715";"3"
"A";"";"11714";"Apuração/Totalização de Votos";"11713.0";"";"";"4"
"A";"";"11715";"Quociente Eleitoral/Partidário";"11713.0";"";"";"4"
"A";"";"11716";"Transgressões Eleitorais";"11583.0";"11717,11721,11722,11723,12062,12063,12597,11718,11719,11720";"11717,11721,11722,11723,12062,12063,12597,11718,11719,11720";"3"
"A";"";"11717";"Abuso";"11716.0";"11718,11719,11720";"11718,11719,11720";"4"
"A";"";"11718";"Abuso - De Poder Econômico";"11717.0";"";"";"5"
"A";"";"11719";"Abuso - De Poder Político/Autoridade";"11717.0";"";"";"5"
"A";"";"11720";"Abuso - Uso Indevido de Meio de Comunicação Social";"11717.0";"";"";"5"
"A";"";"11721";"Captação Ilícita de Sufrágio";"11716.0";"";"";"4"
"A";"";"11722";"Corrupção ou Fraude";"11716.0";"";"";"4"
"A";"";"11723";"Propaganda Política - Propaganda Institucional";"11716.0";"";"";"4"
"A";"";"11724";"Diplomação";"11428.0";"";"";"2"
"A";"";"11725";"Direitos Políticos";"11428.0";"11726,11727,11728,15013";"11726,11727,11728";"2"
"A";"";"11726";"Direitos Políticos - Perda dos Direitos Políticos";"11725.0";"";"";"3"
"A";"";"11727";"Direitos Políticos - Restabelecimento dos Direitos Políticos";"11725.0";"";"";"3"
"A";"";"11728";"Direitos Políticos - Suspensão de Direitos Políticos";"11725.0";"";"";"3"
"A";"";"11729";"Execução";"11428.0";"11730,11731,11732,12366";"11730,11731,11732,12366";"2"
"A";"";"11730";"Execução - De Astreintes";"11729.0";"";"";"3"
"A";"";"11731";"Execução - De Multa Eleitoral";"11729.0";"";"";"3"
"A";"";"11732";"Execução de Julgado";"11729.0";"";"";"3"
"A";"";"11733";"Garantias Processuais";"11428.0";"11734,11739,11735,11736,11737,11738,11740,11741,11742,11743,11744,11745,11746";"11734,11739,11735,11736,11737,11738,11740,11741,11742,11743,11744,11745,11746";"2"
"A";"";"11734";"Cautelar Inominada";"11733.0";"11735,11736,11737,11738";"11735,11736,11737,11738";"3"
"A";"";"11735";"Cautelar Inominada - De Busca e Apreensão";"11734.0";"";"";"4"
"A";"";"11736";"Cautelar Inominada - De Produção Antecipada de Provas";"11734.0";"";"";"4"
"A";"";"11737";"Cautelar Inominada - Incidental";"11734.0";"";"";"4"
"A";"";"11738";"Cautelar Inominada - Preparatória";"11734.0";"";"";"4"
"A";"";"11739";"Exceção";"11733.0";"11740,11741,11742,11743,11744,11745,11746";"11740,11741,11742,11743,11744,11745,11746";"3"
"A";"";"11740";"Exceção - De Coisa Julgada";"11739.0";"";"";"4"
"A";"";"11741";"Exceção - De Ilegitimidade de Parte";"11739.0";"";"";"4"
"A";"";"11742";"Exceção - De Impedimento";"11739.0";"";"";"4"
"A";"";"11743";"Exceção - De Incompetência";"11739.0";"";"";"4"
"A";"";"11744";"Exceção - De Litispendência";"11739.0";"";"";"4"
"A";"";"11745";"Exceção - De Pré-Executividade";"11739.0";"";"";"4"
"A";"";"11746";"Exceção - De Suspeição";"11739.0";"";"";"4"
"A";"";"11747";"Partidos Políticos";"11428.0";"11748,11749,11753,11754,11762,11763,11764,11769,11770,12048,12069,12367,12368,12382,12726,15014,11750,11751,11752,15586,11755,11759,11756,11757,11758,12586,11760,11761,12585,11765,11766,11767,11768,15089,11771,11772,11773,11774,15141,15142,11775,11776";"11748,11749,11753,11754,11763,11764,11769,11770,12048,12069,12367,12368,12382,12726,15014,11750,11751,11752,15586,11755,11759,11756,11757,11758,12586,11760,11761,12585,11765,11766,11767,11768,15089,11771,11772,11773,11774,15141,15142,11775,11776";"2"
"A";"";"11748";"Alteração Estatutária de Partido Político em Matéria Administrativa";"11747.0";"";"";"3"
"A";"";"11749";"Coligação Partidária";"11747.0";"11750,11751,11752";"11750,11751,11752";"3"
"A";"";"11750";"Coligação Partidária - Majoritária";"11749.0";"";"";"4"
"A";"";"11751";"Coligação Partidária - Majoritária e Proporcional";"11749.0";"";"";"4"
"A";"";"11752";"Coligação Partidária - Proporcional";"11749.0";"";"";"4"
"A";"";"11753";"Convenção Partidária";"11747.0";"15586";"15586";"3"
"A";"";"11754";"Filiação/Desfiliação";"11747.0";"11755,11759,11756,11757,11758,12586,11760,11761,12585";"11755,11759,11756,11757,11758,12586,11760,11761,12585";"3"
"A";"";"11755";"Filiação Partidária";"11754.0";"11756,11757,11758,12586";"11756,11757,11758,12586";"4"
"A";"";"11756";"Filiação Partidária - Cancelamento";"11755.0";"";"";"5"
"A";"2019-08-14 11:04:29";"11757";"Filiação Partidária - Coexistência";"11755.0";"";"";"5"
"A";"2019-08-14 11:04:46";"11758";"Filiação Partidária - Exclusão";"11755.0";"";"";"5"
"A";"";"11759";"Desfiliação Partidária";"11754.0";"11760,11761,12585";"11760,11761,12585";"4"
"A";"";"11760";"Justificação de Desfiliação Partidária";"11759.0";"";"";"5"
"A";"";"11761";"Perda de Cargo Eletivo por Desfiliação Partidária";"11759.0";"";"";"5"
"A";"";"11763";"Incorporação de Partidos Políticos";"11747.0";"";"";"3"
"A";"";"11764";"Órgão de Direção Partidária";"11747.0";"11765,11766,11767,11768,15089";"11765,11766,11767,11768,15089";"3"
"A";"";"11765";"Dissolução de Órgão de Direção Partidária";"11764.0";"";"";"4"
"A";"";"11766";"Partido Político - Órgão de Direção Estadual";"11764.0";"";"";"4"
"A";"";"11767";"Partido Político - Órgão de Direção Municipal";"11764.0";"";"";"4"
"A";"";"11768";"Partido Político - Órgão de Direção Nacional";"11764.0";"";"";"4"
"A";"";"11769";"Partido Político - Comissão Provisória";"11747.0";"";"";"3"
"A";"";"11770";"Propaganda Política";"11747.0";"11771,11772,11773,11774,15141,15142,11775,11776";"11771,11772,11773,11774,15141,15142,11775,11776";"3"
"A";"";"11771";"Propaganda Política - Propaganda Intrapartidária";"11770.0";"";"";"4"
"A";"";"11772";"Propaganda Política Partidária";"11770.0";"11773,11774,15141,15142,11775,11776";"11773,11774,15141,15142,11775,11776";"4"
"A";"";"11773";"Propaganda Política - Propaganda Partidária";"11772.0";"";"";"5"
"A";"";"11774";"Veiculação";"11772.0";"11775,11776";"11775,11776";"5"
"A";"";"11775";"Veiculação de Propaganda Partidária - Em Bloco";"11774.0";"";"";"6"
"A";"";"11776";"Veiculação de Propaganda Partidária - Em Inserções";"11774.0";"";"";"6"
"A";"";"11777";"Plebiscito";"11428.0";"";"";"2"
"A";"";"11778";"Requerimento";"11428.0";"";"";"2"
"A";"2010-08-17 12:09:50";"11779";"Contra o Ordenamento Urbano e o Patrimônio Cultural";"9878.0";"";"";"5"
"A";"2010-08-17 12:10:53";"11780";"Crimes contra o Ordenamento Urbano e o Patrimônio Cultural";"3618.0";"";"";"4"
"A";"2022-03-23 15:01:16";"11781";"Objetos de cartas precatórias cíveis/de ordem";"8826.0";"11782,11783,11784,11785,11786,15481,13045,13150";"11782,11783,11784,11785,11786,15481,13045,13150";"2"
"A";"";"11782";"Intimação";"11781.0";"";"";"3"
"A";"";"11783";"Citação";"11781.0";"";"";"3"
"A";"";"11784";"Oitiva";"11781.0";"";"";"3"
"A";"";"11785";"Diligências";"11781.0";"";"";"3"
"A";"";"11786";"Atos executórios";"11781.0";"13045,13150";"13045,13150";"3"
"A";"";"11797";"Entrada de aparelho telefônico de comunicação móvel em estabelecimento prisional";"5874.0";"";"";"3"
"A";"";"11802";"Ordem Urbanística";"9985.0";"11836,11837,11838,11839,11840";"11836,11837,11838,11839,11840";"2"
"A";"";"11803";"CONSELHOS";"9985.0";"11832,11833,11834,11835";"11832,11833,11834,11835";"2"
"A";"";"11804";"Programas de Arrendamento Residencial  PAR";"4839.0";"";"";"5"
"A";"";"11805";"Tabela Price";"4839.0";"";"";"5"
"A";"";"11806";"Empréstimo consignado";"7752.0";"";"";"4"
"A";"";"11807";"Tarifas";"7752.0";"";"";"4"
"A";"";"11808";"Capitalização e Previdência Privada";"7771.0";"";"";"3"
"A";"";"11809";"Transporte Aquaviário";"7771.0";"";"";"3"
"A";"";"11810";"Dever de Informação";"1156.0";"";"";"2"
"A";"";"11811";"Práticas Abusivas";"1156.0";"";"";"2"
"A";"";"11812";"Oferta e Publicidade";"1156.0";"";"";"2"
"A";"";"11814";"Transporte Ferroviário";"7776.0";"";"";"4"
"A";"";"11815";"Transporte Rodoviário";"7776.0";"";"";"4"
"A";"";"11816";"Infrações administrativas";"9964.0";"";"";"3"
"A";"";"11817";"Fundos";"9964.0";"";"";"3"
"A";"";"11818";"Medidas de proteção";"9964.0";"11996,11997,11998,11999,12000,12001,12002,12003,12004,12005";"11996,11997,11998,11999,12000,12001,12002,12003,12004,12005";"3"
"A";"";"11819";"Classificação indicativa";"9964.0";"";"";"3"
"A";"";"11820";"Entidades de atendimento";"9964.0";"";"";"3"
"A";"";"11821";"Conselhos tutelares";"9964.0";"";"";"3"
"A";"";"11822";"Mineração";"10110.0";"";"";"2"
"A";"";"11823";"Reserva legal";"10110.0";"";"";"2"
"A";"";"11824";"Recursos Hídricos";"10110.0";"";"";"2"
"A";"";"11825";"Poluição";"10110.0";"";"";"2"
"A";"";"11826";"Zoneamento Ecológico e Econômico";"10110.0";"";"";"2"
"A";"";"11827";"Zona Costeira";"10110.0";"";"";"2"
"A";"";"11828";"Área de Preservação Permanente";"10110.0";"";"";"2"
"A";"";"11829";"Produtos Controlados / Perigosos";"10110.0";"";"";"2"
"A";"";"11830";"Patrimônio Cultural";"10110.0";"";"";"2"
"A";"";"11831";"Controle Externo da atividade policial";"9985.0";"";"";"2"
"A";"";"11832";"Conselho do Idoso";"11803.0";"";"";"3"
"A";"";"11833";"Conselho da Comunidade";"11803.0";"";"";"3"
"A";"";"11834";"Conselho sobre Drogas";"11803.0";"";"";"3"
"A";"";"11835";"Conselho de Direitos da Criança e Adolescente";"11803.0";"";"";"3"
"A";"";"11836";"Parcelamento do Solo";"11802.0";"";"";"3"
"A";"";"11837";"Comércio Ambulante";"11802.0";"";"";"3"
"A";"";"11838";"Operações Urbanas Consorciadas";"11802.0";"";"";"3"
"A";"";"11839";"Posturas Municipais";"11802.0";"";"";"3"
"A";"";"11840";"Segurança em Edificações";"11802.0";"";"";"3"
"A";"";"11841";"Política Agrícola";"9985.0";"";"";"2"
"A";"";"11842";"Pessoa Idosa";"9986.0";"";"";"3"
"A";"";"11843";"Pessoas com deficiência";"9986.0";"";"";"3"
"A";"";"11844";"Minorias Étnicas";"9986.0";"";"";"3"
"A";"";"11845";"Comunicação Social";"9986.0";"";"";"3"
"A";"";"11846";"Moradia";"9986.0";"";"";"3"
"A";"2014-02-18 10:20:19";"11847";"Assistência Social";"9986.0";"";"";"3"
"A";"";"11848";"Alimentação";"9986.0";"";"";"3"
"A";"";"11849";"Não Discriminação";"9986.0";"";"";"3"
"A";"";"11858";"Recebimento de bolsa de estudos";"10288.0";"";"";"4"
"A";"";"11861";"Combustíveis e derivados";"7771.0";"";"";"3"
"A";"";"11862";"Saneamento";"10110.0";"";"";"2"
"A";"";"11863";"Responsabilidade Fiscal";"9985.0";"";"";"2"
"A";"";"11864";"Irregularidade no atendimento";"1156.0";"";"";"2"
"A";"";"11865";"Vendas casadas";"1156.0";"";"";"2"
"A";"";"11866";"Jogos / Sorteios / Promoções comerciais";"1156.0";"";"";"2"
"A";"";"11867";"Produto Impróprio";"6220.0";"";"";"3"
"A";"";"11870";"Utilização de bens públicos";"10089.0";"";"";"4"
"A";"";"11871";"Agências/órgãos de regulação";"10136.0";"";"";"3"
"A";"";"11872";"Sistema de proteção especial a vítimas e a testemunhas";"9985.0";"";"";"2"
"A";"";"11873";"Política fundiária e da reforma agrária";"9985.0";"";"";"2"
"A";"2014-06-02 14:32:03";"11895";"Crimes Previstos no Estatuto do Torcedor";"3603.0";"";"";"3"
"A";"";"11896";"Previstos no Estatuto do Torcedor";"9847.0";"";"";"4"
"A";"";"11897";"Crédito Especial";"10954.0";"";"";"3"
"A";"";"11898";"Crédito Extraordinário";"10954.0";"";"";"3"
"A";"";"11899";"Ato Normativo";"9997.0";"11900,11901,11902";"11900,11901,11902";"3"
"A";"";"11900";"Resolução";"11899.0";"";"";"4"
"A";"";"11901";"Recomendação";"11899.0";"";"";"4"
"A";"";"11902";"Resolução Conjunta";"11899.0";"";"";"4"
"A";"";"11903";"Concurso para magistrado";"10370.0";"";"";"3"
"A";"";"11904";"Prova Objetiva";"10370.0";"";"";"3"
"A";"";"11905";"Prova Subjetiva";"10370.0";"";"";"3"
"A";"";"11906";"Prova Prática-Sentença";"10370.0";"";"";"3"
"A";"";"11907";"Prova Oral";"10370.0";"";"";"3"
"A";"";"11908";"Reserva de Vagas";"10370.0";"";"";"3"
"A";"";"11909";"Concurso para servidor";"10370.0";"";"";"3"
"A";"";"11910";"Concurso para serventia extrajudicial";"10370.0";"";"";"3"
"A";"";"11911";"Juizados Especiais";"10187.0";"11912,11913";"11912,11913";"4"
"A";"";"11912";"Juiz Leigo";"11911.0";"";"";"5"
"A";"";"11913";"Composição de Turmas Recursais";"11911.0";"";"";"5"
"A";"";"11914";"Licença";"10187.0";"";"";"4"
"A";"";"11915";"Participação Societária";"10187.0";"";"";"4"
"A";"";"11916";"Plantão Judiciário";"10187.0";"";"";"4"
"A";"";"11917";"Residência";"10187.0";"";"";"4"
"A";"";"11918";"Substituição/Convocação em Tribunal";"10187.0";"";"";"4"
"A";"";"11919";"Violação Prerrogativa Advogado";"10187.0";"";"";"4"
"A";"";"11920";"Eleição";"10187.0";"11921,11922";"11921,11922";"4"
"A";"";"11921";"Cargos de Direção";"11920.0";"";"";"5"
"A";"";"11922";"Órgão Especial";"11920.0";"";"";"5"
"A";"";"11923";"Fraude / Quebra de ordem cronológica";"10672.0";"";"";"4"
"A";"";"11924";"Pagamento";"10672.0";"";"";"4"
"A";"";"11925";"Vacância";"10083.0";"";"";"5"
"A";"";"11926";"Remoção";"10083.0";"";"";"5"
"A";"";"11927";"Desmembramento";"10083.0";"";"";"5"
"A";"";"11928";"Cumulação";"10083.0";"";"";"5"
"A";"";"11929";"Emolumentos";"10083.0";"";"";"5"
"A";"";"11930";"Fraude";"10083.0";"";"";"5"
"A";"";"11931";"Gratuidade";"10083.0";"";"";"5"
"A";"";"11932";"Princípio da Territorialidade";"10083.0";"";"";"5"
"A";"";"11933";"Provimento Irregular";"10083.0";"";"";"5"
"A";"";"11934";"Registro Civil de Nascimento";"10083.0";"";"";"5"
"A";"";"11935";"Registro de Imóveis";"10083.0";"";"";"5"
"A";"";"11936";"Cessão";"10220.0";"";"";"4"
"A";"";"11937";"Desvio de Função";"10220.0";"";"";"4"
"A";"";"11938";"Provimento de Cargos";"10220.0";"";"";"4"
"A";"";"11939";"Entrada de aparelho telefônico de comunicação móvel em estabelecimento prisional";"9932.0";"";"";"4"
"A";"";"11940";"Inclusão do 13º salário (gratificação natalina) no PBC";"6127.0";"";"";"5"
"A";"";"11941";"Art. 26 da Lei 8.870/1994";"6120.0";"";"";"4"
"A";"";"11942";"Art. 29, § 5º, da Lei 8.213/1991";"6120.0";"";"";"4"
"A";"";"11943";"Art. 29, II, da Lei 8.213/1991";"6120.0";"";"";"4"
"A";"";"11944";"Alteração do teto máximo para o valor do benefício previdenciário do RGPS (EC 20 e 41)";"6120.0";"";"";"4"
"A";"";"11945";"Revisão do valor do benefício no primeiro reajuste após a concessão (Art. 21, § 3º, da Lei 8.880/1994)";"6149.0";"";"";"5"
"A";"2022-11-29 15:39:19";"11946";"Pessoa com Deficiência";"6114.0";"";"";"3"
"A";"";"11947";"Idoso";"6114.0";"";"";"3"
"A";"";"11948";"Inspeção";"10015.0";"";"";"4"
"A";"";"11949";"Revisão/Desconstituição de Ato Administrativo";"9997.0";"";"";"3"
"A";"";"11950";"Morosidade no Julgamento do Processo";"10187.0";"";"";"4"
"A";"";"11951";"Investigação Patrimonial";"10015.0";"";"";"4"
"A";"";"11952";"Apuração de Infração Disciplinar";"10187.0";"";"";"4"
"A";"";"11954";"Acidente de Trabalho - Ressarcimento ao Erário";"10439.0";"";"";"4"
"A";"";"11958";"Difusão culposa de doença ou praga";"3491.0";"";"";"3"
"A";"";"11959";"Receptação culposa";"3415.0";"";"";"3"
"A";"";"11960";"Receptação culposa";"9674.0";"";"";"4"
"A";"";"11961";"Incêndio culposo";"3491.0";"";"";"3"
"A";"";"11962";"Incêndio culposo";"9773.0";"";"";"4"
"A";"";"11963";"Explosão culposa";"3491.0";"";"";"3"
"A";"";"11964";"Explosão culposa";"9773.0";"";"";"4"
"A";"";"11965";"Uso culposo de gás tóxico ou asfixiante";"9773.0";"";"";"4"
"A";"";"11966";"Uso culposo de gás tóxico ou asfixiante";"3491.0";"";"";"3"
"A";"";"11967";"Inundação culposa";"3491.0";"";"";"3"
"A";"";"11968";"Inundação culposa";"9773.0";"";"";"4"
"A";"";"11969";"Desabamento ou desmoronamento culposo";"3491.0";"";"";"3"
"A";"";"11970";"Desabamento ou desmoronamento culposo";"9773.0";"";"";"4"
"A";"";"11971";"Difusão culposa de doença ou praga";"9773.0";"";"";"4"
"A";"";"11972";"Desastre ferroviário culposo";"3491.0";"";"";"3"
"A";"";"11973";"Desastre ferroviário culposo";"9773.0";"";"";"4"
"A";"";"11974";"Cláusulas Abusivas";"1156.0";"";"";"2"
"A";"";"11977";"Alienação Parental";"10577.0";"";"";"4"
"A";"";"11978";"Invasão de Dispositivo Informático";"3412.0";"";"";"3"
"A";"";"11979";"Violência Doméstica Contra a Mulher";"9634.0";"";"";"3"
"A";"";"11980";"Usucapião Conjugal";"10455.0";"";"";"5"
"A";"";"11981";"Exploração Sexual";"9964.0";"";"";"3"
"A";"";"11982";"Separação de Corpos";"9192.0";"";"";"3"
"A";"";"11984";"Medidas Protetivas";"10912.0";"";"";"3"
"A";"";"11985";"Extinção das Obrigaões do Falido";"4993.0";"";"";"4"
"A";"";"11986";"Suspensão ou Extinção do Poder Familiar";"10577.0";"12155,12156,12383";"12155,12156,12383";"4"
"A";"";"11987";"Aborto";"9635.0";"";"";"4"
"A";"";"11988";"Conversão da união estável em casamento";"5808.0";"";"";"4"
"A";"";"11989";"Nulidade de ato administrativo";"9997.0";"";"";"3"
"A";"";"11990";"Usucapião de bem móvel";"10455.0";"";"";"5"
"A";"";"11991";"Adjudicação de herança";"7673.0";"";"";"3"
"A";"";"11992";"Registro Civil de Pessoas Jurídicas";"7724.0";"";"";"2"
"A";"";"11996";"Encaminhamento aos pais ou responsável";"11818.0";"";"";"4"
"A";"";"11997";"Orientação e acompanhamento temporário";"11818.0";"";"";"4"
"A";"";"11998";"Matrícula e frequência obrigatória em escola oficial de ensino fundamental";"11818.0";"";"";"4"
"A";"";"11999";"Inclusão em programa de auxílio à família";"11818.0";"";"";"4"
"A";"";"12000";"Requisição de tratamento médico, psicológico ou psiquiátrico, em regime hospitalar ou ambulatorial";"11818.0";"";"";"4"
"A";"2022-06-09 14:58:13";"12001";"Inclusão em programa de auxílio, orientação e tratamento a alcoólatras e toxicômanos";"11818.0";"";"";"4"
"A";"";"12002";"Acolhimento institucional";"11818.0";"";"";"4"
"A";"";"12003";"Inclusão em programa de acolhimento familiar";"11818.0";"";"";"4"
"A";"";"12004";"Colocação em família substituta";"11818.0";"";"";"4"
"A";"";"12005";"Outras medidas de proteção";"11818.0";"";"";"4"
"A";"";"12006";"Evasão Escolar";"9964.0";"";"";"3"
"A";"";"12007";"Exploração Sexual ou Prostituição";"9964.0";"";"";"3"
"A";"";"12008";"Crimes da Lei do Planejamento Familiar";"3603.0";"";"";"3"
"A";"";"12009";"Roubo qualificado";"9674.0";"";"";"4"
"A";"";"12010";"Da Lei do Planejamento Familiar";"9847.0";"";"";"4"
"A";"";"12011";"Crimes Sobre Produção, Comércio e Transporte Clandestino de Açúcar e Álcool";"3603.0";"";"";"3"
"A";"";"12012";"Sobre Produção, Comércio e Transporte Clandestino de Açúcar e Álcool";"9847.0";"";"";"4"
"A";"";"12013";"Crime Relacionado à Exportação de Bens Sensíveis e Serviços Diretamente Relacionados";"3603.0";"";"";"3"
"A";"";"12014";"Relacionado à Exportação de Bens Sensíveis e Serviços Diretamente Relacionados";"9847.0";"";"";"4"
"A";"";"12015";"Crime da Lei Sobre Permissão de Lavra Garimpeira";"3603.0";"";"";"3"
"A";"";"12016";"da Lei Sobre Permissão de Lavra Garimpeira";"9847.0";"";"";"4"
"A";"";"12017";"Crimes da Lei que Proíbe Práticas Discriminatórias para Efeitos Trabalhistas";"3603.0";"";"";"3"
"A";"";"12018";"Da Lei que Proíbe Práticas Discriminatórias para Efeitos Trabalhistas";"9847.0";"";"";"4"
"A";"";"12019";"Crimes da Lei de Proteção à Propriedade Intelectual de Programa de Computador";"3603.0";"";"";"3"
"A";"";"12020";"Da Lei de Proteção à Propriedade Intelectual de Programa de Computador";"9847.0";"";"";"4"
"A";"";"12021";"Crimes da Lei de Locação de Imóveis Urbanos";"3603.0";"";"";"3"
"A";"";"12022";"Da Lei de Locação de Imóveis Urbanos";"9847.0";"";"";"4"
"A";"";"12023";"Crimes da Lei Geral da Copa";"3603.0";"";"";"3"
"A";"";"12024";"Da Lei Geral da Copa";"9847.0";"";"";"4"
"A";"";"12027";"Composição Civil";"4263.0";"";"";"3"
"A";"2018-06-27 10:23:08";"12030";"Internação Compulsória";"10688.0";"";"";"3"
"A";"";"12031";"Desapropriação para Regularização de Comunidade Quilombola / Dec. 4887/2003";"10120.0";"";"";"3"
"A";"";"12042";"Análise de Crédito";"7779.0";"";"";"4"
"A";"2015-08-20 11:42:15";"12044";"Registro de Candidatura - DRAP Partido/Coligação";"11615.0";"";"";"5"
"A";"";"12045";"Prestação de Contas";"11583.0";"12046,12047,12602,15690";"12046,12047,12602,15690";"3"
"A";"";"12046";"Prestação de Contas - De Candidato";"12045.0";"";"";"4"
"A";"";"12047";"Prestação de Contas - De Comitê Financeiro";"12045.0";"";"";"4"
"A";"";"12048";"Prestação de Contas - De Exercício Financeiro";"11747.0";"";"";"3"
"A";"";"12049";"Impugnação";"11583.0";"12050,12051,12052,12053,12054,12055,12056,14222,14223";"12050,12051,12052,12053,12054,12055,12056,14222,14223";"3"
"A";"";"12050";"Impugnação - Identidade de Eleitor Admitido a Votar";"12049.0";"";"";"4"
"A";"";"12051";"Impugnação - Inscrição Eleitoral";"12049.0";"";"";"4"
"A";"";"12052";"Impugnação - Nomeação de Membro da Junta Eleitoral";"12049.0";"";"";"4"
"A";"";"12053";"Impugnação - Nomeação de Membro da Mesa Receptora";"12049.0";"";"";"4"
"A";"";"12054";"Impugnação - Sistema Eletrônico de Votação";"12049.0";"";"";"4"
"A";"";"12055";"Impugnação - Transferência de Domicílio Eleitoral";"12049.0";"";"";"4"
"A";"";"12056";"Impugnação - Voto por Cédula";"12049.0";"";"";"4"
"A";"";"12062";"Captação ou Gasto Ilícito de Recursos Financeiros de Campanha Eleitoral";"11716.0";"";"";"4"
"A";"";"12063";"Conduta Vedada ao Agente Público";"11716.0";"";"";"4"
"A";"";"12064";"Meios Processuais";"11428.0";"15307";"15307";"2"
"A";"";"12069";"Prestação de Contas - de Partido Político";"11747.0";"";"";"3"
"A";"";"12090";"Perda ou Modificação de Guarda";"9964.0";"";"";"3"
"A";"";"12091";"Feminicídio";"3369.0";"";"";"3"
"A";"2016-09-05 14:28:48";"12130";"Homicídio Agravado pela Prática de  Extermínio de Seres Humanos";"3369.0";"";"";"3"
"A";"";"12131";"Homicídio Agravado pelo Extermínio de Seres Humanos";"9635.0";"";"";"4"
"A";"";"12155";"Suspensão do Poder Familiar";"11986.0";"";"";"5"
"A";"";"12156";"Extinção do Poder Familiar";"11986.0";"12383";"12383";"5"
"A";"";"12157";"Internação Provisória";"10688.0";"";"";"3"
"A";"";"12159";"Registro de Ocorrência pela PM";"1209.0";"";"";"2"
"A";"";"12160";"Requerimento de Reintegração de Posse";"10670.0";"";"";"4"
"A";"";"12161";"Requerimento de Apreensão de Veículo";"10670.0";"";"";"4"
"A";"";"12162";"Cremação/Traslado";"7673.0";"";"";"3"
"A";"2018-06-22 12:18:11";"12194";"Contra a Mulher";"5560.0";"";"";"4"
"A";"";"12195";"Contra pessoas não identificadas como mulher";"5560.0";"";"";"4"
"A";"";"12196";"Contra a mulher";"9647.0";"";"";"5"
"A";"";"12197";"Contra pessoas não identificadas como mulher";"9647.0";"";"";"5"
"A";"";"12216";"Seguro-defeso ao pescado artesanal profissional";"6094.0";"";"";"3"
"A";"";"12217";"Terrorismo";"287.0";"12218,12219,12220,12221";"12218,12219,12220,12221";"2"
"A";"";"12218";"Atos de Terrorismo";"12217.0";"";"";"3"
"A";"";"12219";"Organização Terrorista";"12217.0";"";"";"3"
"A";"";"12220";"Preparação de ato terrorista";"12217.0";"";"";"3"
"A";"";"12221";"Manutenção ou financiamento do terrorismo";"12217.0";"";"";"3"
"A";"";"12235";"Tutela";"5626.0";"12236,12237,12238,12239,12240";"12236,12237,12238";"3"
"A";"";"12236";"Nomeação";"12235.0";"";"";"4"
"A";"";"12237";"Dispensa";"12235.0";"";"";"4"
"A";"";"12238";"Remoção";"12235.0";"";"";"4"
"A";"";"12241";"Curatela";"5626.0";"12242,12243,12244,12245";"12242,12243,12244,12245";"3"
"A";"";"12242";"Levantamento";"12241.0";"";"";"4"
"A";"";"12243";"Remoção";"12241.0";"";"";"4"
"A";"";"12244";"Dispensa";"12241.0";"";"";"4"
"A";"";"12245";"Nomeação";"12241.0";"";"";"4"
"A";"2018-06-27 10:02:12";"12333";"Crimes previstos na Lei da Organização Criminosa";"287.0";"12334,12335,12336,12337,12338,12339";"12334,12335,12336,12337,12338,12339";"2"
"A";"";"12334";"Promoção, constituição, financiamento ou integração de Organização Criminosa";"12333.0";"";"";"3"
"A";"";"12335";"Crimes ocorridos na investigação da prova";"12333.0";"12336,12337,12338,12339";"12336,12337,12338,12339";"3"
"A";"";"12336";"Revelação de identidade, fotografia ou filmagem do colaborador";"12335.0";"";"";"4"
"A";"";"12337";"Imputação falsa de prática de infração penal ou revelação inverídica sobre estrutura de organização criminal";"12335.0";"";"";"4"
"A";"";"12338";"Descumprimento de determinação de sigilo";"12335.0";"";"";"4"
"A";"";"12339";"Recusa ou omissão de dados cadastrais, registros, documentos e informações";"12335.0";"";"";"4"
"A";"";"12340";"Provocação de tumulto ou conduta inconveniente";"3692.0";"";"";"3"
"A";"";"12341";"Apadrinhamento de Criança ou Adolescente";"9964.0";"14672,14673,14674,14675";"14672,14673,14674,14675";"3"
"A";"";"12342";"Crimes cometidos contra autoridade ou agente descrito nos arts. 142 e 143 da Constituição Federal, integrantes do sistema prisional e da Força Nacional de Segurança Pública";"287.0";"";"";"2"
"A";"";"12343";"Fabrico, comércio ou detenção de arma branca ou munição";"3692.0";"";"";"3"
"A";"";"12344";"Porte de arma (branca)";"3692.0";"";"";"3"
"A";"";"12345";"Vias de fato";"3692.0";"";"";"3"
"A";"";"12346";"Omissão de cautela na guarda ou condução de animal";"3692.0";"";"";"3"
"A";"";"12347";"Perturbação do trabalho ou do sossego alheios";"3692.0";"";"";"3"
"A";"";"12348";"Simulação de Qualidade de Funcionário";"3692.0";"";"";"3"
"A";"";"12349";"Uso ilegítimo de uniforme ou distintivo";"3692.0";"";"";"3"
"A";"";"12350";"Jogo de azar";"3692.0";"";"";"3"
"A";"";"12351";"Loteria não autorizada";"3692.0";"";"";"3"
"A";"";"12352";"Jogo do bicho";"3692.0";"";"";"3"
"A";"";"12353";"Servir bebidas alcóolicas a vulneráveis";"3692.0";"";"";"3"
"A";"";"12354";"Perturbação da tranquilidade";"3692.0";"";"";"3"
"A";"";"12355";"Omissão de comunicação de crime";"3692.0";"";"";"3"
"A";"";"12356";"Recusa de dados sobre a própria identificação ou qualificação";"3692.0";"";"";"3"
"A";"";"12358";"Feminicídio";"9635.0";"";"";"4"
"A";"";"12360";"Matéria Administrativa";"11557.0";"";"";"3"
"A";"";"12361";"Proposta de Alteração de Resolução";"11572.0";"";"";"4"
"A";"";"12362";"Autorização de Divulgação de Publicidade Institucional";"11583.0";"";"";"3"
"A";"";"12363";"Cancelamento de Registro de Candidatura";"11615.0";"";"";"5"
"A";"";"12364";"Debate Eleitoral";"11583.0";"";"";"3"
"A";"";"12365";"Enquete";"11583.0";"";"";"3"
"A";"";"12366";"Execução - Cumprimento de Sentença";"11729.0";"";"";"3"
"A";"";"12367";"Fundo Partidário";"11747.0";"";"";"3"
"A";"";"12368";"Registro de Partido Político";"11747.0";"";"";"3"
"A";"";"12378";"Aposentadoria compulsória (art. 42, V, Lei Complementar 35/1979)";"10191.0";"";"";"5"
"A";"";"12379";"Remoção Compulsória";"10193.0";"";"";"5"
"A";"";"12380";"Aposentadoria Compulsória";"10198.0";"";"";"5"
"A";"";"12381";"Remoção Compulsória";"10200.0";"";"";"5"
"A";"";"12382";"Fusão de Partidos Políticos";"11747.0";"";"";"3"
"A";"";"12383";"Perda por crime contra titular do mesmo poder ou descendente (L. 13.715/2018)";"12156.0";"";"";"6"
"A";"";"12384";"Importunação Sexual";"9740.0";"";"";"4"
"A";"2018-11-16 13:50:07";"12385";"Divulgação de cena de estupro, sexo ou pornografia";"9740.0";"";"";"4"
"A";"";"12392";"Inelegibilidade - Renúncia a cargo político na pendência de representação ou petição que possa levar a outra causa de inelegibilidade";"11595.0";"";"";"5"
"A";"";"12393";"Inelegibilidade - Exclusão do exercício de profissão";"11595.0";"";"";"5"
"A";"";"12395";"Inelegibilidade - Aposentadoria Compulsória ou PAD (magistrados e membros do MP)";"11595.0";"";"";"5"
"A";"";"12396";"Inelegibilidade - Demissão do serviço público";"11595.0";"";"";"5"
"A";"";"12397";"Importunação Sexual";"3463.0";"";"";"3"
"A";"";"12398";"Divulgação de cena de estupro, sexo ou pornografia";"3463.0";"";"";"3"
"A";"2023-09-27 16:57:39";"12399";"Aposentadoria Híbrida (Art. 48/106)";"6096.0";"14762";"14762";"4"
"A";"";"12400";"Nulidade - Ausência de publicidade de decisão";"8919.0";"";"";"4"
"A";"";"12401";"Nulidade - Ausência de Fundamentação de Decisão";"8919.0";"";"";"4"
"A";"";"12402";"Nulidade - Impedimento";"8919.0";"";"";"4"
"A";"";"12403";"Nulidade - Suspeição";"8919.0";"";"";"4"
"A";"";"12404";"Nulidade - Ausência de Nome das Partes";"8919.0";"";"";"4"
"A";"";"12405";"Nulidade - Ausência de Identificação de Advogado ou de Sociedade de Advogados";"8919.0";"";"";"4"
"A";"";"12406";"Nulidade - Ausência de Intimação do Ministério Público";"8919.0";"";"";"4"
"A";"";"12407";"Nulidade - Citação Sem Observância das Prescrições Legais";"8919.0";"";"";"4"
"A";"";"12410";"Nulidade - Intimação Sem Observância das Prescrições Legais";"8919.0";"";"";"4"
"A";"";"12411";"Nulidade - Título Extrajudicial Não Correspondente a Obrigação Certa, Líquida e Exigível ";"8919.0";"";"";"4"
"A";"2022-06-09 15:41:10";"12412";"Nulidade - Ausência de Citação ";"8919.0";"";"";"4"
"A";"";"12413";"Nulidade - Execução Instaurada Antes de Condição ou Termo";"8919.0";"";"";"4"
"A";"";"12414";"Ausência de Legitimidade para a Causa";"10736.0";"";"";"5"
"A";"";"12415";"Poderes, Deveres e Responsabilidades do Juiz";"8884.0";"";"";"4"
"A";"2018-11-23 16:03:29";"12416";"Tutela de Urgência";"9192.0";"";"";"3"
"A";"";"12417";"Tutela de Evidência";"9192.0";"";"";"3"
"A";"2018-11-23 16:11:12";"12418";"Revisão de Tutela Antecipada Antecedente";"9192.0";"";"";"3"
"A";"";"12419";"Provas em geral";"8990.0";"";"";"4"
"A";"";"12420";"Tempestividade";"9060.0";"14868,14869";"14868,14869";"4"
"A";"";"12426";"Proposta de Nova Resolução";"11572.0";"";"";"4"
"A";"2019-02-19 13:08:05";"12460";"Corregedoria Eleitoral";"11428.0";"12461,12462,12569,12570,12571,12574,12575,12581,12584,12572,12573,12576,12577,12578,12579,12580,12582,12583,12641";"12461,12462,12569,12570,12571,12574,12575,12581,12584,12572,12573,12576,12577,12578,12579,12580,12582,12583,12641";"2"
"A";"";"12461";"Correição ordinária";"12460.0";"";"";"3"
"A";"";"12462";"Correição extraordinária";"12460.0";"";"";"3"
"A";"";"12463";"Providência";"9997.0";"";"";"3"
"A";"";"12467";"QUESTÕES DE ALTA COMPLEXIDADE, GRANDE IMPACTO E REPERCUSSÃO";"";"12468,12469,12470,12471,12612,12620,14125,14679,15365";"12468,12469,12470,12471,12612,12620,15365";"1"
"A";"2023-03-31 17:12:50";"12468";"Barragem em Brumadinho";"12467.0";"";"";"2"
"A";"2023-03-31 17:11:13";"12469";"Incêndio Boate Kiss";"12467.0";"";"";"2"
"A";"2023-03-31 17:14:01";"12470";"Barragem em Mariana";"12467.0";"";"";"2"
"A";"2023-03-31 17:15:00";"12471";"Auditores Fiscais em Unaí";"12467.0";"";"";"2"
"A";"2019-07-04 15:54:31";"12480";"DIREITO DA SAÚDE";"";"12481,12482,12507,12520,12521,15218,15514,12483,12484,12485,12491,12511,12519,14759,12505,12506,12492,12493,12496,12494,12495,12497,12498,12499,12500,12501,12504,12502,12503,12512,12513,12514,12515,12516,12517,12518,12486,14760,12487,12488,12489,12490,12508,12509,12510";"12481,12482,12507,12520,12521,15218,15514,12483,12484,12485,12491,12511,12519,14759,12505,12506,12492,12493,12496,12494,12495,12497,12498,12499,12500,12501,12504,12502,12503,12512,12513,12514,12515,12516,12517,12518,12486,14760,12487,12488,12489,12490,12508,12509,12510";"1"
"A";"";"12481";"Pública";"12480.0";"12483,12484,12485,12491,12511,12519,14759,12505,12506,12492,12493,12496,12494,12495,12497,12498,12499,12500,12501,12504,12502,12503,12512,12513,12514,12515,12516,12517,12518";"12483,12484,12485,12491,12511,12519,14759,12505,12506,12492,12493,12496,12494,12495,12497,12498,12499,12500,12501,12504,12502,12503,12512,12513,12514,12515,12516,12517,12518";"2"
"A";"";"12482";"Suplementar";"12480.0";"12486,14760,12487,12488,12489,12490";"12486,14760,12487,12488,12489,12490";"2"
"A";"";"12483";"Internação/Transferência Hospitalar";"12481.0";"12505,12506";"12505,12506";"3"
"A";"";"12484";"Fornecimento de medicamentos";"12481.0";"12492,12493,12496,12494,12495";"12492,12493,12496,12494,12495";"3"
"A";"2019-07-04 15:30:13";"12485";"Fornecimento de insumos";"12481.0";"12497,12498,12499";"12497,12498,12499";"3"
"A";"";"12486";"Planos de saúde";"12482.0";"12487,12488,12489,12490";"12487,12488,12489,12490";"3"
"A";"";"12487";"Fornecimento de medicamentos";"12486.0";"";"";"4"
"A";"";"12488";"Reajuste contratual";"12486.0";"";"";"4"
"A";"";"12489";"Tratamento médico-hospitalar";"12486.0";"";"";"4"
"A";"";"12490";"Fornecimento de insumos";"12486.0";"";"";"4"
"A";"2019-07-04 15:35:58";"12491";"Tratamento médico-hospitalar";"12481.0";"12500,12501,12504,12502,12503";"12500,12501,12504,12502,12503";"3"
"A";"";"12492";"Registrado na ANVISA";"12484.0";"12494,12495";"12494,12495";"4"
"A";"";"12493";"Sem registro na ANVISA";"12484.0";"";"";"4"
"A";"";"12494";"Padronizado";"12492.0";"";"";"5"
"A";"";"12495";"Não padronizado";"12492.0";"";"";"5"
"A";"";"12496";"Oncológico";"12484.0";"";"";"4"
"A";"";"12497";"Curativos/Bandagem";"12485.0";"";"";"4"
"A";"";"12498";"Cadeira de rodas / cadeira de banho / cama hospitalar";"12485.0";"";"";"4"
"A";"";"12499";"Fraldas";"12485.0";"";"";"4"
"A";"";"12500";"Consulta";"12491.0";"";"";"4"
"A";"";"12501";"Cirurgia";"12491.0";"12502,12503";"12502,12503";"4"
"A";"";"12502";"Eletiva";"12501.0";"";"";"5"
"A";"";"12503";"Urgência";"12501.0";"";"";"5"
"A";"";"12504";"Diálise/Hemodiálise";"12491.0";"";"";"4"
"A";"";"12505";"Leito de enfermaria / leito oncológico";"12483.0";"";"";"4"
"A";"";"12506";"Unidade de terapia intensiva (UTI) / unidade de cuidados intensivos (UCI)";"12483.0";"";"";"4"
"A";"2019-07-04 15:54:57";"12507";"Mental";"12480.0";"12508,12509,12510";"12508,12509,12510";"2"
"A";"";"12508";"Internação compulsória";"12507.0";"";"";"3"
"A";"";"12509";"Internação involuntária";"12507.0";"";"";"3"
"A";"";"12510";"Internação voluntária";"12507.0";"";"";"3"
"A";"2019-07-04 15:59:26";"12511";"Sistema Único de Saúde (SUS)";"12481.0";"12512,12513,12514,12515,12516,12517,12518";"12512,12513,12514,12515,12516,12517,12518";"3"
"A";"";"12512";"Convênio médico com o SUS";"12511.0";"";"";"4"
"A";"";"12513";"Financiamento do SUS";"12511.0";"";"";"4"
"A";"";"12514";"Reajuste da tabela do SUS";"12511.0";"";"";"4"
"A";"";"12515";"Repasse de verbas do SUS";"12511.0";"";"";"4"
"A";"";"12516";"Ressarcimento do SUS";"12511.0";"";"";"4"
"A";"";"12517";"Terceirização do SUS";"12511.0";"";"";"4"
"A";"";"12518";"Controle Social e Conselhos de Saúde";"12511.0";"";"";"4"
"A";"";"12519";"Vigilância Sanitária e Epidemológica";"12481.0";"";"";"3"
"A";"";"12520";"Genética / Células Tronco";"12480.0";"";"";"2"
"A";"";"12521";"Doação e transplante de órgãos, tecidos ou partes";"12480.0";"";"";"2"
"A";"";"12542";"Real";"3397.0";"";"";"4"
"A";"";"12543";"Preconceituosa";"3397.0";"14100,14101,14102,14103,14104,14105,14106,14107,15126";"14100,14101,14102,14103,14104,14105,14106,14107,15126";"4"
"A";"";"12544";"Simples";"3397.0";"";"";"4"
"A";"";"12545";"Simples";"9658.0";"";"";"5"
"A";"";"12546";"Real";"9658.0";"";"";"5"
"A";"";"12547";"Preconceituosa";"9658.0";"14108,14109,14110,14111,14112,14113,14114,14115,15133";"14108,14109,14110,14111,14112,14113,14114,14115,15133";"5"
"A";"";"12563";"Alistamento Eleitoral - Estrangeiro";"11574.0";"";"";"3"
"A";"";"12564";"Alistamento Eleitoral - Fraude";"11574.0";"";"";"3"
"A";"";"12565";"Coincidência Biométrica";"11574.0";"";"";"3"
"A";"";"12566";"Ausência ou Abandono aos Trabalhos Eleitorais";"11583.0";"12567";"";"3"
"A";"";"12568";"Pedido de Dispensa de Convocação para Trabalhos Eleitorais";"11583.0";"";"";"3"
"A";"";"12569";"Dados Pessoais";"12460.0";"";"";"3"
"A";"";"12570";"Perda";"12460.0";"";"";"3"
"A";"";"12571";"Pluralidade de Inscrições";"12460.0";"12572,12573";"";"3"
"A";"";"12574";"Regularização da Base de Perda e Suspensão (BPSDP)";"12460.0";"";"";"3"
"A";"";"12575";"Regularização de Histórico";"12460.0";"12576,12577,12578,12579,12580";"12576,12577,12578,12579,12580";"3"
"A";"";"12576";"Regularização de Histórico - Exclusão de Códigos de ASE";"12575.0";"";"";"4"
"A";"";"12577";"Regularização de Histórico - Retificação de Data de Ocorrência, Motivo/Forma, Complemento e Situação";"12575.0";"";"";"4"
"A";"";"12578";"Regularização de Histórico - Lançamento de Códigos de ASE";"12575.0";"";"";"4"
"A";"2019-08-21 13:08:17";"12579";"Regularização de Histórico - Retificação de Dados Pessoais";"12575.0";"";"";"4"
"A";"";"12580";"Regularização de Histórico - Cancelamento por Equívoco";"12575.0";"";"";"4"
"A";"";"12581";"Reversão de Operação";"12460.0";"12582,12583,12641";"12582,12583,12641";"3"
"A";"";"12582";"Reversão de Operação - Revisão Equivocada";"12581.0";"";"";"4"
"A";"";"12583";"Reversão de Operação - Transferência Equivocada";"12581.0";"";"";"4"
"A";"";"12584";"Revogação";"12460.0";"";"";"3"
"A";"";"12585";"Reversão de Desfiliação";"11759.0";"";"";"5"
"A";"";"12586";"Filiação Partidária - Lista Especial";"11755.0";"";"";"5"
"A";"";"12587";"Inspeção das Rotinas Administrativas";"10015.0";"";"";"4"
"A";"";"12588";"Crimes Conexos";"287.0";"";"";"2"
"A";"";"12589";"Apuração de Irregularidade no Serviço Público";"10279.0";"";"";"4"
"A";"";"12590";"Apuração de Irregularidade na Conduta Funcional";"11562.0";"";"";"4"
"A";"";"12591";"Assegurar Conhecimento de Informações Relativas à Pessoa do Impetrante";"11702.0";"";"";"4"
"A";"";"12592";"Direito Líquido e Certo";"11702.0";"";"";"4"
"A";"";"12593";"Impugnação de Ato Judicial";"11702.0";"";"";"4"
"A";"";"12594";"Inviabilidade do Exercício dos Direitos e Liberdades Constitucionais";"11702.0";"";"";"4"
"A";"";"12595";"Inviabilidade do Exercício das Prerrogativas Inerentes à Nacionalidade, à Soberania e à Cidadania";"11702.0";"";"";"4"
"A";"";"12596";"Retificação de Dados";"11702.0";"";"";"4"
"A";"2021-08-30 11:32:29";"12597";"Candidatura Fictícia";"11716.0";"";"";"4"
"A";"";"12598";"Requerimento de Regularização da Situação de Inadimplência de Prestação de Contas";"11428.0";"";"";"2"
"A";"";"12599";"Requerimento de Acesso ao Sistema Interno de Controle e Dados de Pesquisas Eleitorais";"11428.0";"";"";"2"
"A";"";"12600";"Candidato Eleito";"11584.0";"";"";"4"
"A";"";"12601";"Candidato Não-Eleito";"11584.0";"";"";"4"
"A";"";"12602";"Prestação de Contas - de Partido Político";"12045.0";"";"";"4"
"A";"";"12603";"Revisão de Eleitorado";"11428.0";"12604,12605";"12604,12605";"2"
"A";"";"12604";"Revisão de Eleitorado - Cadastramento Biométrico";"12603.0";"";"";"3"
"A";"";"12605";"Revisão de Eleitorado - Depuração de Cadastro";"12603.0";"";"";"3"
"A";"";"12612";"COVID-19";"12467.0";"";"";"2"
"A";"";"12620";"Migrantes e Refugiados";"12467.0";"";"";"2"
"A";"";"12634";"Apropriação Indébita Eleitoral";"11467.0";"";"";"4"
"A";"";"12635";"Propaganda Política - Propaganda Eleitoral - Divulgação de Notícia  Sabidamente Falsa";"11652.0";"";"";"4"
"A";"";"12636";"Propaganda Política - Propaganda Eleitoral - Telemarketing";"11652.0";"";"";"4"
"A";"";"12637";"Propaganda Política - Propaganda Eleitoral - Redes Sociais";"11652.0";"";"";"4"
"A";"";"12638";"Propaganda Política - Propaganda Eleitoral - Impulsionamento";"11652.0";"";"";"4"
"A";"";"12639";"Propaganda Política - Propaganda Eleitoral - Aplicativo de Mensagem Instantânea";"11652.0";"";"";"4"
"A";"";"12640";"Arquivamento de Procedimento Investigatório Criminal - PIC-MP";"10604.0";"";"";"3"
"A";"";"12641";"Reversão de Operação - Segunda Via";"12581.0";"";"";"4"
"A";"";"12642";"Processamento de Recurso Contra Expedição de Diploma";"11557.0";"";"";"3"
"A";"";"12643";"Processamento de Lista Tríplice";"11565.0";"";"";"5"
"A";"";"12644";"Requerimentos Relativos ao Horário Eleitoral Gratuito";"11669.0";"";"";"5"
"A";"";"12645";"Autos Suplementares";"11428.0";"";"";"2"
"A";"";"12725";"Regularização de Contas Eleitorais";"11692.0";"";"";"5"
"A";"";"12726";"Regularização de Contas Anuais";"11747.0";"";"";"3"
"A";"";"12731";"Transação Penal";"7942.0";"";"";"3"
"A";"";"12732";"Suspensão Condicional de Processo";"7942.0";"";"";"3"
"A";"2020-06-22 19:28:11";"12734";"DIREITO ASSISTENCIAL";"";"6114,12754,15221,15368,15515,15516,11946,11947";"6114,12754,15221,15368,15515,15516,11946,11947";"1"
"A";"";"12754";"Auxílio Emergencial (Lei 13.982/2020)";"12734.0";"";"";"2"
"A";"";"12755";"Direito Coletivo";"12943.0";"12756,12757,12758";"12756,12757,12758";"3"
"A";"";"12756";"Interesses ou Direitos Difusos";"12755.0";"";"";"4"
"A";"";"12757";"Interesses ou Direitos Coletivos em Sentido Estrito";"12755.0";"";"";"4"
"A";"";"12758";"Interesses ou Direitos Individuais Homogêneos";"12755.0";"";"";"4"
"A";"";"12770";"Obras Públicas";"10421.0";"";"";"3"
"A";"";"12771";"Reconhecimento de Paternidade/Maternidade Socioafetiva";"7725.0";"";"";"3"
"A";"";"12772";"Anúncio de Processo, Substância ou Objeto Destinado a Provocar Aborto ";"3692.0";"";"";"3"
"A";"";"12773";"Internação Não Autorizada em Estabelecimento Psiquiátrico";"3692.0";"";"";"3"
"A";"";"12774";"Custódia de Doente Mental Sem Autorização do Responsável";"3692.0";"";"";"3"
"A";"2021-07-14 11:10:54";"12775";"DIREITO À EDUCAÇÃO";"";"12793,12794,12795,12796,12797,12798,12799,12800,12801,12802,12832,12835,12815,12816,12817,12818,12819,12820,12821,12822,12823,12824,12825,12826,12915,12841,12842,12843,12847,12848,12849,12929,12844,12845,12846,12803,12804,12805,12806,12807,12808,12809,12810,14177,14178,14179,14240,12893,12894,12895,12896,12897,12898,12899,12902,12905,12900,12901,12914,12903,12904,12912,12906,12907,12913,12908,12909,12910,12911,12827,12828,12829,12830,12831,12852,12853,12854,12855,12856,12857,12858,12859,12860,12861,12862,12863,12864,12865,12920,12922,12923,12926,12927,12928,12811,12812,12813,12814,12839,12840,12921,12924,12866,12868,12875,12876,12879,12881,12885,12888,12891,12867,12869,12870,12871,12872,12873,12874,12877,12878,12880,12882,12883,12884,12886,12887,12889,12890,12892,12837,12925,12838,12850,12916,12917,12851,12919,12918,12833,12834,12836";"12793,12794,12795,12796,12797,12798,12799,12800,12801,12802,12832,12835,12815,12816,12817,12818,12819,12820,12821,12822,12823,12824,12825,12826,12915,12841,12842,12843,12847,12848,12849,12929,12844,12845,12846,12803,12804,12805,12806,12807,12808,12809,12810,14177,14178,14179,14240,12893,12894,12895,12896,12897,12898,12899,12902,12905,12900,12901,12914,12903,12904,12912,12906,12907,12913,12908,12909,12910,12911,12827,12828,12829,12830,12831,12852,12853,12854,12855,12856,12857,12858,12859,12860,12861,12862,12863,12864,12865,12920,12922,12923,12926,12927,12928,12811,12812,12813,12814,12839,12840,12921,12924,12866,12868,12875,12876,12879,12881,12885,12888,12891,12867,12869,12870,12871,12872,12873,12874,12877,12878,12880,12882,12883,12884,12886,12887,12889,12890,12892,12837,12925,12838,12850,12916,12917,12851,12919,12918,12833,12834,12836";"1"
"A";"2021-07-14 11:21:54";"12793";"Educação Básica";"12775.0";"12815,12816,12817,12818,12819,12820,12821,12822,12823,12824,12825,12826,12915";"12815,12816,12817,12818,12819,12820,12821,12822,12823,12824,12825,12826,12915";"2"
"A";"2021-07-14 11:31:09";"12794";"Permanência";"12775.0";"12841,12842,12843,12847,12848,12849,12929,12844,12845,12846";"12841,12842,12843,12848,12849,12929,12844,12845,12846";"2"
"A";"2021-07-14 11:18:51";"12795";"Acesso";"12775.0";"12803,12804,12805,12806,12807,12808,12809,12810,14177,14178,14179,14240,12893,12894,12895,12896,12897,12898,12899,12902,12905,12900,12901,12914,12903,12904,12912,12906,12907,12913,12908,12909,12910,12911";"12803,12804,12805,12806,12807,12808,12809,12810,14177,14178,14179,14240,12893,12894,12895,12896,12897,12898,12899,12902,12905,12900,12901,12914,12903,12904,12912,12906,12907,12913,12908,12909,12910,12911";"2"
"A";"2021-07-14 11:25:27";"12796";"Educação Especial";"12775.0";"12827,12828,12829,12830,12831";"12827,12828,12829,12830,12831";"2"
"A";"2021-07-14 11:34:57";"12797";"Qualidade";"12775.0";"12852,12853,12854,12855,12856,12857,12858,12859,12860,12861,12862,12863,12864,12865,12920,12922,12923,12926,12927,12928";"12852,12853,12854,12855,12856,12857,12858,12859,12860,12861,12862,12863,12864,12865,12920,12922,12926,12927,12928";"2"
"A";"2021-07-14 11:19:16";"12798";"Avaliação e Controle";"12775.0";"12811,12812,12813,12814";"12811,12812,12813,12814";"2"
"A";"2021-07-14 11:29:58";"12799";"Gestão";"12775.0";"12839,12840,12921,12924";"12839,12840,12921,12924";"2"
"A";"2021-07-14 11:40:28";"12800";"Valorização do Magistério e dos Profissionais da Educação ";"12775.0";"12866,12868,12875,12876,12879,12881,12885,12888,12891,12867,12869,12870,12871,12872,12873,12874,12877,12878,12880,12882,12883,12884,12886,12887,12889,12890,12892";"12866,12868,12875,12876,12879,12881,12885,12888,12891,12867,12869,12870,12871,12872,12873,12874,12877,12878,12880,12882,12883,12884,12886,12887,12889,12890,12892";"2"
"A";"2021-07-14 11:29:29";"12801";"Financiamento";"12775.0";"12837,12925,12838";"12837,12925,12838";"2"
"A";"2021-07-14 11:34:04";"12802";"Planos Decenais";"12775.0";"12850,12916,12917,12851,12919,12918";"12850,12916,12917,12851,12919,12918";"2"
"A";"2021-07-14 11:17:06";"12803";"Vaga";"12795.0";"12893,12894,12895,12896,12897,12898";"12893,12894,12895,12896,12897";"3"
"A";"2021-07-14 11:14:10";"12804";"Processo Seletivo";"12795.0";"12899,12902,12905,12900,12901,12914,12903,12904,12912,12906,12907,12913";"12899,12902,12905,12900,12901,12914,12903,12904,12912,12906,12907,12913";"3"
"A";"2021-07-14 11:13:51";"12805";"Acesso sem Conclusão do Ensino Médio";"12795.0";"";"";"3"
"A";"2021-07-14 11:13:20";"12806";"Convalidação de Estudos e Reconhecimento de Diploma";"12795.0";"";"";"3"
"A";"2021-07-14 11:16:40";"12807";"Transferência Discente";"12795.0";"12908,12909";"12908,12909";"3"
"A";"2021-01-18 13:09:35";"12808";"Cobrança de Taxa de Matrícula";"12795.0";"";"";"3"
"A";"2021-07-14 11:12:53";"12809";"Cota para Ingresso - Ações Afirmativas";"12795.0";"";"";"3"
"A";"2021-07-14 11:12:36";"12810";"Itinerários Formativos";"12795.0";"12910,12911";"12910,12911";"3"
"A";"2021-07-14 11:21:12";"12811";"Autorização e Reconhecimento de Cursos";"12798.0";"";"";"3"
"A";"2021-07-14 11:21:33";"12812";"Credenciamento e Recredenciamento";"12798.0";"";"";"3"
"A";"2021-07-14 11:21:43";"12813";"Enade";"12798.0";"";"";"3"
"A";"2021-07-14 11:20:51";"12814";"Autorização de Funcionamento/Fiscalização de Estabelecimentos de Ensino";"12798.0";"";"";"3"
"A";"2021-07-14 11:24:27";"12815";"Ensino Médio Regular";"12793.0";"";"";"3"
"A";"2021-07-14 11:22:29";"12816";"Educação Fundamental Regular - Anos Finais";"12793.0";"";"";"3"
"A";"2021-07-14 11:22:52";"12817";"Educação Fundamental Regular - Anos Iniciais";"12793.0";"";"";"3"
"A";"2021-07-14 11:23:09";"12818";"Educação Infantil - Creche";"12793.0";"";"";"3"
"A";"2021-07-14 11:23:25";"12819";"Educação Infantil - Pré-Escola";"12793.0";"";"";"3"
"A";"2021-07-14 11:24:16";"12820";"EJA - Ensino Médio";"12793.0";"";"";"3"
"A";"2021-07-14 11:24:02";"12821";"EJA - Ensino Fundamental - Anos Iniciais";"12793.0";"";"";"3"
"A";"2021-07-14 11:23:47";"12822";"EJA - Ensino Fundamental - Anos Finais";"12793.0";"";"";"3"
"A";"2021-07-14 11:25:14";"12823";"Sistema Socioeducativo";"12793.0";"";"";"3"
"A";"2021-07-14 11:24:45";"12824";"Indígenas";"12793.0";"";"";"3"
"A";"2021-07-14 11:24:55";"12825";"Quilombolas";"12793.0";"";"";"3"
"A";"2021-07-14 11:24:36";"12826";"Ensino Noturno";"12793.0";"";"";"3"
"A";"2021-07-14 11:27:33";"12827";"Profissionais de Apoio";"12796.0";"";"";"3"
"A";"2021-07-14 11:27:44";"12828";"Sala de Recursos Multifuncionais";"12796.0";"";"";"3"
"A";"2021-07-14 11:26:28";"12829";"Institucionalização Pedagógica do Atendimento Educacional Especializado";"12796.0";"";"";"3"
"A";"2021-07-14 11:25:42";"12830";"Acessibilidade Física";"12796.0";"";"";"3"
"A";"2021-07-14 11:27:19";"12831";"Material Didático Especializado, Tecnologias Assistivas e Suporte";"12796.0";"";"";"3"
"A";"2021-07-14 11:28:00";"12832";"Educação Superior";"12775.0";"12833,12834";"12833,12834";"2"
"A";"2021-07-14 11:28:44";"12833";"Graduação (Bacharelado, Licenciatura, Profissional Tecnológica)";"12832.0";"";"";"3"
"A";"2021-07-14 11:28:56";"12834";"Pós-Graduação";"12832.0";"";"";"3"
"A";"2021-07-14 11:29:14";"12835";"Ensino à Distância";"12775.0";"12836";"";"2"
"A";"2020-10-08 14:49:54";"12837";"Despesa";"12801.0";"12838";"12838";"3"
"A";"2021-07-14 11:29:47";"12838";"Manutenção e Desenvolvimento do Ensino";"12837.0";"";"";"4"
"A";"2021-07-14 11:30:56";"12839";"Estatutos e Regimentos - Regras de Convivência e Sanções Disciplinares";"12799.0";"";"";"3"
"A";"2021-07-14 11:30:18";"12840";"Autonomia da Instituição de Ensino";"12799.0";"";"";"3"
"A";"2021-07-14 11:32:03";"12841";"Mensalidades";"12794.0";"";"";"3"
"A";"2021-07-14 11:31:44";"12842";"Expedição de Diplomas e Omissão na Entrega das Notas";"12794.0";"";"";"3"
"A";"2021-07-14 11:33:29";"12843";"Programas de Bolsas e Financiamento Estudantil com Recursos Públicos ";"12794.0";"12844,12845,12846";"12844,12845,12846";"3"
"A";"2021-07-14 11:33:39";"12844";"Fies";"12843.0";"";"";"4"
"A";"2021-07-14 11:33:52";"12845";"Prouni";"12843.0";"";"";"4"
"A";"2021-07-14 11:33:45";"12846";"Outros";"12843.0";"";"";"4"
"A";"2021-07-14 11:31:24";"12848";"Evasão e Abandono";"12794.0";"";"";"3"
"A";"2021-07-14 11:32:57";"12849";"Programas de Assistência Estudantil - Alimentação, Moradia, Creche, Transporte ";"12794.0";"";"";"3"
"A";"2021-07-14 11:34:25";"12850";"Plano Municipal de Educação";"12802.0";"12851";"12851";"3"
"A";"2021-07-14 11:34:46";"12851";"Processo de Elaboração";"12850.0";"";"";"4"
"A";"2021-07-14 11:36:53";"12852";"Distorção de Série/Idade";"12797.0";"";"";"3"
"A";"2021-07-14 11:37:28";"12853";"Exames de Certificação - Diploma";"12797.0";"";"";"3"
"A";"2021-07-14 11:38:17";"12854";"Infrequência Escolar";"12797.0";"";"";"3"
"A";"2021-07-14 11:39:43";"12855";"Transporte";"12797.0";"";"";"3"
"A";"2021-07-14 11:38:27";"12856";"Material Didático";"12797.0";"";"";"3"
"A";"2021-07-14 11:35:49";"12857";"Bullying, Violência e Discriminação";"12797.0";"";"";"3"
"A";"2021-07-14 11:37:47";"12858";"Formação Técnica Profissional";"12797.0";"";"";"3"
"A";"2021-07-14 11:38:38";"12859";"Período Integral";"12797.0";"";"";"3"
"A";"2021-07-14 11:38:54";"12860";"Quantidade de Alunos por Sala";"12797.0";"";"";"3"
"A";"2021-07-14 11:40:05";"12861";"Relações Étnico-Raciais";"12797.0";"";"";"3"
"A";"2021-07-14 11:35:10";"12862";"Alimentação Escolar";"12797.0";"";"";"3"
"A";"2021-07-14 11:39:33";"12863";"Regime Hospitalar ou Domiciliar durante Período de Internação";"12797.0";"";"";"3"
"A";"2021-07-14 11:37:59";"12864";"Infraestrutura";"12797.0";"";"";"3"
"A";"2021-07-14 11:37:15";"12865";"Estudos de Recuperação";"12797.0";"";"";"3"
"A";"2021-07-14 11:44:38";"12866";"Jornada de Trabalho";"12800.0";"12867";"12867";"3"
"A";"2021-07-14 11:45:08";"12867";"Carga Horária de Aulas/Processo de Atribuição de Aulas e Classes";"12866.0";"";"";"4"
"A";"2021-07-14 11:40:48";"12868";"Absenteísmo Docente";"12800.0";"12869,12870,12871,12872,12873,12874";"12869,12870,12871,12872,12873,12874";"3"
"A";"2021-07-14 11:41:39";"12869";"Licenças";"12868.0";"12871,12872";"12871,12872";"4"
"A";"2021-07-14 11:41:03";"12870";"Faltas";"12868.0";"12873,12874";"12873,12874";"4"
"A";"2021-07-14 11:41:49";"12871";"Licença Saúde";"12869.0";"";"";"5"
"A";"2021-07-14 11:41:58";"12872";"Outras Licenças";"12869.0";"";"";"5"
"A";"2021-07-14 11:41:15";"12873";"Faltas Justificadas";"12870.0";"";"";"5"
"A";"2021-07-14 11:41:30";"12874";"Faltas não Justificadas";"12870.0";"";"";"5"
"A";"2021-07-14 11:42:12";"12875";"Aposentadoria Especial";"12800.0";"";"";"3"
"A";"2021-07-14 11:42:57";"12876";"Espécies de Vínculo de Trabalho";"12800.0";"12877,12878";"12877,12878";"3"
"A";"2021-07-14 11:43:13";"12877";"Contrato Temporário";"12876.0";"";"";"4"
"A";"2021-07-14 11:43:22";"12878";"Estatutário";"12876.0";"";"";"4"
"A";"2021-07-14 11:42:27";"12879";"Ensino à Distância";"12800.0";"12880";"12880";"3"
"A";"2021-07-14 11:42:36";"12880";"Certificação";"12879.0";"";"";"4"
"A";"2021-07-14 11:45:27";"12881";"Plano de Carreira";"12800.0";"12882,12883,12884";"12882,12883,12884";"3"
"A";"2021-07-14 11:45:55";"12882";"Progressão";"12881.0";"";"";"4"
"A";"2021-07-14 11:45:35";"12883";"Certificação";"12881.0";"";"";"4"
"A";"2021-07-14 11:45:46";"12884";"Concurso de Ingresso";"12881.0";"";"";"4"
"A";"2021-07-14 11:46:06";"12885";"Remuneração";"12800.0";"12886,12887";"12887";"3"
"A";"2021-07-14 11:46:15";"12887";"Piso Salarial";"12885.0";"";"";"4"
"A";"2021-07-14 11:43:50";"12888";"Greve";"12800.0";"12889,12890";"12889,12890";"3"
"A";"2021-07-14 11:44:15";"12889";"Contrato Temporário";"12888.0";"";"";"4"
"A";"2021-07-14 11:44:24";"12890";"Outros";"12888.0";"";"";"4"
"A";"2021-07-14 11:43:32";"12891";"Formação";"12800.0";"12892";"12892";"3"
"A";"2021-07-14 11:43:40";"12892";"Continuada";"12891.0";"";"";"4"
"A";"2021-07-14 11:17:28";"12893";"Ausência de Vaga";"12803.0";"";"";"4"
"A";"2021-07-14 11:17:38";"12894";"Corte Etário";"12803.0";"";"";"4"
"A";"2021-07-14 11:17:18";"12895";"Acesso Próximo do Domicílio";"12803.0";"";"";"4"
"A";"2021-07-14 11:18:05";"12896";"Matrícula de Irmãos na Mesma Escola";"12803.0";"";"";"4"
"A";"2021-07-14 11:18:32";"12897";"Prioridade de Matrícula para Alunos com Deficiência";"12803.0";"";"";"4"
"A";"2021-07-14 11:14:51";"12899";"Vestibular";"12804.0";"12900,12901,12914";"12900,12901,12914";"4"
"A";"2021-07-14 11:15:13";"12900";"Acessibilidade";"12899.0";"";"";"5"
"A";"2021-07-14 11:15:23";"12901";"Outros";"12899.0";"";"";"5"
"A";"2021-07-14 11:14:32";"12902";"Exames Oficiais para Ingresso - Enem";"12804.0";"12903,12904,12912";"12903,12904,12912";"4"
"A";"2021-07-14 11:15:53";"12903";"Acessibilidade";"12902.0";"";"";"5"
"A";"2021-07-14 11:15:59";"12904";"Outros";"12902.0";"";"";"5"
"A";"2021-07-14 11:14:40";"12905";"Outros";"12804.0";"12906,12907,12913";"12906,12907,12913";"4"
"A";"2021-07-14 11:15:34";"12906";"Acessibilidade";"12905.0";"";"";"5"
"A";"2021-07-14 11:15:41";"12907";"Outros";"12905.0";"";"";"5"
"A";"2021-07-14 11:16:47";"12908";"Militar";"12807.0";"";"";"4"
"A";"2021-07-14 11:16:55";"12909";"Outras";"12807.0";"";"";"4"
"A";"2021-07-14 11:12:05";"12910";"Formação Técnica e Profissional";"12810.0";"";"";"4"
"A";"2021-07-14 11:11:43";"12911";"Itinerários Formativos do Ensino Médio";"12810.0";"";"";"4"
"A";"";"12912";"Taxa de Inscrição";"12902.0";"";"";"5"
"A";"";"12913";"Taxa de Inscrição";"12905.0";"";"";"5"
"A";"";"12914";"Taxa de Inscrição";"12899.0";"";"";"5"
"A";"";"12915";"Sistema Prisional";"12793.0";"";"";"3"
"A";"";"12916";"Plano Estadual de Educação";"12802.0";"12919";"12919";"3"
"A";"";"12917";"Plano Nacional de Educação";"12802.0";"12918";"12918";"3"
"A";"";"12918";"Processo de Elaboração";"12917.0";"";"";"4"
"A";"";"12919";"Processo de Elaboração";"12916.0";"";"";"4"
"A";"";"12920";"Residência Médica";"12797.0";"";"";"3"
"A";"";"12921";"Penalidades Disciplinares";"12799.0";"";"";"3"
"A";"";"12922";"Omissão na Entrega de Notas";"12797.0";"";"";"3"
"A";"";"12924";"Jubilamento de Aluno";"12799.0";"";"";"3"
"A";"";"12925";"Financiamento Privado do Ensino Superior e/ou Pesquisa";"12801.0";"";"";"3"
"A";"";"12926";"Exigência de Estágio Profissionalizante";"12797.0";"";"";"3"
"A";"";"12927";"Currículo Escolar";"12797.0";"";"";"3"
"A";"";"12928";"Colisão de Horário";"12797.0";"";"";"3"
"A";"";"12929";"Colação de Grau";"12794.0";"";"";"3"
"A";"";"12930";"Cursos Extracurriculares";"1156.0";"12931,12932";"12931,12932";"2"
"A";"";"12931";"Cobrança";"12930.0";"12932";"12932";"3"
"A";"";"12932";"Mensalidades";"12931.0";"";"";"4"
"A";"";"12933";"Ação Rescisória ";"8826.0";"12947,12957,12967,12970,12971,12972,12982,12983,12985,12992,12995,12996,13001,13002,13005,13015,13025,13027,13030,13034,13038,13043,13148,13298,13320,13610,13329,13342,13257,13314,13478,13270,13602,13612,13220,13116,13050,13266,13322,13244,13311,13207,13300,13269,13287,13468,13145";"12947,12957,12967,12970,12971,12972,12982,12983,12985,12992,12995,12996,13001,13002,13005,13015,13025,13027,13030,13034,13038,13043,13148,13298,13320,13610,13329,13342,13257,13314,13478,13270,13602,13612,13220,13116,13050,13266,13322,13244,13311,13207,13300,13269,13287,13468,13145";"2"
"A";"";"12934";"Acordo Extrajudicial ";"8826.0";"12994,13040";"12994,13040";"2"
"A";"2021-01-20 09:40:40";"12935";"Bem de Família Legal";"899.0";"";"";"2"
"A";"";"12936";"Direito Individual do Trabalho ";"864.0";"12948,12950,12960,12961,12975,12976,12979,13041,13626,13641,13707,13764,13809,13815,13831,13949,14007,14031,14034,13168,13211,13074,13112,13373,13412,13425,13476,13176,13191,13215,13290,13177,13291,13134,13199,13226,13229,13627,13640,13628,13629,13630,13631,13632,13633,13634,13635,13636,13637,13638,13639,13642,13643,13644,13645,13646,13647,13648,13649,13650,13651,13652,13653,13654,13655,13656,13657,13658,13659,13660,13661,13662,13663,13664,13665,13666,13667,13668,13669,13670,13671,13672,13673,13674,13675,13676,13677,13678,13679,13697,13698,13699,13700,13706,14117,13680,13681,13682,13683,13684,13685,13686,13687,13688,13689,13690,13691,13692,13693,13694,13695,13696,13701,13702,13703,13704,13705,13708,13709,13710,13711,13712,13713,13714,13715,13716,13717,13718,13719,13720,13721,13722,13723,13724,13725,13726,13727,13728,13729,13730,13731,13732,13733,13734,13735,13736,13737,13739,13738,13740,13741,13742,13743,13744,13745,13746,13747,13748,13749,13750,13751,13752,13753,13754,13755,13756,14654,14655,14656,14657,14658,13757,13758,13759,13760,13761,13762,13763,13765,13766,13767,13768,13769,13770,13771,13772,13773,13774,13775,13776,13777,13778,13779,13780,13781,13782,13783,13784,13785,13786,13787,13788,13789,13790,13791,13792,13793,13794,13795,13796,13797,13798,13799,13800,13801,13802,13803,13804,13805,13806,13807,13808,13810,13811,13812,13813,13814,13816,13817,13818,13819,13820,13821,13822,13823,13824,13825,13826,13827,13828,13829,13830,13832,13833,13834,13835,13836,13837,13838,13839,13840,13841,13842,13843,13844,13845,13846,13847,13848,13849,13850,13851,13852,13853,13854,13855,13856,13857,13858,13859,13860,13861,13862,13863,13864,14119,13865,13866,13867,13868,13869,13870,13871,13872,13873,13874,13875,13876,13877,13878,13879,13880,13881,13882,13883,13884,13885,13886,14118,13887,13888,13889,13890,13891,13892,13893,13894,13895,13896,13897,13898,13899,13900,13901,13902,13903,13904,13905,13906,13907,13908,13909,13910,13911,13912,13913,13914,13915,13916,13917,13918,13919,13920,13921,13922,13923,13924,13925,13926,13927,13928,13929,13930,13931,13932,13933,13934,13935,13936,13937,13938,13939,13940,13941,13942,13943,13944,13945,13946,13947,13950,13951,13952,13953,13954,13955,13956,13957,13958,13959,13960,13961,13962,13963,13964,13965,13966,13967,13968,13969,13970,13971,13972,13973,13974,13975,13976,13977,13978,13979,13980,13981,13982,13983,13984,13985,13986,13987,13988,13989,13990,13991,13992,13993,13994,13995,13996,13997,13998,13999,14000,14001,14002,14003,14004,14005,14006,14008,14009,14010,14011,14012,14013,14014,14015,14016,14017,14018,14019,14020,14021,14022,14023,14024,14025,14026,14027,14028,14029,14030,14032,14033,14035,14036,14037,14038,14039,14040,14120,14041,14042,14043,14044,14045";"12948,12950,12960,12961,12975,12976,12979,13041,13626,13641,13707,13764,13809,13815,13831,13949,14007,14031,14034,13168,13211,13074,13112,13373,13412,13425,13476,13176,13191,13215,13290,13177,13291,13134,13199,13226,13229,13627,13640,13628,13629,13630,13631,13632,13633,13634,13635,13636,13637,13638,13639,13642,13643,13644,13645,13646,13647,13648,13649,13650,13651,13652,13653,13654,13655,13656,13657,13658,13659,13660,13661,13662,13663,13664,13665,13666,13667,13668,13669,13670,13671,13672,13673,13674,13675,13676,13677,13678,13679,13697,13698,13699,13700,13706,14117,13680,13681,13682,13683,13684,13685,13686,13687,13688,13689,13690,13691,13692,13693,13694,13695,13696,13701,13702,13703,13704,13705,13708,13709,13710,13711,13712,13713,13714,13715,13716,13717,13718,13719,13720,13721,13722,13723,13724,13725,13726,13727,13728,13729,13730,13731,13732,13733,13734,13735,13736,13737,13739,13738,13740,13741,13742,13743,13744,13745,13746,13747,13748,13749,13750,13751,13752,13753,13754,13755,13756,14654,14655,14656,14657,14658,13757,13758,13759,13760,13761,13762,13763,13765,13766,13767,13768,13769,13770,13771,13772,13773,13774,13775,13776,13777,13778,13779,13780,13781,13782,13783,13784,13785,13786,13787,13788,13789,13790,13791,13792,13793,13794,13795,13796,13797,13798,13799,13800,13801,13802,13803,13804,13805,13806,13807,13808,13810,13811,13812,13813,13814,13816,13817,13818,13819,13820,13821,13822,13823,13824,13825,13826,13827,13828,13829,13830,13832,13833,13834,13835,13836,13837,13838,13839,13840,13841,13842,13843,13844,13845,13846,13847,13848,13849,13850,13851,13852,13853,13854,13855,13856,13857,13858,13859,13860,13861,13862,13863,13864,14119,13865,13866,13867,13868,13869,13870,13871,13872,13873,13874,13875,13876,13877,13878,13879,13880,13881,13882,13883,13884,13885,13886,14118,13887,13888,13889,13890,13891,13892,13893,13894,13895,13896,13897,13898,13899,13900,13901,13902,13903,13904,13905,13906,13907,13908,13909,13910,13911,13912,13913,13914,13915,13916,13917,13918,13919,13920,13921,13922,13923,13924,13925,13926,13927,13928,13929,13930,13931,13932,13933,13934,13935,13936,13937,13938,13939,13940,13941,13942,13943,13944,13945,13946,13947,13950,13951,13952,13953,13954,13955,13956,13957,13958,13959,13960,13961,13962,13963,13964,13965,13966,13967,13968,13969,13970,13971,13972,13973,13974,13975,13976,13977,13978,13979,13980,13981,13982,13983,13984,13985,13986,13987,13988,13989,13990,13991,13992,13993,13994,13995,13996,13997,13998,13999,14000,14001,14002,14003,14004,14005,14006,14008,14009,14010,14011,14012,14013,14014,14015,14016,14017,14018,14019,14020,14021,14022,14023,14024,14025,14026,14027,14028,14029,14030,14032,14033,14035,14036,14037,14038,14039,14040,14120,14041,14042,14043,14044,14045";"2"
"A";"";"12937";"Direitos da Personalidade ";"899.0";"";"";"2"
"A";"";"12938";"Imunidade de Jurisdição e de Execução - Pessoas Jurídicas de Direito Internacional ";"6191.0";"";"";"2"
"A";"";"12939";"Lei do Pavilhão - Trabalho a Bordo de Navio de Cruzeiros Marítimos ";"6191.0";"";"";"2"
"A";"";"12940";"Mandado de Segurança ";"8826.0";"12955,12958,12962,12973,12984,13004,13017,13019,13023,13032,13035,13042,13047,13133,13284,14122";"12955,12958,12962,12973,12984,13004,13017,13019,13023,13032,13035,13042,13047,13133,13284,14122";"2"
"A";"";"12941";"Penalidades Processuais ";"8826.0";"12952,12954,12977,13008,13009,13010,13011,13012,14072,14071";"12952,12954,12977,13008,13009,13010,13011,13012,14072,14071";"2"
"A";"";"12942";"Prescrição e Decadência no Direito do Trabalho ";"864.0";"12969,14046,14047,14048,14049,14050,14051,14052,14053,14054,14055,14056,14057,14058,14059,14060,14061,14062,14063,14064";"12969,14046,14047,14048,14049,14050,14051,14052,14053,14054,14055,14056,14057,14058,14059,14060,14061,14062,14063,14064";"2"
"A";"";"12943";"Processo Coletivo ";"8826.0";"12755,12946,13007,14083,12756,12757,12758,13070,13088,13101,13219,13312,13319,13076,13077,13087,13098,13151,13218,13258,13271,14084,14085,14086,14087,14088,14089,14090";"12755,12946,13007,14083,12756,12757,12758,13070,13088,13101,13219,13312,13319,13076,13077,13087,13098,13151,13218,13258,13271,14084,14085,14086,14087,14088,14089,14090";"2"
"A";"";"12944";"Processo e Procedimento da Corregedoria ";"8826.0";"12966,12968,13018,13033,13146,13071,13072,13159,13217,13081,13142,13357,13379,13469,13505,13223,13224";"12966,12968,13018,13033,13146,13071,13072,13159,13217,13081,13142,13357,13379,13469,13505,13223,13224";"2"
"A";"";"12946";"Ação Civil Pública ";"12943.0";"13070,13088,13101,13219,13312,13319";"13070,13088,13101,13219,13312,13319";"3"
"A";"";"12947";"Antecipação de Tutela / Recebimento como Cautelar ";"12933.0";"";"";"3"
"A";"";"12948";"Anulação / Nulidade de Ato ou Negócio Jurídico ";"12936.0";"13168,13211";"13168,13211";"3"
"A";"";"12949";"Arbitragem e Mediação no Direito Coletivo ";"1695.0";"";"";"3"
"A";"";"12950";"Arbitragem e Mediação no Direito Individual do Trabalho ";"12936.0";"";"";"3"
"A";"";"12951";"Arquivamento ";"8938.0";"";"";"3"
"A";"";"12952";"Ato Atentatório à Dignidade da Justiça ";"12941.0";"14071";"";"3"
"A";"";"12954";"Ausência Injustificada de Testemunha ";"12941.0";"";"";"3"
"A";"";"12955";"Autenticação ";"12940.0";"";"";"3"
"A";"";"12957";"Cabimento ";"12933.0";"13148,13298,13320,13610,13329,13342";"13148,13298,13320,13610,13329,13342";"3"
"A";"";"12958";"Cabimento ";"12940.0";"13047,13133,13284,14122";"13047,13133,13284,14122";"3"
"A";"";"12959";"Cadastro Reserva ";"10370.0";"";"";"3"
"A";"";"12960";"Capacidade Civil ";"12936.0";"";"";"3"
"A";"";"12961";"Comissão de Representantes dos Empregados ";"12936.0";"13074,13112,13373,13412,13425,13476";"13074,13112,13373,13412,13425,13476";"3"
"A";"";"12962";"Competência ";"12940.0";"";"";"3"
"A";"";"12963";"Condições da Ação ";"8938.0";"13051,13206,14067";"13051,13206,14067";"3"
"A";"";"12964";"Condutas Antissindicais ";"1695.0";"";"";"3"
"A";"";"12965";"Conflito de Competência ";"8828.0";"";"";"3"
"A";"";"12966";"Consulta ";"12944.0";"13146";"13146";"3"
"A";"";"12967";"Contestação ";"12933.0";"13257";"13257";"3"
"A";"";"12968";"Correição Parcial ";"12944.0";"13071,13072,13159,13217";"13071,13072,13159,13217";"3"
"A";"";"12969";"Decadência ";"12942.0";"";"";"3"
"A";"";"12970";"Decadência ";"12933.0";"13314,13478";"13314,13478";"3"
"A";"";"12971";"Decisão Rescindenda ";"12933.0";"";"";"3"
"A";"";"12972";"Depósito Prévio ";"12933.0";"13270,13602,13612";"13270,13602,13612";"3"
"A";"";"12973";"Depósito Prévio de Multa Administrativa ";"12940.0";"";"";"3"
"A";"";"12974";"Desconsideração da Personalidade Jurídica ";"9148.0";"";"";"3"
"A";"";"12975";"Descontos Fiscais ";"12936.0";"13176,13191,13215,13290";"13176,13191,13215,13290";"3"
"A";"";"12976";"Descontos Previdenciários ";"12936.0";"13177,13291";"13177,13291";"3"
"A";"";"12977";"Descumprimento de Obrigações de Auxiliares da Justiça ";"12941.0";"";"";"3"
"A";"";"12978";"Desistência da Ação ";"8938.0";"";"";"3"
"A";"";"12979";"Devolução / Entrega de Objetos / Documentos ";"12936.0";"";"";"3"
"A";"";"12980";"Direito de Empresa ";"7681.0";"";"";"3"
"A";"";"12981";"Direito de Greve ";"1695.0";"13044,13617,13618,13406,13483,13531";"13044,13617,13618,13406,13483,13531";"3"
"A";"";"12982";"Documento Novo ";"12933.0";"";"";"3"
"A";"";"12983";"Dolo ou Colusão entre as Partes ";"12933.0";"13220";"13220";"3"
"A";"";"12984";"Emenda a Inicial ";"12940.0";"";"";"3"
"A";"";"12985";"Erro de Fato ";"12933.0";"13116";"13116";"3"
"A";"";"12986";"Exceção de Incompetência Territorial ";"9148.0";"";"";"3"
"A";"";"12987";"Execução de Ofício ";"9148.0";"13121,13245";"13121,13245";"3"
"A";"";"12988";"Execução de Título Extrajudicial ";"9148.0";"13313";"13313";"3"
"A";"";"12989";"Execução Fiscal ";"9148.0";"";"";"3"
"A";"";"12991";"Execução Provisória ";"9148.0";"";"";"3"
"A";"";"12992";"Falsidade de Prova ";"12933.0";"";"";"3"
"A";"";"12993";"Hipoteca Judiciária ";"9148.0";"";"";"3"
"A";"";"12994";"Homologação Judicial - Requisitos ";"12934.0";"";"";"3"
"A";"";"12995";"Honorários Advocatícios ";"12933.0";"";"";"3"
"A";"";"12996";"Impossibilidade Jurídica do Pedido ";"12933.0";"";"";"3"
"A";"";"12998";"Incidente de Desconsideração da Personalidade Jurídica ";"8842.0";"";"";"3"
"A";"";"12999";"Inscrição no Banco Nacional de Devedores Trabalhistas - BNDT ";"9148.0";"";"";"3"
"A";"";"13000";"Intimação ";"8875.0";"";"";"3"
"A";"";"13001";"Invalidação de Confissão, Desistência ou Transação ";"12933.0";"13050,13266,13322";"13050,13266,13322";"3"
"A";"";"13002";"Juiz Impedido / Absolutamente Incompetente ";"12933.0";"";"";"3"
"A";"";"13003";"Legitimidade ";"8875.0";"";"";"3"
"A";"";"13004";"Legitimidade - Autoridade Coatora ";"12940.0";"";"";"3"
"A";"";"13005";"Legitimidade Ativa ";"12933.0";"13244,13311";"13244,13311";"3"
"A";"";"13007";"Mandado de Segurança Coletivo ";"12943.0";"13076,13077,13087,13098,13151,13218,13258,13271";"13076,13077,13087,13098,13151,13218,13258,13271";"3"
"A";"";"13008";"Multa do Art. 475-J do CPC ";"12941.0";"";"";"3"
"A";"";"13009";"Multa por Agravo Inadmissível ou Infundado ";"12941.0";"";"";"3"
"A";"";"13010";"Multa por Descumprimento de Ordem Judicial ";"12941.0";"";"";"3"
"A";"";"13011";"Multa por ED Protelatórios ";"12941.0";"";"";"3"
"A";"";"13012";"Multa por Improbidade Testemunhal ";"12941.0";"";"";"3"
"A";"";"13013";"Negociação Coletiva Trabalhista ";"1695.0";"13048,13235,13481,13509,13345,13347,13510,13563";"13048,13235,13481,13509,13345,13347,13510,13563";"3"
"A";"";"13014";"Obrigação de Dar ";"9148.0";"";"";"3"
"A";"";"13015";"Ofensa à Coisa Julgada ";"12933.0";"13207,13300";"13207,13300";"3"
"A";"";"13016";"Organização Sindical ";"1695.0";"13063,13105,13128,13155,13179,13276,13280,13619,13623,13370,13371,13372,13550,13551,13426,13456,13489,13477,13557,13620,13621,13622,14116,13624,13625";"13063,13105,13128,13155,13179,13276,13280,13619,13623,13370,13371,13372,13550,13551,13426,13456,13489,13477,13557,13620,13621,13622,14116,13624,13625";"3"
"A";"";"13017";"Pedido de Liminar ";"12940.0";"";"";"3"
"A";"";"13018";"Pedido de Providências ";"12944.0";"13081,13142,13357,13379,13469,13505";"13081,13142,13357,13379,13469,13505";"3"
"A";"";"13019";"Penhora de Salário / Proventos ";"12940.0";"";"";"3"
"A";"";"13020";"Peticionamento Eletrônico ";"8960.0";"13288,13600,14073";"13288,13600,14073";"3"
"A";"";"13021";"Poder Normativo ";"1695.0";"13299,13346,13428,13528";"13299,13346,13428,13528";"3"
"A";"";"13022";"Prazo / Contagem do Prazo ";"8875.0";"";"";"3"
"A";"";"13023";"Prazo Decadencial ";"12940.0";"";"";"3"
"A";"";"13024";"Preclusão / Coisa Julgada ";"9148.0";"";"";"3"
"A";"";"13025";"Pressuposto Processual ";"12933.0";"13269,13287,13468";"13269,13287,13468";"3"
"A";"";"13026";"Pressupostos Processuais ";"8938.0";"13065,13094,13221";"13065,13094,13221";"3"
"A";"";"13027";"Prevaricação / Concussão / Corrupção do Juiz ";"12933.0";"";"";"3"
"A";"";"13028";"Processo de Alçada ";"9045.0";"13264,13601";"13264,13601";"3"
"A";"";"13029";"Processo Judicial Eletrônico - PJe ";"8960.0";"13132,13210,13318,13607,13615";"13132,13210,13318,13607,13615";"3"
"A";"";"13030";"Pronunciamento Explícito (Prequestionamento) ";"12933.0";"";"";"3"
"A";"";"13031";"Protesto de Crédito Trabalhista ";"9148.0";"";"";"3"
"A";"";"13032";"Prova Pré-constituída ";"12940.0";"";"";"3"
"A";"";"13033";"Reclamação Disciplinar ";"12944.0";"13223,13224";"13223,13224";"3"
"A";"";"13034";"Reexame de Fatos e Provas ";"12933.0";"";"";"3"
"A";"";"13035";"Reiteração ";"12940.0";"";"";"3"
"A";"";"13036";"Remessa Necessária ";"9045.0";"";"";"3"
"A";"";"13038";"Revelia / Confissão ";"12933.0";"";"";"3"
"A";"";"13039";"Ritos ";"8960.0";"";"";"3"
"A";"";"13040";"Sentença de Recusa da Homologação ";"12934.0";"";"";"3"
"A";"";"13041";"Trabalho com Proteção Especial ";"12936.0";"13134,13199,13226,13229";"13134,13199,13226,13229";"3"
"A";"";"13042";"Transcendência ";"12940.0";"";"";"3"
"A";"";"13043";"Violação Literal à Disposição de Lei ";"12933.0";"13145";"13145";"3"
"A";"";"13044";"Abusividade / Ilegalidade";"12981.0";"13406,13483,13531";"13406,13483,13531";"4"
"A";"";"13045";"Ação Anulatória ";"11786.0";"";"";"4"
"A";"";"13047";"Ação Rescisória ";"12958.0";"";"";"4"
"A";"";"13048";"Acordo e Convenção Coletivos de Trabalho ";"13013.0";"13481,13509";"13481,13509";"4"
"A";"";"13050";"Acordo Homologado/Efeitos ";"13001.0";"";"";"4"
"A";"";"13051";"Adequação da Ação / Procedimento ";"12963.0";"";"";"4"
"A";"";"13052";"Adicional de Qualificação ";"10288.0";"";"";"4"
"A";"";"13053";"Adjudicação ";"9180.0";"";"";"4"
"A";"";"13062";"Anotação na CTPS ";"10686.0";"";"";"4"
"A";"";"13063";"Anulação de Constituição de Sindicato ";"13016.0";"";"";"4"
"A";"";"13065";"Arbitragem ";"13026.0";"";"";"4"
"A";"";"13066";"Arbitramento / Majoração ";"8934.0";"";"";"4"
"A";"";"13067";"Arrematação ";"9180.0";"";"";"4"
"A";"";"13068";"Assinatura Eletrônica / Digital ";"8868.0";"";"";"4"
"A";"";"13070";"Astreintes ";"12946.0";"";"";"4"
"A";"";"13071";"Ato Contrário à Boa Ordem Processual ";"12968.0";"";"";"4"
"A";"";"13072";"Ato que Importe em Atentado a Fórmulas Legais de Processo ";"12968.0";"";"";"4"
"A";"";"13074";"Atribuições e Competências ";"12961.0";"";"";"4"
"A";"";"13076";"Autenticação ";"13007.0";"";"";"4"
"A";"";"13077";"Autoridade Coatora ";"13007.0";"";"";"4"
"A";"";"13079";"Auxílio Moradia ";"10288.0";"";"";"4"
"A";"";"13080";"Avaliação / Reavaliação ";"9163.0";"";"";"4"
"A";"";"13081";"BACEN JUD / Frustração da Ordem Judicial de Bloqueio ";"13018.0";"13357,13379,13469";"13357,13379,13469";"4"
"A";"";"13085";"Bloqueio / Desbloqueio de Valores ";"8961.0";"";"";"4"
"A";"";"13087";"Cabimento ";"13007.0";"";"";"4"
"A";"";"13088";"Cabimento / Interesse Processual ";"12946.0";"";"";"4"
"A";"";"13089";"Cerceamento de Defesa ";"8919.0";"";"";"4"
"A";"";"13091";"Chamamento ao Processo ";"8859.0";"";"";"4"
"A";"";"13093";"Cláusula Penal ";"10686.0";"";"";"4"
"A";"";"13094";"Coisa Julgada ";"13026.0";"";"";"4"
"A";"";"13097";"Compensação de Reajustes Concedidos ";"10672.0";"";"";"4"
"A";"";"13098";"Competência ";"13007.0";"";"";"4"
"A";"";"13099";"Competência Funcional ";"8829.0";"13462,13506";"13462,13506";"4"
"A";"";"13100";"Competência Territorial ";"8829.0";"13343,13427,13549";"13343,13427,13549";"4"
"A";"";"13101";"Competência Territorial ";"12946.0";"";"";"4"
"A";"";"13105";"Comprovação de Repasse de Contribuição ";"13016.0";"";"";"4"
"A";"";"13109";"Conexão ";"8829.0";"";"";"4"
"A";"";"13111";"Conselhos Regionais de Fiscalização Profissional e Afins ";"10015.0";"";"";"4"
"A";"";"13112";"Constituição e Composição ";"12961.0";"13373,13412,13425,13476";"13373,13412,13425,13476";"4"
"A";"";"13114";"Contagem - Dias Úteis ";"8928.0";"";"";"4"
"A";"";"13116";"Contradição entre Fundamentação e Dispositivo ";"12985.0";"";"";"4"
"A";"";"13121";"Contribuições Previdenciárias ";"12987.0";"";"";"4"
"A";"";"13128";"Criação de Sindicato - Desmembramento ";"13016.0";"";"";"4"
"A";"";"13129";"Custas / Emolumentos ";"9149.0";"";"";"4"
"A";"";"13132";"Classificação e Organização de Documentos no Sistema ";"13029.0";"";"";"4"
"A";"";"13133";"Decisão Judicial ";"12958.0";"";"";"4"
"A";"2022-11-29 15:40:23";"13134";"Pessoa com Deficiência ";"13041.0";"";"";"4"
"A";"";"13135";"Denunciação da Lide ";"8859.0";"";"";"4"
"A";"";"13140";"Dispensa de Penhora - Entidades Filantrópicas e Seus Diretores ";"9163.0";"";"";"4"
"A";"";"13142";"Diversos ";"13018.0";"13505";"13505";"4"
"A";"";"13145";"Dupla Fundamentação da Decisão Rescindenda ";"13043.0";"";"";"4"
"A";"";"13146";"Dúvidas Apresentadas pelos Tribunais Regionais, seus Órgãos / Integrantes ";"12966.0";"";"";"4"
"A";"";"13148";"Decisão Homologatória ";"12957.0";"13329,13342";"13329,13342";"4"
"A";"";"13149";"Efeito Suspensivo a Recurso ";"8961.0";"";"";"4"
"A";"";"13150";"Embargos de Terceiro ";"11786.0";"";"";"4"
"A";"";"13151";"Emenda a Inicial ";"13007.0";"";"";"4"
"A";"";"13155";"Enquadramento Sindical ";"13016.0";"13370,13371,13372,13550,13551";"13370,13371,13372,13550,13551";"4"
"A";"";"13157";"Entes Públicos ";"8873.0";"";"";"4"
"A";"";"13159";"Erros / Abusos ";"12968.0";"";"";"4"
"A";"";"13161";"Estado Estrangeiro ";"8838.0";"";"";"4"
"A";"";"13162";"Estatuto Social da Empresa ";"8868.0";"";"";"4"
"A";"";"13164";"Excesso de Penhora ";"9163.0";"";"";"4"
"A";"";"13168";"Extrajudicial ";"12948.0";"";"";"4"
"A";"";"13170";"Falência ";"8939.0";"";"";"4"
"A";"";"13176";"Forma de Cálculo ";"12975.0";"";"";"4"
"A";"";"13177";"Forma de Cálculo ";"12976.0";"";"";"4"
"A";"";"13179";"Garantias Sindicais ";"13016.0";"13426,13456,13489";"13426,13456,13489";"4"
"A";"";"13180";"Greve ";"8961.0";"";"";"4"
"A";"";"13184";"Honorários na Justiça do Trabalho ";"8874.0";"";"";"4"
"A";"";"13185";"Honorários Periciais ";"8874.0";"";"";"4"
"A";"";"13186";"Horas Extras ";"10287.0";"";"";"4"
"A";"";"13188";"Impedimento ";"8888.0";"";"";"4"
"A";"";"13189";"Impenhorabilidade ";"9163.0";"13363,13364,13458,13526";"13363,13364,13458,13526";"4"
"A";"";"13190";"Imposto de Renda ";"9149.0";"";"";"4"
"A";"";"13191";"Incidência em Indenização PDV / PDI ";"12975.0";"";"";"4"
"A";"";"13199";"Indígena ";"13041.0";"";"";"4"
"A";"";"13201";"Inépcia da Inicial ";"8942.0";"";"";"4"
"A";"";"13206";"Interesse Processual ";"12963.0";"";"";"4"
"A";"";"13207";"Interpretação e Alcance do Título Executivo ";"13015.0";"";"";"4"
"A";"";"13209";"Intervalo ";"10287.0";"";"";"4"
"A";"";"13210";"Intimação Via DEJT - Validade ";"13029.0";"";"";"4"
"A";"";"13211";"Judicial ";"12948.0";"";"";"4"
"A";"";"13212";"Julgamento Extra / Ultra / Citra Petita ";"8919.0";"";"";"4"
"A";"";"13215";"Juros de Mora ";"12975.0";"";"";"4"
"A";"";"13216";"Juros de Mora ";"10672.0";"";"";"4"
"A";"";"13217";"Justificado Receio de Dano Irreparável ou de Difícil Reparação ";"12968.0";"";"";"4"
"A";"";"13218";"Legitimidade ";"13007.0";"";"";"4"
"A";"";"13219";"Legitimidade Ativa ";"12946.0";"";"";"4"
"A";"";"13220";"Lide Simulada ";"12983.0";"";"";"4"
"A";"";"13221";"Litispendência ";"13026.0";"";"";"4"
"A";"";"13223";"Magistrado não Vitalício ";"13033.0";"";"";"4"
"A";"";"13224";"Magistrado Vitalício ";"13033.0";"";"";"4"
"A";"";"13226";"Menor ";"13041.0";"";"";"4"
"A";"";"13229";"Mulher ";"13041.0";"";"";"4"
"A";"";"13233";"Negativa de Prestação Jurisdicional ";"8919.0";"";"";"4"
"A";"";"13234";"Nomeação à Autoria ";"8859.0";"";"";"4"
"A";"";"13235";"Norma Coletiva ";"13013.0";"13345,13347,13510,13563";"13345,13347,13510,13563";"4"
"A";"";"13237";"Ônus da Prova ";"8990.0";"13407,13420,13432,13434,13555,13559,14074";"13407,13420,13432,13434,13555,13559,14074";"4"
"A";"";"13239";"Oposição ";"8859.0";"";"";"4"
"A";"";"13240";"Ordem de Preferência ";"9163.0";"";"";"4"
"A";"";"13241";"Organismo Internacional ";"8838.0";"";"";"4"
"A";"";"13244";"Parte ou Sucessor no Processo da Decisão Rescindenda ";"13005.0";"";"";"4"
"A";"";"13245";"Partes Sem Advogados ";"12987.0";"";"";"4"
"A";"";"13248";"Pedidos Ilíquidos - Rito Ordinário ";"8942.0";"";"";"4"
"A";"";"13249";"Penhora no Rosto dos Autos ";"9163.0";"";"";"4"
"A";"";"13250";"Penhora Online / BACEN JUD ";"9163.0";"";"";"4"
"A";"";"13251";"Atraso na Audiência ";"9024.0";"";"";"4"
"A";"";"13252";"Perempção ";"8942.0";"";"";"4"
"A";"";"13253";"Período de Graça ";"10672.0";"";"";"4"
"A";"";"13254";"Permuta ";"10187.0";"";"";"4"
"A";"";"13256";"Confissão ";"9024.0";"";"";"4"
"A";"";"13257";"Prazo / Termo Inicial ";"12967.0";"";"";"4"
"A";"";"13258";"Prazo Decadencial ";"13007.0";"";"";"4"
"A";"";"13259";"Preposto ";"8873.0";"";"";"4"
"A";"";"13263";"Prevenção ";"8829.0";"";"";"4"
"A";"";"13264";"Procedimento Sumaríssimo ";"13028.0";"";"";"4"
"A";"";"13265";"Processo do Trabalho ";"10880.0";"13470";"13470";"4"
"A";"";"13266";"Processo Fraudulento ";"13001.0";"";"";"4"
"A";"";"13267";"Procurador de Entes Públicos / Autárquicos / Fundacionais ";"8868.0";"";"";"4"
"A";"";"13268";"Prorrogação ";"8928.0";"";"";"4"
"A";"";"13269";"Prova do Trânsito em Julgado da Decisão Rescindenda ";"13025.0";"";"";"4"
"A";"";"13270";"Insuficiência do Depósito ";"12972.0";"";"";"4"
"A";"";"13271";"Prova Pré-constituída ";"13007.0";"";"";"4"
"A";"";"13276";"Receitas Sindicais ";"13016.0";"13477,13557,13620,13621,13622,14116";"13477,13557,13620,13621,13622,14116";"4"
"A";"";"13277";"Recuperação Judicial ";"8939.0";"";"";"4"
"A";"";"13278";"Reforço de Penhora ";"9163.0";"";"";"4"
"A";"";"13280";"Registro de Entidade Sindical ";"13016.0";"";"";"4"
"A";"";"13282";"Pessoa Jurídica de Direito Público ";"9024.0";"";"";"4"
"A";"";"13284";"Remessa Ex-Officio ";"12958.0";"";"";"4"
"A";"";"13285";"Renúncia Parcial ";"10673.0";"";"";"4"
"A";"";"13287";"Representação Processual ";"13025.0";"13468";"13468";"4"
"A";"";"13288";"Regularidade de Apresentação de Peças ";"13020.0";"";"";"4"
"A";"";"13290";"Responsabilidade ";"12975.0";"";"";"4"
"A";"";"13291";"Responsabilidade ";"12976.0";"";"";"4"
"A";"";"13292";"Pressupostos Extrínsecos ";"9098.0";"13524,13544,14075,14076,14077";"13524,13544,14075,14076,14077";"4"
"A";"";"13294";"Repetição da Prova ";"8990.0";"";"";"4"
"A";"";"13295";"Revisão ";"10250.0";"";"";"4"
"A";"";"13297";"Seguro-Garantia Judicial ";"9163.0";"";"";"4"
"A";"";"13298";"Sentença de Liquidação ";"12957.0";"";"";"4"
"A";"";"13299";"Sentença Normativa ";"13021.0";"13346,13428,13528";"13346,13428,13528";"4"
"A";"";"13300";"Sentença Normativa - Modificação ";"13015.0";"";"";"4"
"A";"";"13303";"Substituição de Penhora ";"9163.0";"";"";"4"
"A";"";"13304";"Suspeição ";"8888.0";"";"";"4"
"A";"";"13305";"Suspensão / Interrupção ";"8928.0";"";"";"4"
"A";"";"13306";"Suspensão da Execução ";"8961.0";"13348,13399";"13348,13399";"4"
"A";"";"13307";"Tácito ";"8868.0";"";"";"4"
"A";"";"13310";"Temas repetitivos / Repercussão Geral ";"8939.0";"";"";"4"
"A";"";"13311";"Terceiro Juridicamente Interessado ";"13005.0";"";"";"4"
"A";"";"13312";"Termo de Ajustamento de Conduta - TAC ";"12946.0";"";"";"4"
"A";"";"13313";"Termo de Conciliação Prévia ";"12988.0";"";"";"4"
"A";"";"13314";"Termo Inicial do Prazo ";"12970.0";"13478";"13478";"4"
"A";"";"13318";"Conversão dos Autos Físicos em Eletrônicos - Responsabilidade ";"13029.0";"";"";"4"
"A";"";"13319";"Tutela Inibitória (Obrigação de Fazer e Não Fazer) ";"12946.0";"";"";"4"
"A";"";"13320";"Contrariedade a Súmula ";"12957.0";"";"";"4"
"A";"";"13322";"Vício de Consentimento ";"13001.0";"";"";"4"
"A";"";"13323";"Vitaliciamento ";"10187.0";"";"";"4"
"A";"";"13329";"Acordo Prévio / Quitação Geral ";"13148.0";"";"";"5"
"A";"";"13342";"Adjudicação / Arrematação / Cálculos ";"13148.0";"";"";"5"
"A";"";"13343";"Agente / Viajante Comercial ";"13100.0";"";"";"5"
"A";"";"13345";"Anulação/Nulidade ";"13235.0";"";"";"5"
"A";"";"13346";"Aplicabilidade ";"13299.0";"";"";"5"
"A";"";"13347";"Aplicabilidade/Cumprimento ";"13235.0";"";"";"5"
"A";"";"13348";"Artigo 896, § 1° - A, CLT ";"13306.0";"";"";"5"
"A";"";"13350";"Assistenciais ";"10655.0";"";"";"5"
"A";"";"13357";"Ausência de Justificativa ";"13081.0";"";"";"5"
"A";"";"13359";"Auxílio-Alimentação Após a Aposentadoria - Benefício Assegurado em Regulamento da Empresa ";"10652.0";"";"";"5"
"A";"";"13363";"Bem de Família ";"13189.0";"";"";"5"
"A";"";"13364";"Bem Público ";"13189.0";"";"";"5"
"A";"";"13370";"Categoria Econômica ";"13155.0";"";"";"5"
"A";"";"13371";"Categoria Profissional ";"13155.0";"";"";"5"
"A";"";"13372";"Categoria Profissional Diferenciada ";"13155.0";"";"";"5"
"A";"";"13373";"Cessão entre Órgão / Empresa ";"13112.0";"";"";"5"
"A";"";"13378";"Complementação de Aposentadoria / Pensão ";"10652.0";"";"";"5"
"A";"";"13379";"Comprovação de Saldo Bancário ";"13081.0";"";"";"5"
"A";"";"13385";"Contratuais ";"10655.0";"";"";"5"
"A";"";"13386";"Contribuições Previdenciárias ";"10652.0";"";"";"5"
"A";"";"13390";"Dano Moral / Material ";"10652.0";"";"";"5"
"A";"";"13398";"Descontos Fiscais ";"10652.0";"";"";"5"
"A";"";"13399";"Desfundamentação ";"13306.0";"";"";"5"
"A";"";"13406";"Dispensa / Rescisão do Contrato de Trabalho ";"13044.0";"";"";"5"
"A";"";"13407";"Distribuição Dinâmica - Inversão ";"13237.0";"";"";"5"
"A";"";"13412";"Eleição ";"13112.0";"";"";"5"
"A";"";"13415";"Empregados de Cartórios Extrajudiciais ";"10652.0";"";"";"5"
"A";"";"13420";"Equiparação Salarial ";"13237.0";"";"";"5"
"A";"";"13425";"Estabilidade do Representante Eleito ";"13112.0";"";"";"5"
"A";"";"13426";"Estabilidade Provisória ";"13179.0";"";"";"5"
"A";"";"13427";"Exercício das Atividades Fora do Lugar da Celebração do Contrato ";"13100.0";"";"";"5"
"A";"";"13428";"Extensão / Prorrogação ";"13299.0";"";"";"5"
"A";"";"13432";"Férias / Gozo / Fruição ";"13237.0";"";"";"5"
"A";"";"13434";"FGTS ";"13237.0";"";"";"5"
"A";"";"13451";"Guias do Seguro Desemprego ";"10652.0";"";"";"5"
"A";"";"13452";"Honorários Advocatícios ";"10652.0";"";"";"5"
"A";"";"13456";"Inamovibilidade de Dirigente Sindical ";"13179.0";"";"";"5"
"A";"";"13458";"Instrumentos de Trabalho ";"13189.0";"";"";"5"
"A";"";"13461";"Interdito Proibitório ";"10652.0";"";"";"5"
"A";"";"13462";"Interdito Proibitório ";"13099.0";"";"";"5"
"A";"";"13468";"Jus Postulandi ";"13287.0";"";"";"5"
"A";"";"13469";"Justificada Ausência de Numerário ";"13081.0";"";"";"5"
"A";"";"13470";"Levantamento do Depósito Recursal ";"13265.0";"";"";"5"
"A";"";"13471";"Levantamento do FGTS ";"10652.0";"";"";"5"
"A";"";"13476";"Mandato ";"13112.0";"";"";"5"
"A";"";"13477";"Mensalidade Sindical ";"13276.0";"";"";"5"
"A";"";"13478";"Ministério Público ";"13314.0";"";"";"5"
"A";"";"13481";"Multa Convencional ";"13048.0";"";"";"5"
"A";"";"13483";"Multa por Descumprimento de Ordem Judicial ";"13044.0";"";"";"5"
"A";"";"13489";"Outras Garantias Oriundas de Normas da OIT ";"13179.0";"";"";"5"
"A";"";"13505";"Práticas Procedimentais Contrárias aos Parâmetros Legais ";"13142.0";"";"";"5"
"A";"";"13506";"Precatório ";"13099.0";"";"";"5"
"A";"";"13509";"Prevalência do Acordo Coletivo sobre a Convenção Coletiva ";"13048.0";"";"";"5"
"A";"";"13510";"Prevalência do Negociado Sobre o Legislado ";"13235.0";"";"";"5"
"A";"";"13524";"Regularidade de Representação ";"13292.0";"";"";"5"
"A";"";"13525";"Relação de Trabalho ";"10652.0";"";"";"5"
"A";"";"13526";"Remuneração / Proventos / Pensões e Outros Rendimentos ";"13189.0";"";"";"5"
"A";"";"13528";"Revisão ";"13299.0";"";"";"5"
"A";"";"13531";"Salário / Pagamento ";"13044.0";"";"";"5"
"A";"";"13537";"Sucumbenciais ";"10655.0";"";"";"5"
"A";"";"13540";"Suspeição ";"10940.0";"";"";"5"
"A";"";"13541";"Suspensão da Cobrança - Devedor Beneficiário de Assistência Judiciária Gratuita ";"10655.0";"";"";"5"
"A";"";"13542";"Taxa Referencial - TR x IPCA-E ";"10685.0";"";"";"5"
"A";"";"13543";"Taxa SELIC ";"10685.0";"";"";"5"
"A";"";"13544";"Tempestividade ";"13292.0";"";"";"5"
"A";"";"13549";"Trabalhador Brasileiro no Exterior ";"13100.0";"";"";"5"
"A";"";"13550";"Trabalhador Temporário ";"13155.0";"";"";"5"
"A";"";"13551";"Trabalhador Terceirizado ";"13155.0";"";"";"5"
"A";"";"13555";"Trabalho Externo ";"13237.0";"";"";"5"
"A";"";"13557";"Multa por Atraso de Repasse de Contribuição ";"13276.0";"";"";"5"
"A";"";"13559";"Vale Transporte ";"13237.0";"";"";"5"
"A";"";"13563";"Vigência/Ultratividade ";"13235.0";"";"";"5"
"A";"";"13570";"Definitiva / Provisória ";"2523.0";"";"";"5"
"A";"";"13571";"Gestante / Adotante ";"9487.0";"";"";"5"
"A";"";"13572";"Licença Previdenciária ";"9487.0";"";"";"5"
"A";"";"13573";"Licença sem Remuneração ";"9487.0";"";"";"5"
"A";"";"13574";"Afastamento Mulher - Lei Maria da Penha ";"9487.0";"";"";"5"
"A";"";"13575";"Outras Licenças ";"9487.0";"";"";"5"
"A";"";"13576";"Serviço Militar ";"9487.0";"";"";"5"
"A";"";"13600";"E-Doc ";"13020.0";"";"";"4"
"A";"";"13601";"Fase de Execução ";"13028.0";"";"";"4"
"A";"";"13602";"Inexigibilidade / Isenção ";"12972.0";"";"";"4"
"A";"";"13603";"Perda de Eficácia ";"8961.0";"";"";"4"
"A";"";"13605";"Plano de Saúde ";"8961.0";"";"";"4"
"A";"";"13606";"Juntada na Fase Recursal (Fato Novo) ";"8990.0";"";"";"4"
"A";"";"13607";"Indisponibilidade do Sistema - Devolução de Prazo ";"13029.0";"";"";"4"
"A";"";"13608";"Prova Ilícita ";"8990.0";"";"";"4"
"A";"";"13609";"Reintegração de Empregado ";"8961.0";"";"";"4"
"A";"";"13610";"Rescisória de Rescisória ";"12957.0";"";"";"4"
"A";"";"13611";"Restabelecimento de Pagamento de Vantagem Remuneratória ";"8961.0";"";"";"4"
"A";"";"13612";"Reversão para a Parte Contrária ";"12972.0";"";"";"4"
"A";"";"13613";"Documental ";"8990.0";"";"";"4"
"A";"";"13614";"Alteração da Ordem de Produção ";"8990.0";"";"";"4"
"A";"";"13615";"Uso de Sistema de Peticionamento Diverso - Petição Juridicamente Inexistente ";"13029.0";"";"";"4"
"A";"";"13617";"Indenização Relacionada ao Exercício do Direito de Greve";"12981.0";"";"";"4"
"A";"";"13618";"Interdito Proibitório";"12981.0";"";"";"4"
"A";"";"13619";"Eleição de Dirigente Sindical";"13016.0";"";"";"4"
"A";"";"13620";"Contribuição Assistencial";"13276.0";"";"";"5"
"A";"";"13621";"Contribuição Sindical";"13276.0";"";"";"5"
"A";"";"13622";"Contribuição Sindical Rural";"13276.0";"";"";"5"
"A";"";"13623";"Representação Sindical";"13016.0";"13624,13625";"13624,13625";"4"
"A";"";"13624";"Unicidade Sindical";"13623.0";"";"";"5"
"A";"";"13625";"Depósito Prévio - Recurso Administrativo";"13623.0";"";"";"5"
"A";"";"13626";"Aposentadoria e Pensão";"12936.0";"13627,13640,13628,13629,13630,13631,13632,13633,13634,13635,13636,13637,13638,13639";"13627,13640,13628,13629,13630,13631,13632,13633,13634,13635,13636,13637,13638,13639";"3"
"A";"2020-11-17 15:49:16";"13627";"Complementação de Aposentadoria/Pensão";"13626.0";"13628,13629,13630,13631,13632,13633,13634,13635,13636,13637,13638,13639";"13628,13629,13630,13631,13632,13633,13634,13635,13636,13637,13638,13639";"4"
"A";"";"13628";"Abono Previsto em Norma Coletiva/Extensão aos Inativos";"13627.0";"";"";"5"
"A";"";"13629";"Auxílio/Cesta Alimentação";"13627.0";"";"";"5"
"A";"";"13630";"Caixa de Previdência";"13627.0";"";"";"5"
"A";"";"13631";"Cheque Rancho - Integração";"13627.0";"";"";"5"
"A";"";"13632";"Especial";"13627.0";"";"";"5"
"A";"";"13633";"Fonte de Custeio";"13627.0";"";"";"5"
"A";"";"13634";"Gratificação de Contingente e/ou Participação nos Resultados - Avanço de Nível";"13627.0";"";"";"5"
"A";"";"13635";"Parcelas Que Integram a Aposentadoria";"13627.0";"";"";"5"
"A";"";"13636";"Plano de Incentivo";"13627.0";"13639";"13639";"5"
"A";"";"13637";"Prêmio";"13627.0";"";"";"5"
"A";"";"13638";"Reenquadramento";"13627.0";"";"";"5"
"A";"";"13639";"Transação";"13636.0";"";"";"6"
"A";"";"13640";"Espontânea";"13626.0";"";"";"4"
"A";"";"13641";"Categoria Profissional Especial";"12936.0";"13642,13643,13644,13645,13646,13647,13648,13649,13650,13651,13652,13653,13654,13655,13656,13657,13658,13659,13660,13661,13662,13663,13664,13665,13666,13667,13668,13669,13670,13671,13672,13673,13674,13675,13676,13677,13678,13679,13697,13698,13699,13700,13706,14117,13680,13681,13682,13683,13684,13685,13686,13687,13688,13689,13690,13691,13692,13693,13694,13695,13696,13701,13702,13703,13704,13705";"13642,13643,13644,13645,13646,13647,13648,13649,13650,13651,13652,13653,13654,13655,13656,13657,13658,13659,13660,13661,13662,13663,13664,13665,13666,13667,13668,13669,13670,13671,13672,13673,13674,13675,13676,13677,13678,13679,13697,13698,13699,13700,13706,14117,13680,13681,13682,13683,13684,13685,13686,13687,13688,13689,13690,13691,13692,13693,13694,13695,13696,13701,13702,13703,13704,13705";"3"
"A";"";"13642";"Administradores";"13641.0";"";"";"4"
"A";"";"13643";"Advogados";"13641.0";"13680,13681";"13680,13681";"4"
"A";"";"13644";"Aeronautas";"13641.0";"";"";"4"
"A";"";"13645";"Aeroviários";"13641.0";"";"";"4"
"A";"";"13646";"Artistas";"13641.0";"";"";"4"
"A";"";"13647";"Assistentes Sociais";"13641.0";"";"";"4"
"A";"";"13648";"Bancários";"13641.0";"13682,13683,13684,13685,13686,13687,13688,13689,13690,13691,13692";"13682,13683,13684,13685,13686,13687,13688,13689,13690,13691,13692";"4"
"A";"";"13649";"Bibliotecários";"13641.0";"";"";"4"
"A";"";"13650";"Biólogos";"13641.0";"";"";"4"
"A";"";"13651";"Cabineiros de Elevador";"13641.0";"";"";"4"
"A";"";"13652";"Contabilistas";"13641.0";"";"";"4"
"A";"";"13653";"Corretores de Imóveis";"13641.0";"";"";"4"
"A";"";"13654";"Corretores de Seguros";"13641.0";"";"";"4"
"A";"";"13655";"Digitadores/Mecanógrafos/Datilógrafos";"13641.0";"13693";"13693";"4"
"A";"";"13656";"Domésticos";"13641.0";"";"";"4"
"A";"";"13657";"Economistas";"13641.0";"";"";"4"
"A";"";"13658";"Empregados Portuários";"13641.0";"13694,13695";"13694,13695";"4"
"A";"";"13659";"Enfermagem/Enfermeiros";"13641.0";"";"";"4"
"A";"";"13660";"Engenheiro, Arquiteto e Engenheiro Agrônomo";"13641.0";"13696";"13696";"4"
"A";"";"13661";"Fisioterapeutas/Terapeutas Ocupacionais";"13641.0";"";"";"4"
"A";"";"13662";"Jornalistas";"13641.0";"";"";"4"
"A";"";"13663";"Marítimos";"13641.0";"";"";"4"
"A";"";"13664";"Médicos";"13641.0";"";"";"4"
"A";"";"13665";"Mineiros de Subsolos";"13641.0";"";"";"4"
"A";"";"13666";"Músicos Profissionais";"13641.0";"";"";"4"
"A";"";"13667";"Professores";"13641.0";"13701,13702,13703,13704";"13701,13702,13703,13704";"4"
"A";"";"13668";"Psicólogos";"13641.0";"";"";"4"
"A";"";"13669";"Publicitários";"13641.0";"";"";"4"
"A";"";"13670";"Químicos";"13641.0";"";"";"4"
"A";"";"13671";"Radialistas";"13641.0";"";"";"4"
"A";"";"13672";"Relações Públicas";"13641.0";"";"";"4"
"A";"";"13673";"Rural";"13641.0";"";"";"4"
"A";"";"13674";"Secretários";"13641.0";"";"";"4"
"A";"";"13675";"Serviços de Telefonia ou Telegrafia";"13641.0";"";"";"4"
"A";"";"13676";"Operador de Telemarketing";"13641.0";"";"";"4"
"A";"";"13677";"Técnico em Radiologia";"13641.0";"";"";"4"
"A";"";"13678";"Petroleiros";"13641.0";"13705";"13705";"4"
"A";"";"13679";"Vigia e Vigilantes";"13641.0";"";"";"4"
"A";"";"13680";"Dedicação Exclusiva";"13643.0";"";"";"5"
"A";"";"13681";"Empregados";"13643.0";"";"";"5"
"A";"";"13682";"Cargo de Confiança";"13648.0";"";"";"5"
"A";"";"13683";"Divisor de Horas Extras";"13648.0";"";"";"5"
"A";"";"13684";"Enquadramento";"13648.0";"13689,13690,13691,13692";"13689,13690,13691,13692";"5"
"A";"";"13685";"Gerentes/Chefia";"13648.0";"";"";"5"
"A";"";"13686";"Gratificação";"13648.0";"";"";"5"
"A";"";"13687";"Intervalo Intrajornada";"13648.0";"";"";"5"
"A";"";"13688";"Sábado/Dia Útil";"13648.0";"";"";"5"
"A";"";"13689";"Categoria Diferenciada";"13684.0";"";"";"6"
"A";"";"13690";"Financeiras/Equiparação Bancário";"13684.0";"";"";"6"
"A";"";"13691";"Empresa de Processamento de Dados";"13684.0";"";"";"6"
"A";"";"13692";"isonomia/Diferença Salarial";"13684.0";"";"";"6"
"A";"";"13693";"Equiparação Salarial";"13655.0";"";"";"5"
"A";"";"13694";"Adicional de Risco";"13658.0";"";"";"5"
"A";"";"13695";"Hora Noturna/Hora Extra";"13658.0";"";"";"5"
"A";"";"13696";"Piso Salarial";"13660.0";"";"";"5"
"A";"";"13697";"Nutricionistas";"13641.0";"";"";"4"
"A";"";"13698";"Operadores Cinematográficos";"13641.0";"";"";"4"
"A";"";"13699";"Operadores de Carga e Descarga (Estiva e Capatazia)";"13641.0";"";"";"4"
"A";"";"13700";"Outras Categorias Profissionais";"13641.0";"";"";"4"
"A";"";"13701";"Atividade Extraclasse";"13667.0";"";"";"5"
"A";"";"13702";"Hora Extra/Adicional";"13667.0";"";"";"5"
"A";"";"13703";"Redução Carga Horária";"13667.0";"";"";"5"
"A";"";"13704";"Repouso Semanal Remunerado";"13667.0";"";"";"5"
"A";"";"13705";"Jornada";"13678.0";"";"";"5"
"A";"";"13706";"Ferroviários";"13641.0";"";"";"4"
"A";"";"13707";"Contrato Individual de Trabalho";"12936.0";"13708,13709,13710,13711,13712,13713,13714,13715,13716,13717,13718,13719,13720,13721,13722,13723,13724,13725,13726,13727,13728,13729,13730,13731,13732,13733,13734,13735,13736,13737,13739,13738,13740,13741,13742,13743,13744,13745,13746,13747,13748,13749,13750,13751,13752,13753,13754,13755,13756,14654,14655,14656,14657,14658,13757,13758,13759,13760,13761,13762,13763";"13708,13709,13710,13711,13712,13713,13714,13715,13716,13717,13718,13719,13720,13721,13722,13723,13724,13725,13726,13727,13728,13729,13730,13731,13732,13733,13734,13735,13736,13737,13739,13738,13740,13741,13742,13743,13744,13745,13746,13747,13748,13749,13750,13751,13752,13753,13754,13755,13756,14654,14655,14656,14657,14658,13757,13758,13759,13760,13761,13762,13763";"3"
"A";"";"13708";"Administração Pública";"13707.0";"13726,13727,13728,13729,13730,13731";"13726,13727,13728,13729,13730,13731";"4"
"A";"";"13709";"Advertência/Suspensão";"13707.0";"";"";"4"
"A";"";"13710";"Alteração Contratual ou das Condições de Trabalho";"13707.0";"13732,13733,13734,13735,13736,13737,13739,13738";"13732,13733,13734,13735,13736,13737,13739,13738";"4"
"A";"2022-11-29 15:37:42";"13711";"Contratação de Reabilitados e Pessoas com Deficiência Habilitadas";"13707.0";"13740";"13740";"4"
"A";"";"13712";"Contrato em Regime de Tempo Parcial";"13707.0";"";"";"4"
"A";"";"13713";"Contrato Intermitente";"13707.0";"";"";"4"
"A";"";"13714";"Teletrabalho/Trabalho à Distância/Trabalho em Domicílio";"13707.0";"";"";"4"
"A";"";"13715";"Contrato por Prazo Determinado";"13707.0";"13741,13742,13743,13744";"13741,13742,13743,13744";"4"
"A";"";"13716";"CTPS";"13707.0";"13745,13746,13747";"13745,13746,13747";"4"
"A";"";"13717";"Enquadramento/Classificação";"13707.0";"";"";"4"
"A";"";"13718";"Exame Médico Adminissional/Demissional";"13707.0";"";"";"4"
"A";"";"13719";"FGTS";"13707.0";"13748,13749,13750";"13748,13749,13750";"4"
"A";"";"13720";"inquérito Administrativo - Validade";"13707.0";"";"";"4"
"A";"";"13721";"PIS/RAIS - Cadastramento";"13707.0";"";"";"4"
"A";"";"13722";"Reconhecimento de Relação de Emprego";"13707.0";"13751,13752,13753,13754,13755,13756,14654,14655,14656,14657,14658";"13751,13752,13753,13754,13755,13756,14654,14655,14656,14657,14658";"4"
"A";"";"13723";"Reintegração de Posse - Despejo";"13707.0";"";"";"4"
"A";"";"13724";"Suspensão/Interrupção do Contrato de Trabalho";"13707.0";"13757,13758,13759,13760,13761,13762,13763";"13757,13758,13759,13760,13761,13762,13763";"4"
"A";"";"13725";"Unicidade Contratual";"13707.0";"";"";"4"
"A";"";"13726";"Cessão entre Órgão/Empresa";"13708.0";"";"";"5"
"A";"";"13727";"Contratação em Período Eleitoral";"13708.0";"";"";"5"
"A";"";"13728";"Contrato Nulo - Efeitos";"13708.0";"";"";"5"
"A";"";"13729";"Contrato Temporário";"13708.0";"";"";"5"
"A";"";"13730";"Conversão de Regime Jurídico";"13708.0";"";"";"5"
"A";"";"13731";"Terceirização";"13708.0";"";"";"5"
"A";"";"13732";"Acúmulo de Função";"13710.0";"";"";"5"
"A";"";"13733";"Desvio de Função";"13710.0";"";"";"5"
"A";"";"13734";"Reversão/Retorno ao Cargo Efetivo";"13710.0";"";"";"5"
"A";"";"13735";"Alteração/Revogação de Regulamento da Empresa";"13710.0";"13739";"13739";"5"
"A";"";"13736";"Transferência";"13710.0";"13738";"13738";"5"
"A";"";"13737";"Mudança de Turno";"13710.0";"";"";"5"
"A";"";"13738";"Definitiva/Provisória";"13736.0";"";"";"6"
"A";"";"13739";"Programa de Assistência Médica - Benefícios";"13735.0";"";"";"6"
"A";"";"13740";"Quota Preenchimento";"13711.0";"";"";"5"
"A";"";"13741";"Contrato de Experiência - Nulidade";"13715.0";"";"";"5"
"A";"";"13742";"Contrato de Safra";"13715.0";"";"";"5"
"A";"";"13743";"Contrato de Trabalho Temporário/Provisório";"13715.0";"";"";"5"
"A";"";"13744";"Nulidade";"13715.0";"";"";"5"
"A";"";"13745";"Anotação/Baixa/Retificação";"13716.0";"";"";"5"
"A";"";"13746";"Devolução/Retenção";"13716.0";"";"";"5"
"A";"";"13747";"Multa Administrativa por Ausência de Registro";"13716.0";"";"";"5"
"A";"";"13748";"Correção Monetária";"13719.0";"";"";"5"
"A";"";"13749";"Depósito/Diferenças";"13719.0";"";"";"5"
"A";"";"13750";"Levantamento/Liberação";"13719.0";"";"";"5"
"A";"";"13751";"Atividades Ilícitas";"13722.0";"";"";"5"
"A";"";"13752";"Cooperativa de Trabalho";"13722.0";"";"";"5"
"A";"";"13753";"Policial Militar e Civil";"13722.0";"";"";"5"
"A";"";"13754";"Trabalho em Condições Análogas  à de Escravo";"13722.0";"14654,14655,14656,14657,14658";"14654,14655,14656,14657,14658";"5"
"A";"";"13755";"Trabalho sob Aplicativos e/ou  Plataformas Digitais";"13722.0";"";"";"5"
"A";"";"13756";"Outras Relações de Emprego";"13722.0";"";"";"5"
"A";"";"13757";"Licenças/Afastamentos";"13724.0";"13758,13759,13760,13761,13762,13763";"13758,13759,13760,13761,13762,13763";"5"
"A";"";"13758";"Gestante/Adotante";"13757.0";"";"";"6"
"A";"";"13759";"Licença Previdenciária";"13757.0";"";"";"6"
"A";"";"13760";"Licença sem Remuneração";"13757.0";"";"";"6"
"A";"";"13761";"Afastamento Mulher - Lei Maria da Penha";"13757.0";"";"";"6"
"A";"";"13762";"Outras Licenças";"13757.0";"";"";"6"
"A";"";"13763";"Serviço Militar";"13757.0";"";"";"6"
"A";"";"13764";"Duração do Trabalho";"12936.0";"13765,13766,13767,13768,13769,13770,13771,13772,13773,13774,13775,13776,13777,13778,13779,13780,13781,13782,13783,13784,13785,13786,13787,13788,13789,13790,13791,13792,13793,13794,13795,13796,13797,13798,13799,13800,13801,13802,13803,13804,13805,13806,13807,13808";"13765,13766,13767,13768,13769,13770,13771,13772,13773,13774,13775,13776,13777,13778,13779,13780,13781,13782,13783,13784,13785,13786,13787,13788,13789,13790,13791,13792,13793,13794,13795,13796,13797,13798,13799,13800,13801,13802,13803,13804,13805,13806,13807,13808";"3"
"A";"";"13765";"Adicional Noturno";"13764.0";"13777";"13777";"4"
"A";"";"13766";"Alteração da Jornada";"13764.0";"13778,13779";"13778,13779";"4"
"A";"";"13767";"Compensação de Jornada";"13764.0";"13780,13781,13782,13783,13784,13785";"13780,13781,13782,13783,13784,13785";"4"
"A";"";"13768";"Controle de Jornada";"13764.0";"13786";"13786";"4"
"A";"";"13769";"Horas Extras";"13764.0";"13787,13788,13789,13790,13791,13792,13793,13794,13795,13796,13797";"13787,13788,13789,13790,13791,13792,13793,13794,13795,13796,13797";"4"
"A";"";"13770";"Horas in Itinere";"13764.0";"13798";"13798";"4"
"A";"2024-06-10 18:28:26";"13771";"Intervalo Interjornadas";"13764.0";"";"";"4"
"A";"";"13772";"Intervalo Intrajornada";"13764.0";"13799,13800,13801,13802,13803";"13799,13800,13801,13802,13803";"4"
"A";"";"13773";"Repouso Semanal Remunerado e Feriado";"13764.0";"13804,13805,13806";"13804,13805,13806";"4"
"A";"";"13774";"Sobreaviso/Prontidão/Tempo à Disposição";"13764.0";"";"";"4"
"A";"";"13775";"Trabalho Externo";"13764.0";"";"";"4"
"A";"";"13776";"Turno Ininterrupto de Revezamento";"13764.0";"13807,13808";"13807,13808";"4"
"A";"";"13777";"Prorrogação do Horário Noturno";"13765.0";"";"";"5"
"A";"";"13778";"Acordo Individual e/ou Coletivo de Trabalho";"13766.0";"";"";"5"
"A";"";"13779";"Trabalho em Domicílio/Teletrabalho";"13766.0";"";"";"5"
"A";"";"13780";"Acordo Tácito/Expresso";"13767.0";"";"";"5"
"A";"";"13781";"Banco de Horas";"13767.0";"";"";"5"
"A";"";"13782";"Compensação em Atividade Insalubre";"13767.0";"";"";"5"
"A";"";"13783";"Outros Sistemas de Compensação";"13767.0";"";"";"5"
"A";"";"13784";"Regime  12x36";"13767.0";"";"";"5"
"A";"";"13785";"Vício Formal - Pagamento do Adicional de Horas Extras";"13767.0";"";"";"5"
"A";"";"13786";"Cartão de Ponto";"13768.0";"";"";"5"
"A";"";"13787";"Adicional de Horas Extras";"13769.0";"";"";"5"
"A";"";"13788";"Base de Cálculo";"13769.0";"";"";"5"
"A";"";"13789";"Cargo de Confiança";"13769.0";"";"";"5"
"A";"";"13790";"Comissionista";"13769.0";"";"";"5"
"A";"";"13791";"Contagem de Minutos Residuais";"13769.0";"";"";"5"
"A";"";"13792";"Dedução/Abatimento de Horas Extras";"13769.0";"";"";"5"
"A";"";"13793";"Divisor";"13769.0";"";"";"5"
"A";"";"13794";"Gorjeta";"13769.0";"";"";"5"
"A";"";"13795";"Pré-contratação";"13769.0";"";"";"5"
"A";"";"13796";"Reflexos";"13769.0";"";"";"5"
"A";"";"13797";"Supressão/Redução de Horas Extras/Indenização";"13769.0";"";"";"5"
"A";"";"13798";"Supressão/Limitação por Norma Coletiva";"13770.0";"";"";"5"
"A";"";"13799";"Adicional de Hora Extra";"13772.0";"";"";"5"
"A";"2020-11-17 18:24:19";"13800";"Intervalo  15 Minutos Mulher";"13772.0";"";"";"5"
"A";"";"13801";"Jornada Contratual de 6 Horas - Prorrogação";"13772.0";"";"";"5"
"A";"";"13802";"Natureza Jurídica da Parcela/Repercussão";"13772.0";"";"";"5"
"A";"";"13803";"Redução/Supressão";"13772.0";"";"";"5"
"A";"";"13804";"Cálculo/Repercussão";"13773.0";"";"";"5"
"A";"";"13805";"Feriado em Dobro";"13773.0";"";"";"5"
"A";"";"13806";"Trabalho aos Domingos";"13773.0";"";"";"5"
"A";"";"13807";"Hora Noturna Reduzida";"13776.0";"";"";"5"
"A";"";"13808";"Previsão de 8 Horas - Norma Coletiva";"13776.0";"";"";"5"
"A";"";"13809";"Férias";"12936.0";"13810,13811,13812,13813,13814";"13810,13811,13812,13813,13814";"3"
"A";"";"13810";"Abono Pecuniário";"13809.0";"";"";"4"
"A";"";"13811";"Base de Cálculo";"13809.0";"";"";"4"
"A";"";"13812";"Férias Coletivas";"13809.0";"";"";"4"
"A";"";"13813";"Fruição/Gozo";"13809.0";"";"";"4"
"A";"";"13814";"Indenização/Dobra/Terço Constitucional";"13809.0";"";"";"4"
"A";"";"13815";"Outras Relações de Trabalho";"12936.0";"13816,13817,13818,13819,13820,13821,13822,13823,13824,13825,13826,13827,13828,13829,13830";"13816,13817,13818,13819,13820,13821,13822,13823,13824,13825,13826,13827,13828,13829,13830";"3"
"A";"";"13816";"Aprendizagem";"13815.0";"";"";"4"
"A";"";"13817";"Estágio";"13815.0";"";"";"4"
"A";"";"13818";"Equipe";"13815.0";"";"";"4"
"A";"";"13819";"Cooperado";"13815.0";"";"";"4"
"A";"";"13820";"Corretagem";"13815.0";"";"";"4"
"A";"";"13821";"Diarista";"13815.0";"";"";"4"
"A";"";"13822";"Empreitada";"13815.0";"";"";"4"
"A";"";"13823";"Mãe Social";"13815.0";"";"";"4"
"A";"";"13824";"Mandato";"13815.0";"";"";"4"
"A";"";"13825";"Parceria";"13815.0";"";"";"4"
"A";"";"13826";"Representante Comercial Autônomo";"13815.0";"";"";"4"
"A";"";"13827";"Trabalhador Autônomo Não Especificado";"13815.0";"";"";"4"
"A";"";"13828";"Trabalhador Avulso";"13815.0";"";"";"4"
"A";"";"13829";"Trabalhador Eventual";"13815.0";"";"";"4"
"A";"";"13830";"Trabalhador Voluntário";"13815.0";"";"";"4"
"A";"";"13831";"Verbas Remuneratórias, Indenizatórias e Benefícios";"12936.0";"13832,13833,13834,13835,13836,13837,13838,13839,13840,13841,13842,13843,13844,13845,13846,13847,13848,13849,13850,13851,13852,13853,13854,13855,13856,13857,13858,13859,13860,13861,13862,13863,13864,14119,13865,13866,13867,13868,13869,13870,13871,13872,13873,13874,13875,13876,13877,13878,13879,13880,13881,13882,13883,13884,13885,13886,14118,13887,13888,13889,13890,13891,13892,13893,13894,13895,13896,13897,13898,13899,13900,13901,13902,13903,13904,13905,13906,13907,13908,13909,13910,13911,13912,13913,13914,13915,13916,13917,13918,13919,13920,13921,13922,13923,13924,13925,13926,13927,13928,13929,13930,13931,13932,13933,13934,13935,13936,13937,13938,13939,13940,13941,13942,13943,13944,13945,13946,13947";"13832,13833,13834,13835,13836,13837,13838,13839,13840,13841,13842,13843,13844,13845,13846,13847,13848,13849,13850,13851,13852,13853,13854,13855,13856,13857,13858,13859,13860,13861,13862,13863,13864,13865,13866,13867,13868,13869,13870,13871,13872,13873,13874,13875,13876,13877,13878,13879,13880,13881,13882,13883,13884,13885,13886,14118,13887,13888,13889,13890,13891,13892,13893,13894,13895,13896,13897,13898,13899,13900,13901,13902,13903,13904,13905,13906,13907,13908,13909,13910,13911,13912,13913,13914,13915,13916,13917,13918,13919,13920,13921,13922,13923,13924,13925,13926,13927,13928,13929,13930,13931,13932,13933,13934,13935,13936,13937,13938,13939,13940,13941,13942,13943,13944,13945,13946,13947";"3"
"A";"";"13832";"Abono";"13831.0";"13865,13866,13867,13868,13869,13870";"13865,13866,13867,13868,13869,13870";"4"
"A";"";"13833";"Adicional";"13831.0";"13871,13872,13873,13874,13875,13876,13877,13878,13879,13880,13881,13882,13883,13884,13885,13886,14118,13887,13888,13889,13890,13891,13892,13893,13894";"13871,13872,13873,13874,13875,13876,13877,13878,13879,13880,13881,13882,13883,13884,13885,13886,14118,13887,13888,13889,13890,13891,13892,13893,13894";"4"
"A";"";"13834";"Ajuda de Custo";"13831.0";"";"";"4"
"A";"";"13835";"Ajuda Combustível";"13831.0";"";"";"4"
"A";"";"13836";"Ajuda Quilometragem";"13831.0";"";"";"4"
"A";"";"13837";"Auxílio Creche";"13831.0";"";"";"4"
"A";"";"13838";"Cesta Básica";"13831.0";"";"";"4"
"A";"";"13839";"Comissões e Percentuais";"13831.0";"";"";"4"
"A";"";"13840";"Complementação de Benefício Previdenciário";"13831.0";"";"";"4"
"A";"";"13841";"Complemento Temporário Variável de Ajuste ao Piso de Mercado";"13831.0";"";"";"4"
"A";"2020-11-17 18:56:59";"13842";"Contribuição de Previdência Privada - Resgate";"13831.0";"";"";"4"
"A";"";"13843";"Décimo Terceiro Salário";"13831.0";"";"";"4"
"A";"";"13844";"Descontos Salariais - Devolução";"13831.0";"13895,13896,13897,13898,13899,13900,13901";"13895,13896,13897,13898,13899,13900,13901";"4"
"A";"";"13845";"Diárias";"13831.0";"13902";"13902";"4"
"A";"";"13846";"Gorjeta";"13831.0";"13903";"13903";"4"
"A";"";"13847";"Gratificação";"13831.0";"13904,13905,13906,13907,13908,13909,13910,13911,13912,13913,13914";"13904,13905,13906,13907,13908,13909,13910,13911,13912,13913,13914";"4"
"A";"";"13848";"Gueltas";"13831.0";"";"";"4"
"A";"";"13849";"Licenças e Folgas - Conversão em Pecúnia";"13831.0";"";"";"4"
"A";"";"13850";"Multa Prevista em Norma Coletiva";"13831.0";"";"";"4"
"A";"";"13851";"Participação nos Lucros e Resultados - PLR";"13831.0";"";"";"4"
"A";"";"13852";"PIS - Indenização";"13831.0";"";"";"4"
"A";"";"13853";"Plano de Saúde";"13831.0";"";"";"4"
"A";"";"13854";"Prêmio";"13831.0";"13915";"13915";"4"
"A";"";"13855";"Quebra de Caixa";"13831.0";"";"";"4"
"A";"";"13856";"Restituição/Indenização de Despesas";"13831.0";"13916,13917,13918,13919";"13916,13917,13918,13919";"4"
"A";"";"13857";"Retribuição por Invenção e Patente";"13831.0";"";"";"4"
"A";"";"13858";"Salário/Diferença Salarial";"13831.0";"13920,13921,13922,13923,13924,13925,13926,13927,13928,13929,13930,13931,13932,13933,13934,13935,13936,13937,13938,13939,13940,13941,13942,13943,13944,13945,13946,13947";"13920,13921,13922,13923,13924,13925,13926,13927,13928,13929,13930,13931,13932,13933,13934,13935,13936,13937,13938,13939,13940,13941,13942,13943,13944,13945,13946,13947";"4"
"A";"";"13859";"Seguro de Vida";"13831.0";"";"";"4"
"A";"";"13860";"Sexta Parte";"13831.0";"";"";"4"
"A";"";"13861";"Supressão/Redução de Horas Extras Habituais - Indenização";"13831.0";"";"";"4"
"A";"";"13862";"Tarefa";"13831.0";"";"";"4"
"A";"";"13863";"Auxílio/Tíquete Alimentação";"13831.0";"";"";"4"
"A";"";"13864";"Vale Transporte";"13831.0";"";"";"4"
"A";"";"13865";"Assiduidade";"13832.0";"";"";"5"
"A";"";"13866";"Dedicação Integral";"13832.0";"";"";"5"
"A";"";"13867";"Emergência";"13832.0";"";"";"5"
"A";"";"13868";"Faltas";"13832.0";"";"";"5"
"A";"";"13869";"Outros Abonos";"13832.0";"";"";"5"
"A";"";"13870";"Permanência";"13832.0";"";"";"5"
"A";"";"13871";"Adicional de Antiguidade";"13833.0";"";"";"5"
"A";"";"13872";"Adicional de Caráter Pessoal";"13833.0";"";"";"5"
"A";"";"13873";"Adicional de Confinamento";"13833.0";"";"";"5"
"A";"";"13874";"Adicional de Dedicação Integral";"13833.0";"";"";"5"
"A";"";"13875";"Adicional de Insalubridade";"13833.0";"13882,13883,13884,13885,13886,14118";"13882,13883,13884,13885,13886,14118";"5"
"A";"";"13876";"Adicional de Penosidade";"13833.0";"";"";"5"
"A";"";"13877";"Adicional de Periculosidade";"13833.0";"13887,13888,13889,13890,13891,13892,13893,13894";"13887,13888,13889,13890,13891,13892,13893,13894";"5"
"A";"";"13878";"Adicional de Produtividade";"13833.0";"";"";"5"
"A";"";"13879";"Adicional de Risco";"13833.0";"";"";"5"
"A";"";"13880";"Adicional de Transferência";"13833.0";"";"";"5"
"A";"";"13881";"Outros Adicionais";"13833.0";"";"";"5"
"A";"";"13882";"Base de Cálculo";"13875.0";"";"";"6"
"A";"2020-11-18 11:53:45";"13883";"Lixo Urbano";"13875.0";"";"";"6"
"A";"";"13884";"Óleos Minerais";"13875.0";"";"";"6"
"A";"";"13885";"Outros Agentes Insalubres";"13875.0";"";"";"6"
"A";"";"13886";"Raios Solares";"13875.0";"";"";"6"
"A";"";"13887";"Armazenamento de Líquido Inflamável";"13877.0";"";"";"6"
"A";"";"13888";"Base de Cálculo";"13877.0";"";"";"6"
"A";"";"13889";"Cumulação com Adicional de Insalubridade";"13877.0";"";"";"6"
"A";"";"13890";"Eletricitário";"13877.0";"";"";"6"
"A";"";"13891";"Hora Extra - Integração";"13877.0";"";"";"6"
"A";"";"13892";"Percentual Inferior ao Legal - Norma Coletiva";"13877.0";"";"";"6"
"A";"";"13893";"Radiação Ionizante ou Substância Radioativa";"13877.0";"";"";"6"
"A";"";"13894";"Tempo de Exposição";"13877.0";"";"";"6"
"A";"";"13895";"Desconto Assistencial";"13844.0";"";"";"5"
"A";"";"13896";"Desconto por Dano - Norma Coletiva";"13844.0";"";"";"5"
"A";"";"13897";"Desconto Sindical";"13844.0";"";"";"5"
"A";"";"13898";"Frentista - Devolução de Cheque";"13844.0";"";"";"5"
"A";"";"13899";"Outros Descontos Salariais";"13844.0";"";"";"5"
"A";"";"13900";"Previ e Cassi/BB";"13844.0";"";"";"5"
"A";"";"13901";"Seguro de Vida";"13844.0";"";"";"5"
"A";"";"13902";"Integração ao Salário";"13845.0";"";"";"5"
"A";"";"13903";"Natureza Jurídica da Parcela - Repercussão";"13846.0";"";"";"5"
"A";"";"13904";"Gratificação Ajustada";"13847.0";"";"";"5"
"A";"";"13905";"Gratificação Anual";"13847.0";"";"";"5"
"A";"";"13906";"Gratificação de Aposentadoria";"13847.0";"";"";"5"
"A";"";"13907";"Gratificação de Caixa";"13847.0";"";"";"5"
"A";"";"13908";"Gratificação de Farmácia";"13847.0";"";"";"5"
"A";"";"13909";"Gratificação de Férias";"13847.0";"";"";"5"
"A";"";"13910";"Gratificação de Função";"13847.0";"";"";"5"
"A";"";"13911";"Gratificação por Tempo de Serviço";"13847.0";"";"";"5"
"A";"";"13912";"Gratificação Semestral";"13847.0";"";"";"5"
"A";"";"13913";"Incorporação";"13847.0";"";"";"5"
"A";"";"13914";"Outras Gratificações";"13847.0";"";"";"5"
"A";"";"13915";"Produção";"13854.0";"";"";"5"
"A";"";"13916";"Despesa com Chapa";"13856.0";"";"";"5"
"A";"";"13917";"Despesa com Deslocamento";"13856.0";"";"";"5"
"A";"";"13918";"Ferramentas Próprias";"13856.0";"";"";"5"
"A";"";"13919";"Uniforme";"13856.0";"";"";"5"
"A";"";"13920";"Aumento Compensatório Especial";"13858.0";"";"";"5"
"A";"";"13921";"Diferença de Caixa";"13858.0";"";"";"5"
"A";"";"13922";"Diferenças por Desvio de Função";"13858.0";"";"";"5"
"A";"";"13923";"Função de Confiança - Incorporação";"13858.0";"";"";"5"
"A";"";"13924";"Integração em Verbas Rescisórias";"13858.0";"";"";"5"
"A";"";"13925";"Licença Prêmio";"13858.0";"";"";"5"
"A";"";"13926";"Mínimo";"13858.0";"";"";"5"
"A";"";"13927";"Período de Afastamento - Reintegração";"13858.0";"";"";"5"
"A";"";"13928";"Piso Salarial da Categoria/Salário Mínimo Profissional";"13858.0";"";"";"5"
"A";"";"13929";"Plano de Cargos e Salários";"13858.0";"";"";"5"
"A";"";"13930";"Promoção";"13858.0";"";"";"5"
"A";"";"13931";"Reajuste Salarial";"13858.0";"";"";"5"
"A";"";"13932";"Salário Base - Obediência ao Salário Mínimo";"13858.0";"";"";"5"
"A";"";"13933";"Salário Complessivo";"13858.0";"";"";"5"
"A";"";"13934";"Salário Família";"13858.0";"";"";"5"
"A";"";"13935";"Salário in Natura";"13858.0";"";"";"5"
"A";"";"13936";"Salário Maternidade";"13858.0";"";"";"5"
"A";"";"13937";"Salário Paternidade";"13858.0";"";"";"5"
"A";"";"13938";"Salário por Acúmulo de Cargo/Função";"13858.0";"";"";"5"
"A";"";"13939";"Salário por Equiparação/Isonomia";"13858.0";"13946,13947";"13946,13947";"5"
"A";"";"13940";"Salário por Fora - Integração";"13858.0";"";"";"5"
"A";"";"13941";"Salário por Safra";"13858.0";"";"";"5"
"A";"";"13942";"Salário Substituição";"13858.0";"";"";"5"
"A";"";"13943";"Salário Suplementar";"13858.0";"";"";"5"
"A";"2020-11-18 12:20:57";"13944";"Salário Vencido/Retido";"13858.0";"";"";"5"
"A";"";"13945";"Teto Salarial - Limitação";"13858.0";"";"";"5"
"A";"";"13946";"Quadro de Carreira";"13939.0";"";"";"6"
"A";"";"13947";"Multa pela Ilicitude da Discriminação Salarial";"13939.0";"";"";"6"
"A";"";"13949";"Rescisão do Contrato de Trabalho";"12936.0";"13950,13951,13952,13953,13954,13955,13956,13957,13958,13959,13960,13961,13962,13963,13964,13965,13966,13967,13968,13969,13970,13971,13972,13973,13974,13975,13976,13977,13978,13979,13980,13981,13982,13983,13984,13985,13986,13987,13988,13989,13990,13991,13992,13993,13994,13995,13996,13997,13998,13999,14000,14001,14002,14003,14004,14005,14006";"13950,13951,13952,13953,13954,13955,13956,13957,13958,13959,13960,13961,13962,13963,13964,13965,13966,13967,13968,13969,13970,13971,13972,13973,13974,13975,13976,13977,13978,13979,13980,13981,13982,13983,13984,13985,13986,13987,13988,13989,13990,13991,13992,13993,13994,13995,13996,13997,13998,13999,14000,14001,14002,14003,14004,14005,14006";"3"
"A";"";"13950";"Acordo Entre as Partes";"13949.0";"13971,13972,13973";"13971,13972,13973";"4"
"A";"";"13951";"Comunicação de Dispensa aos Órgãos Competentes - Ausência";"13949.0";"";"";"4"
"A";"";"13952";"Aposentadoria";"13949.0";"";"";"4"
"A";"";"13953";"Culpa Recíproca";"13949.0";"";"";"4"
"A";"";"13954";"Despedida/Dispensa Imotivada";"13949.0";"13974,13975";"13974,13975";"4"
"A";"";"13955";"Dispensas Plúrimas";"13949.0";"";"";"4"
"A";"";"13956";"Extinção do Estabelecimento/Empresa";"13949.0";"";"";"4"
"A";"";"13957";"Extinção Normal do Contrato a Termo";"13949.0";"";"";"4"
"A";"";"13958";"Força Maior/Factum Principis";"13949.0";"";"";"4"
"A";"";"13959";"Fraude";"13949.0";"";"";"4"
"A";"";"13960";"indenização por Tempo de Serviço";"13949.0";"";"";"4"
"A";"";"13961";"Indenização por Rescisão Antecipada do Contrato a Termo";"13949.0";"";"";"4"
"A";"";"13962";"Justa Causa/Falta Grave";"13949.0";"";"";"4"
"A";"";"13963";"Morte";"13949.0";"";"";"4"
"A";"";"13964";"Plano de demissão Voluntária/Incentivada";"13949.0";"";"";"4"
"A";"";"13965";"Pedido de Demissão";"13949.0";"";"";"4"
"A";"";"13966";"Quitação";"13949.0";"13976,13977,13978";"13976,13977,13978";"4"
"A";"";"13967";"Reintegração/Readmissão ou Indenização Substitutiva";"13949.0";"13979,13980,13981,13982,13983,13984,13985,13986,13987,13988,13989,13990,13991";"13979,13980,13981,13982,13983,13984,13985,13986,13987,13988,13989,13990,13991";"4"
"A";"";"13968";"Rescisão Indireta";"13949.0";"";"";"4"
"A";"";"13969";"Seguro Desemprego";"13949.0";"13992,13993";"13992,13993";"4"
"A";"";"13970";"Verbas Rescisórias";"13949.0";"13994,13995,13996,13997,13998,13999,14000,14001,14002,14003,14004,14005,14006";"13994,13995,13996,13997,13998,13999,14000,14001,14002,14003,14004,14005,14006";"4"
"A";"";"13971";"FGTS - Levantamento Parcial e Multa de 20%";"13950.0";"";"";"5"
"A";"";"13972";"Seguro Desemprego - Impossibilidade de Acesso";"13950.0";"";"";"5"
"A";"";"13973";"Verbas Rescisórias";"13950.0";"";"";"5"
"A";"";"13974";"Nulidade";"13954.0";"";"";"5"
"A";"";"13975";"Obstativa";"13954.0";"";"";"5"
"A";"";"13976";"Acordo - Comissão de Conciliação Prévia";"13966.0";"";"";"5"
"A";"";"13977";"Termo de Quitação Anual";"13966.0";"";"";"5"
"A";"";"13978";"Termo de Rescisão Contratual";"13966.0";"";"";"5"
"A";"";"13979";"Anistia";"13967.0";"";"";"5"
"A";"";"13980";"Contrato Suspenso";"13967.0";"";"";"5"
"A";"";"13981";"Dirigente Sindical";"13967.0";"";"";"5"
"A";"";"13982";"Empregado Público";"13967.0";"";"";"5"
"A";"";"13983";"Estabilidade Acidentária";"13967.0";"";"";"5"
"A";"";"13984";"Estabilidade Decorrente de Norma Coletiva";"13967.0";"";"";"5"
"A";"";"13985";"Estabilidade do Dirigente de Cooperativa";"13967.0";"";"";"5"
"A";"";"13986";"Estabilidade do Integrante de CCP";"13967.0";"";"";"5"
"A";"";"13987";"Estabilidade do Representante da Empresa";"13967.0";"";"";"5"
"A";"";"13988";"Gestante";"13967.0";"";"";"5"
"A";"";"13989";"Membro de Cipa";"13967.0";"";"";"5"
"A";"";"13990";"Dispensa Discriminatória";"13967.0";"";"";"5"
"A";"";"13991";"Outras Hipóteses de Estabilidade";"13967.0";"";"";"5"
"A";"2020-11-18 13:10:04";"13992";"Indenização";"13969.0";"";"";"5"
"A";"";"13993";"Liberação/Entrega das Guias";"13969.0";"";"";"5"
"A";"";"13994";"Aviso Prévio";"13970.0";"14002,14003,14004,14005";"14002,14003,14004,14005";"5"
"A";"";"13995";"Décimo Terceiro Salário Proporcional";"13970.0";"";"";"5"
"A";"";"13996";"Férias Proporcionais";"13970.0";"";"";"5"
"A";"";"13997";"indenização Adicional";"13970.0";"";"";"5"
"A";"";"13998";"Multa de 40% do FGTS";"13970.0";"14006";"14006";"5"
"I";"2019-08-27 00:00:00";"1654";"Contrato Individual de Trabalho";"864.0";"1806,1816,1844,1957,2029,2133,2233,2409,2421,2537,2554,2670,5272,5273,5274,7641,7647,13118,13163,13309,1932,2445,2523,13331,13402,13479,13569,13570,1807,13383,13384,13486,5352,5354,13403,13480,2031,2033,2037,13518,13352,13389,13492,13504,13553,13556,1814,1822,2266,13374,13388,13545,9487,13571,13572,13573,13574,13575,13576";"";"2"
"I";"2019-08-27 00:00:00";"1658";"Duração do Trabalho";"864.0";"1661,1663,2086,2116,2139,2140,2141,2426,10581,13060,13096,13122,13317,13538,13515,13337,13362,13368,13376,13382,13393,13408,13441,13507,13522,13539,13336,13463,13467,13485,13519,13366,13431,13552,13455,13512,13328,13554,13330,13360,13377,13496,13523,13562,13369";"";"2"
"I";"2019-08-27 00:00:00";"1661";"Horas In Itinere";"1658.0";"13538";"";"3"
"I";"2019-08-27 00:00:00";"1663";"Adicional Noturno";"1658.0";"13515";"";"3"
"I";"2019-08-27 00:00:00";"1666";"Insalubridade";"2594.0";"13577,13578,13579,13580,13581,13582";"";"4"
"I";"2020-11-18 12:32:47";"1681";"Periculosidade";"2594.0";"13583,13584,13585,13586,13587,13588,13589,13590";"";"4"
"I";"2020-11-17 15:41:30";"1690";"Contribuição Assistencial";"1697.0";"";"";"3"
"I";"2020-11-17 15:41:15";"1691";" Contribuição Confederativa";"1697.0";"";"";"3"
"I";"2020-11-17 15:42:03";"1697";"Direito Sindical e Questões Análogas";"864.0";"1690,1691,1703,1705,1773,4452,10564,13394,13616";"";"2"
"I";"2020-11-17 15:41:19";"1703";" Eleição";"1697.0";"";"";"3"
"I";"2020-11-17 15:41:25";"1705";" Registro de Entidade Sindical";"1697.0";"";"";"3"
"I";"2020-11-18 12:40:56";"1721";"Salário In Natura";"2458.0";"";"";"4"
"I";"2020-11-18 13:42:12";"1723";"Assédio Moral";"1855.0";"";"";"4"
"I";"2020-11-18 13:42:17";"1724";"Assédio Sexual";"1855.0";"";"";"4"
"I";"2020-11-18 12:34:15";"1767";"Cesta Básica";"2581.0";"";"";"3"
"I";"2020-11-17 15:41:37";"1773";"Contribuição Sindical";"1697.0";"";"";"3"
"I";"2020-11-18 12:34:24";"1783";"Comissões e Percentuais";"2581.0";"";"";"3"
"I";"2020-11-18 12:35:15";"1789";"Complemento Temporário Variável de Ajuste ao Piso de Mercado";"2581.0";"";"";"3"
"I";"2019-08-27 00:00:00";"1806";"Alteração Contratual ou das Condições de Trabalho";"1654.0";"1932,2445,2523,13331,13402,13479,13569,13570";"";"3"
"I";"2019-08-27 00:00:00";"1807";"Contrato de Experiência - Nulidade";"1816.0";"";"";"4"
"I";"2019-08-27 00:00:00";"1814";"Contrato Nulo";"5272.0";"";"";"4"
"I";"2019-08-27 00:00:00";"1816";"Contrato Por Prazo Determinado";"1654.0";"1807,13383,13384,13486";"";"3"
"I";"2019-08-27 00:00:00";"1822";"Contrato Temporário";"5272.0";"";"";"4"
"I";"2019-08-27 00:00:00";"1844";"CTPS";"1654.0";"5352,5354,13403,13480";"";"3"
"I";"2020-11-18 13:18:21";"1849";"Culpa Recíproca";"2620.0";"";"";"3"
"I";"2020-11-18 13:42:00";"1855";"Indenizaçao por Dano Moral";"2567.0";"1723,1724,2569,9051,13344,13355,13380,13387,13411,13436,13474,13475,13517,13529,13560";"";"3"
"I";"2020-11-18 12:35:43";"1888";"Descontos Salariais - Devolução";"2581.0";"";"";"3"
"I";"2020-11-18 13:18:25";"1904";"Despedida / Dispensa Imotivada";"2620.0";"13487,13488";"";"3"
"I";"2020-11-18 13:19:21";"1907";"Justa Causa / Falta Grave";"2620.0";"";"";"3"
"I";"2020-11-18 12:36:37";"1920";"Diárias";"2581.0";"13459";"";"3"
"I";"2020-11-18 13:20:51";"1929";"Dirigente Sindical";"2656.0";"";"";"4"
"I";"2019-08-27 00:00:00";"1932";"Reversão / Retorno ao Cargo Efetivo";"1806.0";"";"";"4"
"I";"2020-11-18 14:07:05";"1937";"Responsabilidade Solidária / Subsidiária";"864.0";"2704,5356,8805,8806,8807,13108,13302,13416,13418,13465,13473,13361";"";"2"
"I";"2019-08-27 00:00:00";"1957";"PIS / RAIS";"1654.0";"";"";"3"
"I";"2020-11-18 13:20:17";"1965";" Empregado Público";"2656.0";"";"";"4"
"I";"2020-11-18 13:20:32";"1966";" Portador de HIV";"2656.0";"";"";"4"
"I";"2020-11-18 13:20:48";"1976";"Contrato Suspenso";"2656.0";"";"";"4"
"I";"2020-11-18 13:21:01";"1977";"Estabilidade decorrente de Norma Coletiva";"2656.0";"";"";"4"
"I";"2020-11-18 13:20:21";"1978";" Gestante";"2656.0";"";"";"4"
"I";"2020-11-18 13:20:25";"1981";" Membro da Cipa";"2656.0";"";"";"4"
"I";"2020-11-18 13:22:45";"1998";"Multa de 40% do FGTS";"2546.0";"13597";"";"4"
"I";"2020-11-17 18:39:59";"2019";"Fruição / Gozo ";"2662.0";"";"";"3"
"I";"2020-11-17 18:40:08";"2021";"Indenização / Terço Constitucional";"2662.0";"";"";"3"
"I";"2019-08-27 00:00:00";"2029";"FGTS mas em outro ramo na árvore da justiça do trabalho";"1654.0";"2031,2033,2037";"";"3"
"I";"2019-08-27 00:00:00";"2031";"Correção Monetária";"2029.0";"";"";"4"
"I";"2020-11-04 16:19:50";"2033";"Depósito / Diferenças";"2029.0";"";"";"4"
"I";"2019-08-27 00:00:00";"2037";"Levantamento / Liberação";"2029.0";"";"";"4"
"I";"2019-08-27 00:00:00";"2086";"Horas Extras";"1658.0";"13337,13362,13368,13376,13382,13393,13408,13441,13507,13522,13539";"";"3"
"I";"2019-08-27 00:00:00";"2116";"Sobreaviso";"1658.0";"";"";"3"
"I";"2020-11-18 12:42:01";"2117";"Supressão de Horas Extras Habituais - Indenização";"2581.0";"";"";"3"
"I";"2019-08-27 00:00:00";"2133";"Inquérito Administrativo";"1654.0";"";"";"3"
"I";"2020-11-17 18:35:23";"2135";"Sentença Normativa";"864.0";"4437,7649";"";"2"
"I";"2019-08-27 00:00:00";"2139";"Intervalo Interjornada";"1658.0";"";"";"3"
"I";"2019-08-27 00:00:00";"2140";"Intervalo Intrajornada";"1658.0";"13336,13463,13467,13485,13519";"";"3"
"I";"2019-08-27 00:00:00";"2141";"Adicional de Hora Extra";"1658.0";"";"";"3"
"I";"2020-11-18 13:22:52";"2210";"Multa do Artigo 467 da CLT";"2546.0";"";"";"4"
"I";"2020-11-18 13:22:55";"2212";"Multa do Artigo 477 da CLT";"2546.0";"";"";"4"
"I";"2020-11-18 12:38:07";"2215";"Multa Prevista em Norma Coletiva";"2581.0";"";"";"3"
"I";"2019-08-27 00:00:00";"2233";"Contratação de Reabilitados e Deficientes Habilitados";"1654.0";"13518";"";"3"
"I";"2020-11-18 13:19:38";"2243";"Plano de Demissão Voluntária";"2620.0";"";"";"3"
"I";"2019-08-27 00:00:00";"2266";"Contratação em Período Eleitoral";"5272.0";"";"";"4"
"I";"2020-11-18 12:38:17";"2273";"PIS - Indenização";"2581.0";"";"";"3"
"I";"2020-11-18 12:40:17";"2275";"Piso Salarial da Categoria / Salário Mínimo Profissional";"2458.0";"";"";"4"
"I";"2020-11-18 12:38:28";"2331";"Prêmio";"2581.0";"13513";"";"3"
"I";"2020-11-18 12:35:22";"2349";"Contribuição de Previdência Privada - Resgate";"2581.0";"";"";"3"
"I";"2020-11-18 12:38:20";"2364";"Plano de Saúde";"2581.0";"";"";"3"
"I";"2019-08-27 00:00:00";"2409";"Enquadramento / Classificação";"1654.0";"";"";"3"
"I";"2019-08-27 00:00:00";"2421";"Reintegração de Posse - Despejo";"1654.0";"";"";"3"
"I";"2019-08-27 00:00:00";"2426";"Repouso Semanal Remunerado e Feriado";"1658.0";"13366,13431,13552";"";"3"
"I";"2020-11-18 13:21:26";"2435";"Rescisão Indireta";"2620.0";"";"";"3"
"I";"2019-08-27 00:00:00";"2445";"Alteração / Revogação de Regulamento da Empresa";"1806.0";"13569";"";"4"
"I";"2020-11-18 12:40:31";"2449";"Reajuste Salarial";"2458.0";"";"";"4"
"I";"2020-11-18 12:36:48";"2450";"Gorjeta";"2581.0";"13484";"";"3"
"I";"2020-11-18 12:41:40";"2452";"Salário Vencido / Retido";"2458.0";"";"";"4"
"I";"2020-11-18 12:39:25";"2458";"Salário / Diferença Salarial";"2581.0";"1721,2275,2449,2452,2461,2463,2466,2468,2697,5269,8810,8812,8816,13356,13404,13405,13439,13460,13472,13499,13502,13514,13532,13533,13534,13548,13591,13592";"";"3"
"I";"2020-11-18 12:40:47";"2461";"Salário Família";"2458.0";"";"";"4"
"I";"2020-11-18 12:41:06";"2463";"Salário Paternidade";"2458.0";"";"";"4"
"I";"2020-11-18 12:41:20";"2466";"Salário Por Fora - Integração";"2458.0";"";"";"4"
"I";"2020-11-18 12:41:25";"2468";"Salário Por Safra";"2458.0";"";"";"4"
"I";"2020-11-18 12:41:48";"2477";"Seguro de Vida";"2581.0";"";"";"3"
"I";"2020-11-18 13:21:35";"2478";"Seguro Desemprego";"2620.0";"2479,2480";"";"3"
"I";"2020-11-18 13:21:39";"2479";"Indenização";"2478.0";"";"";"4"
"I";"2020-11-18 13:21:42";"2480";"Liberação das Guias";"2478.0";"";"";"4"
"I";"2020-11-18 12:42:05";"2493";"Tarefa ";"2581.0";"";"";"3"
"I";"2020-11-18 12:34:08";"2506";"Auxílio / Tíquete Alimentação";"2581.0";"";"";"3"
"I";"2019-08-27 00:00:00";"2523";"Transferência";"1806.0";"13570";"13570";"4"
"I";"2019-08-27 00:00:00";"2537";"Unicidade Contratual";"1654.0";"";"";"3"
"I";"2020-11-18 12:42:09";"2540";"Vale Transporte";"2581.0";"";"";"3"
"I";"2020-11-18 13:21:51";"2546";"Verbas Rescisórias";"2620.0";"1998,2210,2212,2641,8820,8821,8822,8823,13597,13593,13594,13595,13596";"";"3"
"I";"2019-08-27 00:00:00";"2554";"Reconhecimento de Relação de Emprego";"1654.0";"13352,13389,13492,13504,13553,13556";"";"3"
"I";"2020-11-17 18:48:43";"2557";"Aprendizagem";"7628.0";"";"";"3"
"I";"2020-11-17 18:48:47";"2558";"Cooperado";"7628.0";"";"";"3"
"I";"2020-11-17 18:49:10";"2559";"Estágio";"7628.0";"";"";"3"
"I";"2020-11-18 13:41:16";"2567";"Responsabilidade Civil do Empregador";"864.0";"1855,8808,13193,13194,13195,13196,1723,1724,2569,9051,13344,13355,13380,13387,13411,13436,13474,13475,13517,13529,13560,8809,13381,13410,13498";"";"2"
"I";"2020-11-18 13:42:03";"2569";"Acidente de Trabalho";"1855.0";"";"";"4"
"I";"2020-11-18 12:29:53";"2581";"Verbas Remuneratórias, Indenizatórias e Benefícios";"864.0";"1767,1783,1789,1888,1920,2055,2117,2215,2273,2331,2349,2364,2450,2458,2477,2493,2506,2540,2583,2594,2606,2666,4442,8813,13056,13057,13058,13078,13090,13103,13104,13119,13130,13137,13182,13246,13274,13293,13301,13459,8817,8818,13443,13444,13445,13446,13448,13449,13450,13457,13490,13513,13484,1721,2275,2449,2452,2461,2463,2466,2468,2697,5269,8810,8812,8816,13356,13404,13405,13439,13460,13472,13499,13502,13514,13532,13533,13534,13548,13591,13592,13349,13392,13413,13429,13493,13500,1666,1681,2604,13332,13333,13334,13335,13338,13339,13341,13494,13577,13578,13579,13580,13581,13582,13583,13584,13585,13586,13587,13588,13589,13590,13400,13401,13433,13558,13395,13396,13397,13438,13495,13511,13535";"2055,8817,8818,13443,13444,13445,13446,13448,13449,13450,13457,13490";"2"
"I";"2020-11-18 12:30:03";"2583";"Abono";"2581.0";"13349,13392,13413,13429,13493,13500";"";"3"
"I";"2020-11-18 12:30:42";"2594";"Adicional ";"2581.0";"1666,1681,2604,13332,13333,13334,13335,13338,13339,13341,13494,13577,13578,13579,13580,13581,13582,13583,13584,13585,13586,13587,13588,13589,13590";"";"3"
"I";"2020-11-18 12:31:19";"2604";"Adicional de Transferência";"2594.0";"";"";"4"
"I";"2020-11-18 12:33:59";"2606";"Ajuda de Custo";"2581.0";"";"";"3"
"I";"2020-11-18 13:17:33";"2620";"Rescisão do Contrato de Trabalho";"864.0";"1849,1904,1907,2243,2435,2478,2546,2656,8824,13049,13064,13107,13141,13166,13167,13175,13178,13197,13228,13247,13275,13487,13488,2479,2480,1998,2210,2212,2641,8820,8821,8822,8823,13597,13593,13594,13595,13596,1929,1965,1966,1976,1977,1978,1981,2657,2661,13422,13423,13424,13491,13435,13536,13561,13327,13546,13547";"";"2"
"I";"2020-11-17 16:00:43";"2622";"Aposentadoria e Pensão";"864.0";"2624,13160,13324,13358,13365,13375,13421,13437,13447,13497,13503,13508,13521,13564";"";"2"
"I";"2020-11-17 15:59:12";"2624";"Complementação de Aposentadoria / Pensão";"2622.0";"13324,13358,13365,13375,13421,13437,13447,13497,13503,13508,13521,13564";"";"3"
"I";"2020-11-18 13:21:56";"2641";"AVISO PRÉVIO";"2546.0";"13593,13594,13595,13596";"";"4"
"I";"2020-11-18 13:20:10";"2656";"Reintegração / Readmissão ou Indenização Substitutiva";"2620.0";"1929,1965,1966,1976,1977,1978,1981,2657,2661,13422,13423,13424,13491";"";"3"
"I";"2020-11-18 13:20:44";"2657";"Anistia";"2656.0";"";"";"4"
"I";"2020-11-18 13:20:56";"2661";"Estabilidade Acidentária";"2656.0";"";"";"4"
"I";"2020-11-17 18:39:41";"2662";"Férias";"864.0";"2019,2021,2663,13082,13172,13192";"";"2"
"I";"2020-11-17 18:39:45";"2663";"Abono Pecuniário";"2662.0";"";"";"3"
"I";"2020-11-18 12:35:35";"2666";"Décimo Terceiro Salário";"2581.0";"";"";"3"
"I";"2019-08-27 00:00:00";"2670";"Advertência / Suspensão";"1654.0";"";"";"3"
"I";"2020-11-18 12:41:16";"2697";"Salário por Equiparação / Isonomia";"2458.0";"13591,13592";"";"4"
"I";"2020-11-18 14:07:41";"2704";"Terceirização / Tomador de Serviços";"1937.0";"13416,13418,13465,13473";"";"3"
"I";"2021-05-28 16:25:52";"3469";"Ultraje Público ao Pudor (Ato/Escrito Obsceno)";"3463.0";"";"";"3"
"I";"2022-07-01 14:29:34";"3611";"Crimes contra a Segurança Nacional, a Ordem Política e Social";"3603.0";"";"";"3"
"I";"2023-03-31 13:38:59";"3613";"Crimes Resultante de Preconceito de Raça ou de Cor";"3603.0";"";"";"3"
"I";"2021-09-29 11:24:23";"3624";"Caça ";"3618.0";"";"";"4"
"I";"2021-09-29 11:24:16";"3627";"Pesca ";"3618.0";"";"";"4"
"I";"2023-09-27 17:05:10";"3664";"Crimes Militares";"3603.0";"10830,10831,10832,10833,10834,10835,10836,10837,10838,10839,10840,10841,10843,10844,10852,10850,10851,10845,10846,10842,10847,10848,10849";"";"3"
"I";"2020-11-17 18:35:34";"4437";"Revisão";"2135.0";"";"";"3"
"I";"2020-11-18 12:38:49";"4442";"Restituição / Indenização de Despesa";"2581.0";"13400,13401,13433,13558";"";"3"
"I";"2020-11-17 15:41:47";"4452";"Representação Sindical";"1697.0";"13394,13616";"";"3"
"I";"2020-11-18 12:40:03";"5269";"Mínimo";"2458.0";"";"";"4"
"I";"2019-08-27 00:00:00";"5272";"Administração Pública";"1654.0";"1814,1822,2266,13374,13388,13545";"";"3"
"I";"2019-08-27 00:00:00";"5273";"Suspensão / Interrupção do Contrato de Trabalho ";"1654.0";"9487,13571,13572,13573,13574,13575,13576";"";"3"
"I";"2019-08-27 00:00:00";"5274";"Contrato de Trabalho Temporário";"1654.0";"";"";"3"
"I";"2020-11-17 16:39:34";"5276";"Advogados";"7644.0";"13391,13414";"";"3"
"I";"2020-11-17 16:39:50";"5277";"Aeronautas";"7644.0";"";"";"3"
"I";"2020-11-17 16:40:00";"5278";"Artistas";"7644.0";"";"";"3"
"I";"2020-11-17 16:40:09";"5279";"Atleta Profissional";"7644.0";"";"";"3"
"I";"2020-11-17 16:40:14";"5280";"Bancários";"7644.0";"13367,13409,13417,13440,13442,13464,13530,13565,13566,13567,13568";"";"3"
"I";"2020-11-17 16:41:35";"5281";"Cabineiros de Elevador";"7644.0";"";"";"3"
"I";"2020-11-17 16:42:06";"5282";"Doméstico";"7644.0";"";"";"3"
"I";"2020-11-17 16:42:44";"5284";"Engenheiro, Arquiteto e Engenheiro Agrônomo";"7644.0";"13501";"";"3"
"I";"2020-11-17 16:43:05";"5286";"Jornalistas";"7644.0";"";"";"3"
"I";"2020-11-17 16:43:10";"5287";"Marítimos";"7644.0";"";"";"3"
"I";"2020-11-17 16:41:55";"5288";"Digitadores / Mecanógrafos / Datilógrafos";"7644.0";"13419";"";"3"
"I";"2020-11-17 16:43:16";"5289";"Médicos";"7644.0";"";"";"3"
"I";"2020-11-17 16:43:21";"5290";"Mineiros de Subsolos";"7644.0";"";"";"3"
"I";"2020-11-17 16:43:25";"5291";"Músicos Profissionais";"7644.0";"";"";"3"
"I";"2020-11-17 16:43:55";"5292";"Operadores de Carga e Descarga (Estiva e Capatazia)";"7644.0";"";"";"3"
"I";"2020-11-17 16:43:44";"5293";"Operadores Cinematográficos";"7644.0";"";"";"3"
"I";"2020-11-17 16:44:18";"5294";"Professores";"7644.0";"13351,13453,13520,13527";"";"3"
"I";"2020-11-17 16:45:01";"5295";"Químicos";"7644.0";"";"";"3"
"I";"2020-11-17 16:45:09";"5296";"Radialistas";"7644.0";"";"";"3"
"I";"2020-11-17 16:45:38";"5297";"Serviços de Telefonia ou Telegrafia";"7644.0";"";"";"3"
"I";"2020-11-17 16:44:08";"5299";"Petroleiros";"7644.0";"13466";"";"3"
"I";"2020-11-17 16:45:47";"5301";"Vigia e Vigilantes";"7644.0";"";"";"3"
"I";"2019-08-27 00:00:00";"5352";"Anotação / Baixa / Retificação";"1844.0";"";"";"4"
"I";"2019-08-27 00:00:00";"5354";"Devolução";"1844.0";"";"";"4"
"I";"2020-11-18 14:07:12";"5356";"Grupo Econômico";"1937.0";"";"";"3"
"I";"2010-03-05 10:27:25";"6214";"Casamento e Divórcio";"6191.0";"";"";"2"
"I";"2019-07-04 16:37:47";"6233";"Planos de Saúde";"7771.0";"12222,12223,12224,12225";"";"3"
"I";"2020-11-17 18:48:39";"7628";"Outras Relações de Trabalho";"864.0";"2557,2558,2559,7629,7630,7631,7632,7633,13125,13139,13158,13222,13225,13243,13315,13316";"";"2"
"I";"2020-11-17 18:49:02";"7629";"Empreitada";"7628.0";"";"";"3"
"I";"2020-11-17 18:49:32";"7630";"Representante Comercial Autônomo";"7628.0";"";"";"3"
"I";"2020-11-17 18:49:15";"7631";"Honorários Profissionais";"7628.0";"";"";"3"
"I";"2020-11-17 18:49:46";"7632";"Trabalhador Eventual";"7628.0";"";"";"3"
"I";"2020-11-17 18:49:43";"7633";"Trabalhador Avulso";"7628.0";"";"";"3"
"I";"2020-11-17 15:24:12";"7639";"Direito de Greve / Lockout";"864.0";"7640";"";"2"
"I";"2020-12-04 18:29:36";"7640";"Interdito Proibitório";"7639.0";"";"";"3"
"I";"2019-08-27 00:00:00";"7641";"Contrato Provisório de Emprego";"1654.0";"";"";"3"
"I";"2020-11-17 16:39:22";"7644";"Categoria Profissional Especial";"864.0";"5276,5277,5278,5279,5280,5281,5282,5284,5286,5287,5288,5289,5290,5291,5292,5293,5294,5295,5296,5297,5299,5301,7645,7646,13054,13069,13083,13084,13113,13126,13127,13147,13152,13154,13173,13174,13236,13238,13242,13272,13273,13283,13296,13308,13391,13414,13367,13409,13417,13440,13442,13464,13530,13565,13566,13567,13568,13501,13419,13351,13453,13520,13527,13466,13340,13454";"";"2"
"I";"2020-11-17 16:39:53";"7645";"Aeroviários";"7644.0";"";"";"3"
"I";"2020-11-17 16:45:18";"7646";"Rural";"7644.0";"";"";"3"
"I";"2019-08-27 00:00:00";"7647";"Contrato em Regime de Tempo Parcial";"1654.0";"";"";"3"
"I";"2020-11-17 18:35:27";"7649";"Aplicabilidade";"2135.0";"";"";"3"
"I";"2018-06-25 15:48:05";"7657";"Tutela e Curatela";"5626.0";"";"";"3"
"I";"2018-11-13 16:44:52";"7953";"Partido Político";"9981.0";"9549,9550,9551";"";"3"
"I";"2020-11-18 14:07:27";"8805";"Sucessão de Empregadores";"1937.0";"13361";"";"3"
"I";"2020-11-18 14:07:24";"8806";"Subempreitada";"1937.0";"";"";"3"
"I";"2020-11-18 14:07:17";"8807";"Sócio / Acionista";"1937.0";"";"";"3"
"I";"2020-11-18 13:41:27";"8808";"Indenização por Dano Material";"2567.0";"8809,13381,13410,13498";"";"3"
"I";"2020-11-18 13:41:31";"8809";"Acidente de Trabalho";"8808.0";"";"";"4"
"I";"2020-11-18 12:41:11";"8810";"Salário por Acúmulo de Cargo / Função";"2458.0";"";"";"4"
"I";"2020-11-18 12:40:59";"8812";"Salário Maternidade";"2458.0";"";"";"4"
"I";"2020-11-18 12:38:01";"8813";"Licenças e Folgas - Conversão em Pecúnia";"2581.0";"";"";"3"
"I";"2020-11-18 12:41:29";"8816";"Salário Substituição";"2458.0";"";"";"4"
"I";"2020-11-18 12:37:30";"8817";"Gratificação por Tempo de Serviço";"2055.0";"";"";"4"
"I";"2020-11-18 12:37:26";"8818";"Gratificação de Função";"2055.0";"";"";"4"
"I";"2020-11-18 13:22:24";"8820";"Décimo Terceiro Salário Proporcional";"2546.0";"";"";"4"
"I";"2020-11-18 13:22:28";"8821";"Férias Proporcionais ";"2546.0";"";"";"4"
"I";"2020-11-18 13:22:33";"8822";"Indenização Adicional";"2546.0";"";"";"4"
"I";"2020-11-18 13:23:04";"8823";"Saldo de Salário";"2546.0";"";"";"4"
"I";"2020-11-18 13:19:09";"8824";"Indenização do artigo 478 da CLT";"2620.0";"";"";"3"
"I";"2020-11-18 13:42:37";"9051";"Desconfiguração de Justa Causa";"1855.0";"";"";"4"
"I";"2019-08-27 00:00:00";"9487";"Licenças / Afastamentos";"5273.0";"13571,13572,13573,13574,13575,13576";"13571,13572,13573,13574,13575,13576";"4"
"I";"2018-11-13 17:10:27";"9549";"Exclusão de filiado";"7953.0";"";"";"4"
"I";"2018-11-13 17:13:42";"9550";"Fusão";"7953.0";"";"";"4"
"I";"2018-11-13 17:01:17";"9551";"Eleições - Diretórios";"7953.0";"";"";"4"
"I";"2023-03-31 13:41:24";"9873";"Resultante de Preconceito de Raça ou de Cor";"9847.0";"";"";"4"
"I";"2020-10-08 14:57:22";"10029";"Ensino Superior";"10028.0";"10030,10031,10032,10033,10034,10035,10036,10037,10038,10039,10040,10041,10042,10043,10044,10045,10046,10047,10048,10049,10050";"";"3"
"I";"2020-10-08 14:42:25";"10030";"Matrícula";"10029.0";"";"";"4"
"I";"2020-10-08 14:47:58";"10031";"Financiamento Público da Educação e/ou Pesquisa";"10029.0";"";"";"4"
"I";"2020-10-08 14:57:18";"10032";"Colação de Grau";"10029.0";"";"";"4"
"I";"2020-10-08 14:52:27";"10033";"Exigência de Estágio Profissionalizante";"10029.0";"";"";"4"
"I";"2020-10-08 14:36:30";"10034";"Transferência de Estudante";"10029.0";"";"";"4"
"I";"2020-10-08 14:47:35";"10035";"Freqüência às Aulas";"10029.0";"";"";"4"
"I";"2020-10-08 14:41:24";"10036";"Penalidades Disciplinares";"10029.0";"";"";"4"
"I";"2020-10-08 14:56:05";"10037";"Colisão de Horário";"10029.0";"";"";"4"
"I";"2020-10-08 14:36:22";"10038";"Vestibular";"10029.0";"";"";"4"
"I";"2020-10-08 14:42:20";"10039";"Mensalidades";"10029.0";"";"";"4"
"I";"2020-10-08 14:54:19";"10040";"Currículo Escolar";"10029.0";"";"";"4"
"I";"2020-10-08 14:47:31";"10041";"Ingresso no Curso Superior";"10029.0";"";"";"4"
"I";"2020-10-08 14:47:24";"10042";"Jubilamento de Aluno";"10029.0";"";"";"4"
"I";"2020-10-08 14:54:28";"10043";"Criação e/ou Autorização para funcionamento de Curso Superior";"10029.0";"";"";"4"
"I";"2020-10-08 14:44:01";"10044";"Omissão de Entrega de Notas";"10029.0";"";"";"4"
"I";"2020-10-08 14:52:35";"10045";"Diplomas/Certificado de Conclusão do Curso";"10029.0";"";"";"4"
"I";"2020-10-08 14:48:02";"10046";"Financiamento Privado da Educação e/ou Pesquisa";"10029.0";"";"";"4"
"I";"2020-10-08 14:39:19";"10047";"Residência Médica";"10029.0";"";"";"4"
"I";"2020-10-08 14:39:25";"10048";"Provão - Avaliação da Educação Superior";"10029.0";"";"";"4"
"I";"2020-10-08 14:36:39";"10049";"Sistemas de cotas - Lei 10.558/2002";"10029.0";"";"";"4"
"I";"2020-10-08 14:39:30";"10050";"Pós-Graduação";"10029.0";"";"";"4"
"I";"2020-10-08 15:00:01";"10051";"Ensino Fundamental e Médio";"10028.0";"10052,10053,10054,10055,10056,10057,10058,10059,10060,10061,10062,10063";"";"3"
"I";"2020-10-08 14:59:38";"10052";"Mensalidade";"10051.0";"";"";"4"
"I";"2020-10-08 14:59:33";"10053";"Matrícula";"10051.0";"";"";"4"
"I";"2020-10-08 14:59:29";"10054";"Material Didático";"10051.0";"";"";"4"
"I";"2020-10-08 14:57:49";"10055";"Exame Nacional de Ensino Médio / ENEM";"10051.0";"";"";"4"
"I";"2020-10-08 14:59:48";"10056";"Penalidades Disciplinares";"10051.0";"";"";"4"
"I";"2020-10-08 14:59:51";"10057";"Transferência";"10051.0";"";"";"4"
"I";"2020-10-08 14:57:45";"10058";"Ensino Especial";"10051.0";"";"";"4"
"I";"2020-10-08 14:59:25";"10059";"Exame Supletivo";"10051.0";"";"";"4"
"I";"2020-10-08 14:59:43";"10060";"Merenda";"10051.0";"";"";"4"
"I";"2020-10-08 14:59:57";"10061";"Transporte";"10051.0";"";"";"4"
"I";"2020-10-08 14:57:30";"10062";"Educação Pré-escolar";"10051.0";"";"";"4"
"I";"2020-10-08 14:57:36";"10063";"Educação Profissionalizante";"10051.0";"";"";"4"
"I";"2019-07-04 16:35:44";"10064";"Saúde";"10028.0";"10065,10066,10067,10069,10070,10071,11851,11852,11853,11854,11855,11856,11857,11883,11884,10856,10892,11993,11994,11995,11885";"";"3"
"I";"2019-07-04 16:36:21";"10065";"Repasse de Verbas do SUS";"10064.0";"";"";"4"
"I";"2019-07-04 16:36:17";"10066";"Reajuste da Tabela do SUS";"10064.0";"";"";"4"
"I";"2019-07-04 16:35:51";"10067";"Convênio Médico com o SUS";"10064.0";"";"";"4"
"I";"2011-12-07 07:26:55";"10069";"Tratamento Médico-Hospitalar e/ou Fornecimento de Medicamentos";"10064.0";"10856,10892";"";"4"
"I";"2019-07-04 16:36:24";"10070";"Ressarcimento ao SUS";"10064.0";"";"";"4"
"I";"2019-07-04 16:36:11";"10071";"Genética / Células Tronco";"10064.0";"";"";"4"
"I";"2008-09-30 15:52:52";"10156";"Poupança";"10154.0";"";"";"4"
"I";"2023-11-30 15:27:30";"10438";"Dano Ambiental";"10110.0";"";"";"2"
"I";"2020-11-17 15:41:42";"10564";"Contribuição Sindical Rural";"1697.0";"";"";"3"
"I";"2020-11-18 14:24:47";"10568";"Prescrição";"864.0";"10569,10570,10571,13046,13059,13095,13102,13115,13120,13138,13165,13204,13208,13279,13325,13326,13353,13354,13516";"";"2"
"I";"2020-11-18 14:26:33";"10569";"Rural";"10568.0";"";"";"3"
"I";"2020-11-18 14:25:36";"10570";"FGTS";"10568.0";"";"";"3"
"I";"2020-11-18 14:24:55";"10571";"Acidente de Trabalho";"10568.0";"";"";"3"
"I";"2019-08-27 00:00:00";"10581";"Turno Ininterrupto de Revezamento";"1658.0";"13455,13512";"";"3"
"I";"2023-09-27 17:23:55";"10830";"Motim";"3664.0";"";"";"4"
"I";"2023-09-27 17:24:50";"10831";"Pederastia ou outro ato de libidinagem";"3664.0";"";"";"4"
"I";"2023-09-27 17:25:46";"10832";"Roubo";"3664.0";"10850,10851";"";"4"
"I";"2023-09-27 17:08:33";"10833";"Estelionato";"3664.0";"";"";"4"
"I";"2023-09-27 17:10:49";"10834";"Incêndio";"3664.0";"";"";"4"
"I";"2023-09-27 17:24:21";"10835";"Peculato";"3664.0";"";"";"4"
"I";"2023-09-27 17:06:38";"10836";"Concussão";"3664.0";"";"";"4"
"I";"2023-09-27 17:07:05";"10837";"Corrupção ativa";"3664.0";"";"";"4"
"I";"2023-09-27 17:25:20";"10838";"Prevaricação";"3664.0";"";"";"4"
"I";"2023-09-27 17:07:33";"10839";"Deserção";"3664.0";"";"";"4"
"I";"2023-09-27 17:09:07";"10840";"Homicídio";"3664.0";"10845,10846";"";"4"
"I";"2023-09-27 17:12:15";"10841";"Lesões Corporais";"3664.0";"10842,10847,10848,10849";"";"4"
"I";"2023-09-27 17:20:52";"10842";"Lesão levíssima";"10841.0";"";"";"5"
"I";"2023-09-27 17:08:02";"10843";"Difamação";"3664.0";"";"";"4"
"I";"2023-09-27 17:11:16";"10844";"Injúria";"3664.0";"";"";"4"
"I";"2023-09-27 17:10:10";"10845";"Homicídio simples";"10840.0";"";"";"5"
"I";"2023-09-27 17:09:40";"10846";"Homicídio qualificado";"10840.0";"";"";"5"
"I";"2023-09-27 17:23:26";"10847";"Leve";"10841.0";"";"";"5"
"I";"2023-09-27 17:12:58";"10848";"Grave";"10841.0";"";"";"5"
"I";"2023-09-27 17:22:25";"10849";"Lesões qualificadas pelo resultado";"10841.0";"";"";"5"
"I";"2023-09-27 17:26:58";"10850";"Roubo simples";"10832.0";"";"";"5"
"I";"2023-09-27 17:26:28";"10851";"Roubo qualificado";"10832.0";"";"";"5"
"I";"2023-09-27 17:11:42";"10852";"Latrocínio";"3664.0";"";"";"4"
"I";"2011-12-07 07:10:49";"10856";"Prescrição por Médico não vinculado ao SUS";"10069.0";"";"";"5"
"I";"2020-06-05 14:58:49";"10864";"Crimes Hediondos";"10635.0";"";"";"5"
"I";"2011-12-07 07:18:48";"10892";"Medicamento / Tratamento / Cirurgia de Eficácia não comprovada";"10069.0";"";"";"5"
"I";"2009-05-28 14:43:35";"10988";"Má gestão";"5875.0";"10989";"";"3"
"I";"2009-05-28 14:35:27";"10989";"Má -gestão praticada por Prefeitos e Vereadores";"10988.0";"";"";"4"
"I";"2009-05-28 17:04:31";"10996";"Falsificação de documento Público praticado por Funcionário Público";"3523.0";"10997";"";"3"
"I";"2009-05-28 17:04:12";"10997";"Falsificação de documento público praticada por Funcionário Público";"10996.0";"";"";"4"
"I";"2018-11-27 13:33:57";"10999";"Conversão em Agravo Retido";"9045.0";"";"";"3"
"I";"2010-04-14 15:46:50";"11516";"Subscrição de Mais de Uma Ficha de Filiação Partidária";"11497.0";"";"";"4"
"I";"2015-08-20 11:00:31";"11558";"Conduta Vedada a Agente Público";"11557.0";"";"";"3"
"I";"2015-08-20 10:59:07";"11580";"Impugnação - Alistamento Eleitoral";"11574.0";"11581,11582";"";"3"
"I";"2015-08-20 10:58:24";"11581";"Impugnação - Inscrição Eleitoral";"11580.0";"";"";"4"
"I";"2015-08-20 10:58:33";"11582";"Impugnação - Transferência de Domicílio Eleitoral";"11580.0";"";"";"4"
"I";"2015-08-20 10:42:06";"11614";"Prestação de Contas - De Candidato";"11584.0";"";"";"4"
"I";"2015-08-20 10:59:48";"11685";"Captação ou Gasto Ilícito de Recursos Financeiros de Campanha Eleitoral";"11684.0";"";"";"4"
"I";"2015-08-20 10:43:03";"11687";"Prestação de Contas - De Comitê Financeiro";"11686.0";"";"";"5"
"I";"2015-08-20 10:51:58";"11706";"Impugnação";"11702.0";"11707,11708,11709,11710,11711";"";"4"
"I";"2015-08-20 10:53:57";"11707";"Impugnação - Identidade de Eleitor Admitido a Votar";"11706.0";"";"";"5"
"I";"2015-08-20 10:54:37";"11708";"Impugnação - Nomeação de Membro da Mesa Receptora";"11706.0";"";"";"5"
"I";"2015-08-20 10:55:38";"11709";"Impugnação - Nomeação de Membro da Junta Eleitoral";"11706.0";"";"";"5"
"I";"2015-08-20 10:54:40";"11710";"Impugnação - Sistema Eletrônico de Votação";"11706.0";"";"";"5"
"I";"2015-08-20 10:54:43";"11711";"Impugnação - Voto por Cédula";"11706.0";"";"";"5"
"I";"2015-08-19 17:42:18";"11712";"Registro de Candidatura - DRAP - Partido/Coligação";"11583.0";"";"";"3"
"I";"2021-01-26 12:35:53";"11762";"Fusão de Partidos Políticos";"11747.0";"";"";"3"
"I";"2019-07-04 16:36:37";"11851";"Terceirização do SUS";"10064.0";"";"";"4"
"I";"2019-07-04 16:35:59";"11852";"Financiamento do SUS";"10064.0";"";"";"4"
"I";"2019-07-04 16:36:51";"11853";"Vigilância Sanitária e Epidemiológica";"10064.0";"";"";"4"
"I";"2019-07-04 16:36:26";"11854";"Saúde Mental";"10064.0";"11993,11994,11995";"";"4"
"I";"2019-07-04 16:35:48";"11855";"Controle Social e Conselhos de Saúde";"10064.0";"";"";"4"
"I";"2019-07-04 16:36:14";"11856";"Hospitais e Outras Unidades de Saúde";"10064.0";"";"";"4"
"I";"2019-07-04 16:35:55";"11857";"Doação e Transplante de Órgãos; Tecidos e Partes do Corpo Humano";"10064.0";"";"";"4"
"I";"2025-03-31 17:05:19";"11860";"Produto Impróprio";"7771.0";"";"";"3"
"I";"2025-03-31 17:03:48";"11868";"Combustíveis e derivados";"1156.0";"";"";"2"
"I";"2012-07-10 13:56:14";"11869";"Saneamento";"10110.0";"";"";"2"
"I";"2014-06-02 12:03:35";"11874";"Responsabilidade fiscal";"9985.0";"";"";"2"
"I";"2019-07-04 16:36:48";"11883";"Tratamento Médico-Hospitalar";"10064.0";"11885";"";"4"
"I";"2019-07-04 16:36:06";"11884";"Fornecimento de Medicamentos";"10064.0";"";"";"4"
"I";"2019-07-04 16:36:44";"11885";"Unidade de terapia intensiva (UTI) ou unidade de cuidados intensivos (UCI)";"11883.0";"";"";"5"
"I";"2019-07-04 16:36:29";"11993";"Internação Compulsória";"11854.0";"";"";"5"
"I";"2019-07-04 16:36:33";"11994";"Internação Voluntária";"11854.0";"";"";"5"
"I";"2019-07-04 16:36:31";"11995";"Internação Involuntária";"11854.0";"";"";"5"
"I";"2014-06-02 14:36:14";"12025";"Crimes do Estatuto do Torcedor";"3603.0";"";"";"3"
"I";"2014-06-02 14:36:42";"12026";"Estatuto do Torcedor";"9847.0";"";"";"4"
"I";"2015-08-19 17:39:06";"12043";"Registro de Candidatura %u2013 DRAP";"11619.0";"";"";"6"
"I";"2018-11-23 16:13:49";"12152";"Revisão de Tutela Antecipada";"8826.0";"";"";"2"
"I";"2018-11-20 14:06:25";"12158";"Registro de Ocorrência pela PM";"1209.0";"";"";"2"
"I";"2019-07-04 16:37:34";"12222";"Fornecimento de medicamentos";"6233.0";"";"";"4"
"I";"2019-07-04 16:37:39";"12223";"Tratamento médico-hospitalar";"6233.0";"";"";"4"
"I";"2019-07-04 16:37:43";"12224";"Unidade de terapia intensiva (UTI) ou Unidade de cuidados intensivos (UCI)";"6233.0";"";"";"4"
"I";"2019-07-04 16:37:35";"12225";"Reajuste contratual";"6233.0";"";"";"4"
"I";"2018-06-25 16:01:25";"12239";"Remoção";"12235.0";"";"";"4"
"I";"2018-06-25 16:01:30";"12240";"Levantamento";"12235.0";"";"";"4"
"I";"2018-11-20 13:10:10";"12408";"Nulidade - Intimação Sem Observância das Prescrições Legais";"8919.0";"12409";"";"4"
"I";"2018-11-20 13:09:44";"12409";"Nulidade - Título Extrajudicial Não Correspondente a Obrigação Certa, Líquida e Exigível";"12408.0";"";"";"5"
"I";"2019-08-14 10:46:38";"12567";"Pedido de Dispensa de Convocação para Trabalhos Eleitorais";"12566.0";"";"";"4"
"I";"2019-08-14 10:53:44";"12572";"Regularização da Base de Perda e Suspensão (BPSDP)";"12571.0";"12573";"";"4"
"I";"2019-08-14 10:53:23";"12573";"Regularização de Histórico";"12572.0";"";"";"5"
"I";"2022-06-01 15:36:27";"12730";"Acordo de Não Persecução Penal";"7942.0";"";"";"3"
"I";"2020-10-01 14:38:55";"12836";"Assunto complementar de uso obrigatório em demandas educacionais referentes a EAD";"12835.0";"";"";"3"
"I";"2020-10-01 16:34:18";"12847";"COTA PARA INGRESSO - AÇÕES AFIRMATIVAS";"12794.0";"";"";"3"
"I";"2020-10-06 13:44:52";"12886";"CONTINUADA";"12885.0";"";"";"4"
"I";"2020-10-01 13:34:09";"12898";"IDADE PARA MATRÍCULA";"12803.0";"";"";"4"
"I";"2020-10-08 14:45:56";"12923";"Jubilamento de Aluno";"12797.0";"";"";"3"
"I";"2023-03-31 17:08:29";"12945";"Questões de Alta Complexidade, Grande Impacto e Repercussão ";"864.0";"12953,12956,12997";"";"2"
"I";"2023-03-31 17:07:34";"12953";"Auditores Fiscais em Unaí ";"12945.0";"";"";"3"
"I";"2023-03-31 17:07:38";"12956";"Barragem em Brumadinho e Mariana ";"12945.0";"";"";"3"
"I";"2020-11-18 19:08:17";"12990";"Execução Previdenciária ";"9148.0";"";"";"3"
"I";"2023-03-31 17:07:42";"12997";"Incêndio Boate Kiss ";"12945.0";"";"";"3"
"I";"2020-11-18 14:24:52";"13046";"Ação Meramente Declaratória ";"10568.0";"";"";"3"
"I";"2020-11-18 13:17:45";"13049";"Acordo entre as Partes ";"2620.0";"13435,13536,13561";"";"3"
"I";"2020-11-17 16:39:28";"13054";"Administradores ";"7644.0";"";"";"3"
"I";"2020-11-18 14:56:51";"13055";"Agência e Distribuição ";"9580.0";"";"";"4"
"I";"2020-11-18 12:33:50";"13056";"Ajuda Combustível ";"2581.0";"";"";"3"
"I";"2020-11-18 12:33:54";"13057";"Ajuda de Custo ";"2581.0";"";"";"3"
"I";"2020-11-18 12:34:03";"13058";"Ajuda Quilometragem ";"2581.0";"";"";"3"
"I";"2020-11-18 14:24:59";"13059";"Alteração Contratual ";"10568.0";"";"";"3"
"I";"2020-11-17 18:29:40";"13060";"Alteração da Jornada ";"1658.0";"13328,13554";"";"3"
"I";"2020-11-18 13:18:01";"13064";"Aposentadoria ";"2620.0";"";"";"3"
"I";"2020-11-17 16:40:04";"13069";"Assistentes Sociais ";"7644.0";"";"";"3"
"I";"2020-11-18 12:34:12";"13078";"Auxílio Creche ";"2581.0";"";"";"3"
"I";"2020-11-17 18:39:49";"13082";"Base de Cálculo ";"2662.0";"";"";"3"
"I";"2020-11-17 16:41:28";"13083";"Bibliotecários ";"7644.0";"";"";"3"
"I";"2020-11-17 16:41:31";"13084";"Biólogos ";"7644.0";"";"";"3"
"I";"2020-11-18 19:16:56";"13086";"Busca e Apreensão ";"10670.0";"";"";"4"
"I";"2020-11-18 12:34:19";"13090";"Cesta Básica ";"2581.0";"";"";"3"
"I";"2020-11-18 14:25:03";"13095";"Comissões - Alteração ou Supressão ";"10568.0";"";"";"3"
"I";"2020-11-17 18:29:54";"13096";"Compensação de Jornada ";"1658.0";"13330,13360,13377,13496,13523,13562";"";"3"
"I";"2020-11-18 14:25:08";"13102";"Complementação de Aposentadoria / Pensão ";"10568.0";"";"";"3"
"I";"2020-11-18 12:34:29";"13103";"Complementação de Benefício Previdenciário ";"2581.0";"";"";"3"
"I";"2020-11-18 12:34:47";"13104";"Complemento Temporário Variável de Ajuste ao Piso de Mercado ";"2581.0";"";"";"3"
"I";"2020-11-18 13:18:12";"13107";"Comunicação da Dispensa aos Órgãos Competentes - Ausência ";"2620.0";"";"";"3"
"I";"2020-11-18 14:07:09";"13108";"Concessão de Serviço Público ";"1937.0";"";"";"3"
"I";"2020-11-17 16:41:39";"13113";"Contabilistas ";"7644.0";"";"";"3"
"I";"2020-11-18 14:25:18";"13115";"Contagem do Prazo ";"10568.0";"";"";"3"
"I";"2020-11-17 17:27:20";"13118";"Contrato Intermitente ";"1654.0";"";"";"3"
"I";"2020-11-18 12:35:26";"13119";"Contribuição de Previdência Privada  Resgate ";"2581.0";"";"";"3"
"I";"2020-11-18 14:25:22";"13120";"Contribuições Previdenciárias ";"10568.0";"";"";"3"
"I";"2020-11-17 18:32:08";"13122";"Controle de Jornada ";"1658.0";"13369";"";"3"
"I";"2020-11-18 14:57:39";"13124";"Corretagem ";"9580.0";"";"";"4"
"I";"2020-11-17 18:48:52";"13125";"Corretagem ";"7628.0";"";"";"3"
"I";"2020-11-17 16:41:43";"13126";"Corretores de Imóveis ";"7644.0";"";"";"3"
"I";"2020-11-17 16:41:47";"13127";"Corretores de Seguros ";"7644.0";"";"";"3"
"I";"2020-11-18 12:35:31";"13130";"Décimo Terceiro Salário ";"2581.0";"";"";"3"
"I";"2020-11-18 14:58:01";"13136";"Depósito ";"9580.0";"";"";"4"
"I";"2020-11-18 12:35:55";"13137";"Descontos Salariais  Devolução ";"2581.0";"13395,13396,13397,13438,13495,13511,13535";"";"3"
"I";"2020-11-18 14:25:27";"13138";"Desvio de Função e Reenquadramento ";"10568.0";"";"";"3"
"I";"2020-11-17 18:48:58";"13139";"Diarista ";"7628.0";"";"";"3"
"I";"2020-11-18 13:18:43";"13141";"Dispensas Plúrimas ou Coletivas ";"2620.0";"";"";"3"
"I";"2021-01-20 09:37:57";"13144";"Doença do Próprio Empregado ";"10258.0";"";"";"4"
"I";"2020-11-17 16:42:11";"13147";"Economistas ";"7644.0";"";"";"3"
"I";"2020-11-17 16:42:17";"13152";"Empregados Portuários ";"7644.0";"13340,13454";"";"3"
"I";"2020-11-18 14:58:24";"13153";"Empreitada ";"9580.0";"";"";"4"
"I";"2020-11-17 16:42:37";"13154";"Enfermagem / Enfermeiros ";"7644.0";"";"";"3"
"I";"2020-11-17 18:49:06";"13158";"Equipe ";"7628.0";"";"";"3"
"I";"2020-11-17 16:00:36";"13160";"Espontânea ";"2622.0";"";"";"3"
"I";"2020-11-17 17:27:01";"13163";"Exame Médico Admissional / Demissional ";"1654.0";"";"";"3"
"I";"2020-11-18 14:25:31";"13165";"Expurgos Inflacionários ";"10568.0";"";"";"3"
"I";"2020-11-18 13:18:48";"13166";"Extinção do Estabelecimento / Empresa ";"2620.0";"";"";"3"
"I";"2020-11-18 13:18:54";"13167";"Extinção Normal do Contrato a Termo ";"2620.0";"";"";"3"
"I";"2020-11-17 18:39:54";"13172";"Férias Coletivas ";"2662.0";"";"";"3"
"I";"2020-11-17 16:42:56";"13173";"Ferroviários ";"7644.0";"";"";"3"
"I";"2020-11-17 16:43:01";"13174";"Fisioterapeutas / Terapeutas Ocupacionais ";"7644.0";"";"";"3"
"I";"2020-11-18 13:18:58";"13175";"Força Maior / Factum Principis ";"2620.0";"";"";"3"
"I";"2020-11-18 13:19:03";"13178";"Fraude ";"2620.0";"";"";"3"
"I";"2020-11-18 12:37:54";"13182";"Gueltas ";"2581.0";"";"";"3"
"I";"2020-11-18 19:16:59";"13187";"Imissão na Posse ";"10670.0";"";"";"4"
"I";"2020-11-17 18:40:03";"13192";"Indenização / Dobra / Terço Constitucional ";"2662.0";"";"";"3"
"I";"2020-11-18 13:41:20";"13193";"Indenização por Dano Estético ";"2567.0";"";"";"3"
"I";"2020-11-18 13:41:52";"13194";"Indenização por Dano Material ";"2567.0";"";"";"3"
"I";"2020-11-18 13:43:13";"13195";"Indenização por Dano Moral ";"2567.0";"";"";"3"
"I";"2020-11-18 13:43:18";"13196";"Indenização por Dano Moral Coletivo ";"2567.0";"";"";"3"
"I";"2020-11-18 13:19:16";"13197";"Indenização por Rescisão Antecipada de Contrato a Termo ";"2620.0";"";"";"3"
"I";"2020-11-18 14:25:44";"13204";"Intercorrente ";"10568.0";"";"";"3"
"I";"2020-11-18 14:25:48";"13208";"Interrupção ";"10568.0";"13325,13326,13353,13354,13516";"";"3"
"I";"2020-11-18 19:25:17";"13214";"Juros ";"9149.0";"13430";"";"4"
"I";"2020-11-17 18:49:19";"13222";"Mãe Social ";"7628.0";"";"";"3"
"I";"2020-11-17 18:49:23";"13225";"Mandato ";"7628.0";"";"";"3"
"I";"2020-11-18 13:19:26";"13228";"Morte ";"2620.0";"";"";"3"
"I";"2020-11-18 14:58:56";"13230";"Mútuo ";"9580.0";"";"";"4"
"I";"2020-11-17 16:43:30";"13236";"Nutricionistas ";"7644.0";"";"";"3"
"I";"2020-11-17 16:43:37";"13238";"Operador de Telemarketing ";"7644.0";"";"";"3"
"I";"2020-11-17 16:44:01";"13242";"Outras Categorias Profissionais ";"7644.0";"";"";"3"
"I";"2020-11-17 18:49:28";"13243";"Parceria ";"7628.0";"";"";"3"
"I";"2020-11-18 12:38:12";"13246";"Participação nos Lucros ou Resultados - PLR ";"2581.0";"";"";"3"
"I";"2020-11-18 13:19:31";"13247";"Pedido de Demissão ";"2620.0";"";"";"3"
"I";"2020-11-18 14:59:32";"13262";"Prestação de Serviços ";"9580.0";"";"";"4"
"I";"2020-11-17 16:44:47";"13272";"Psicólogos ";"7644.0";"";"";"3"
"I";"2020-11-17 16:44:55";"13273";"Publicitários ";"7644.0";"";"";"3"
"I";"2020-11-18 12:38:42";"13274";"Quebra de Caixa ";"2581.0";"";"";"3"
"I";"2020-11-18 13:19:46";"13275";"Quitação ";"2620.0";"13327,13546,13547";"";"3"
"I";"2020-11-18 14:26:27";"13279";"Regime Jurídico - Mudança ";"10568.0";"";"";"3"
"I";"2020-11-17 16:45:13";"13283";"Relações Públicas ";"7644.0";"";"";"3"
"I";"2021-03-24 15:05:30";"13289";"Reserva de Plenário ";"8919.0";"";"";"4"
"I";"2020-11-18 12:39:20";"13293";"Retribuição por Invenção e Patente ";"2581.0";"";"";"3"
"I";"2020-11-17 16:45:23";"13296";"Secretários ";"7644.0";"";"";"3"
"I";"2020-11-18 12:41:55";"13301";"Sexta Parte ";"2581.0";"";"";"3"
"I";"2020-11-18 14:07:22";"13302";"Sócio Retirante ";"1937.0";"";"";"3"
"I";"2020-11-17 16:45:43";"13308";"Técnico em Radiologia ";"7644.0";"";"";"3"
"I";"2020-11-17 17:27:08";"13309";"Teletrabalho / Trabalho à Distância / Trabalho em Domicílio ";"1654.0";"";"";"3"
"I";"2020-11-17 18:49:36";"13315";"Trabalhador Autônomo Não Especificado ";"7628.0";"";"";"3"
"I";"2020-11-17 18:49:51";"13316";"Trabalhador Voluntário ";"7628.0";"";"";"3"
"I";"2020-11-17 18:34:18";"13317";"Trabalho Externo ";"1658.0";"";"";"3"
"I";"2021-03-24 15:05:34";"13321";"Vício de Citação ";"8919.0";"";"";"4"
"I";"2020-11-17 15:59:19";"13324";"Abono Previsto em Norma Coletiva / Extensão aos Inativos ";"2624.0";"";"";"4"
"I";"2020-11-18 14:25:57";"13325";"Ação Ajuizada pelo Sindicato como Substituto Processual ";"13208.0";"";"";"4"
"I";"2020-11-18 14:26:04";"13326";"Ação Trabalhista Arquivada ";"13208.0";"";"";"4"
"I";"2020-11-18 13:19:51";"13327";"Acordo - Comissão de Conciliação Prévia ";"13275.0";"";"";"4"
"I";"2020-11-17 18:29:44";"13328";"Acordo Individual e/ou Coletivo de Trabalho ";"13060.0";"";"";"4"
"I";"2020-11-17 18:29:59";"13330";"Acordo Tácito / Expresso ";"13096.0";"";"";"4"
"I";"2020-11-17 17:27:42";"13331";"Acúmulo de Função ";"1806.0";"";"";"4"
"I";"2020-11-18 12:30:47";"13332";"Adicional de Antiguidade ";"2594.0";"";"";"4"
"I";"2020-11-18 12:30:51";"13333";"Adicional de Caráter Pessoal ";"2594.0";"";"";"4"
"I";"2020-11-18 12:30:57";"13334";"Adicional de Confinamento ";"2594.0";"";"";"4"
"I";"2020-11-18 12:31:01";"13335";"Adicional de Dedicação Integral ";"2594.0";"";"";"4"
"I";"2020-11-17 18:33:34";"13336";"Adicional de Hora Extra ";"2140.0";"";"";"4"
"I";"2020-11-17 18:32:24";"13337";"Adicional de Horas Extras ";"2086.0";"";"";"4"
"I";"2020-11-18 12:31:06";"13338";"Adicional de Penosidade ";"2594.0";"";"";"4"
"I";"2020-11-18 12:31:11";"13339";"Adicional de Produtividade ";"2594.0";"";"";"4"
"I";"2020-11-17 16:42:22";"13340";"Adicional de Risco ";"13152.0";"";"";"4"
"I";"2020-11-18 12:31:15";"13341";"Adicional de Risco ";"2594.0";"";"";"4"
"I";"2020-11-18 13:42:08";"13344";"Anotação / Retenção da CTPS ";"1855.0";"";"";"4"
"I";"2020-11-18 12:30:08";"13349";"Assiduidade ";"2583.0";"";"";"4"
"I";"2020-11-17 16:44:22";"13351";"Atividade Extraclasse ";"5294.0";"";"";"4"
"I";"2020-11-17 17:29:09";"13352";"Atividades Ilícitas ";"2554.0";"";"";"4"
"I";"2020-11-18 14:26:10";"13353";"Ato Inequívoco que Importe no Reconhecimento do Direito ";"13208.0";"";"";"4"
"I";"2020-11-18 14:26:15";"13354";"Ato Judicial que Constitua em Mora o Devedor ";"13208.0";"";"";"4"
"I";"2020-11-18 13:42:21";"13355";"Atos Discriminatórios ";"1855.0";"";"";"4"
"I";"2020-11-18 12:39:32";"13356";"Aumento Compensatório Especial ";"2458.0";"";"";"4"
"I";"2020-11-17 15:59:24";"13358";"Auxílio / Cesta Alimentação ";"2624.0";"";"";"4"
"I";"2020-11-17 18:30:03";"13360";"Banco de Horas ";"13096.0";"";"";"4"
"I";"2020-11-18 14:07:35";"13361";"Bancos ";"8805.0";"";"";"4"
"I";"2020-11-17 18:32:29";"13362";"Base de Cálculo ";"2086.0";"";"";"4"
"I";"2020-11-17 15:59:30";"13365";"Caixa de Previdência ";"2624.0";"";"";"4"
"I";"2020-11-17 18:34:02";"13366";"Cálculo / Repercussão ";"2426.0";"";"";"4"
"I";"2020-11-17 16:40:21";"13367";"Cargo de Confiança ";"5280.0";"";"";"4"
"I";"2020-11-17 18:32:33";"13368";"Cargo de Confiança ";"2086.0";"";"";"4"
"I";"2020-11-17 18:32:17";"13369";"Cartão de Ponto ";"13122.0";"";"";"4"
"I";"2020-11-17 17:27:33";"13374";"Cessão entre Órgão / Empresa ";"5272.0";"";"";"4"
"I";"2020-11-17 15:59:37";"13375";"Cheque Rancho - Integração ";"2624.0";"";"";"4"
"I";"2020-11-17 18:32:37";"13376";"Comissionista ";"2086.0";"";"";"4"
"I";"2020-11-17 18:30:07";"13377";"Compensação em Atividade Insalubre ";"13096.0";"";"";"4"
"I";"2020-11-18 13:42:28";"13380";"Condições Degradantes ";"1855.0";"";"";"4"
"I";"2020-11-18 13:41:35";"13381";"Constituição de Capital ";"8808.0";"";"";"4"
"I";"2020-11-17 18:32:43";"13382";"Contagem de Minutos Residuais ";"2086.0";"";"";"4"
"I";"2020-11-17 17:28:21";"13383";"Contrato de Safra ";"1816.0";"";"";"4"
"I";"2020-11-17 17:28:28";"13384";"Contrato de Trabalho Temporário / Provisório ";"1816.0";"";"";"4"
"I";"2020-11-18 13:42:32";"13387";"Controle de Correspondência Eletrônica ";"1855.0";"";"";"4"
"I";"2020-11-17 17:27:25";"13388";"Conversão de Regime Jurídico ";"5272.0";"";"";"4"
"I";"2020-11-17 17:29:13";"13389";"Cooperativa de Trabalho ";"2554.0";"";"";"4"
"I";"2020-11-17 16:39:40";"13391";"Dedicação Exclusiva ";"5276.0";"";"";"4"
"I";"2020-11-18 12:30:13";"13392";"Dedicação Integral ";"2583.0";"";"";"4"
"I";"2020-11-17 18:32:47";"13393";"Dedução / Abatimento de Horas Extras ";"2086.0";"";"";"4"
"I";"2020-11-17 15:41:52";"13394";"Depósito Prévio  Recurso Administrativo ";"4452.0";"";"";"4"
"I";"2020-11-18 12:35:57";"13395";"Desconto Assistencial ";"13137.0";"";"";"4"
"I";"2020-11-18 12:36:01";"13396";"Desconto por Dano  Norma Coletiva ";"13137.0";"";"";"4"
"I";"2020-11-18 12:36:04";"13397";"Desconto Sindical ";"13137.0";"";"";"4"
"I";"2020-11-18 12:39:04";"13400";"Despesa com Chapa ";"4442.0";"";"";"4"
"I";"2020-11-18 12:38:58";"13401";"Despesa com Deslocamento ";"4442.0";"";"";"4"
"I";"2020-11-17 17:27:57";"13402";"Desvio de Função ";"1806.0";"";"";"4"
"I";"2020-11-17 17:28:47";"13403";"Devolução / Retenção ";"1844.0";"";"";"4"
"I";"2020-11-18 12:39:39";"13404";"Diferença de Caixa ";"2458.0";"";"";"4"
"I";"2020-11-18 12:39:44";"13405";"Diferenças por Desvio de Função ";"2458.0";"";"";"4"
"I";"2020-11-17 18:32:51";"13408";"Divisor ";"2086.0";"";"";"4"
"I";"2020-11-17 16:40:26";"13409";"Divisor de Horas Extras ";"5280.0";"";"";"4"
"I";"2020-11-18 13:41:41";"13410";"Doença Ocupacional ";"8808.0";"";"";"4"
"I";"2020-11-18 13:42:42";"13411";"Doença Ocupacional ";"1855.0";"";"";"4"
"I";"2020-11-18 12:30:18";"13413";"Emergência ";"2583.0";"";"";"4"
"I";"2020-11-17 16:39:46";"13414";"Empregados ";"5276.0";"";"";"4"
"I";"2020-11-18 14:07:47";"13416";"Empreitada / Dono da Obra ";"2704.0";"";"";"4"
"I";"2020-11-17 16:40:35";"13417";"Enquadramento ";"5280.0";"13565,13566,13567,13568";"";"4"
"I";"2020-11-18 14:07:50";"13418";"Ente Público ";"2704.0";"";"";"4"
"I";"2020-11-17 16:42:02";"13419";"Equiparação Salarial ";"5288.0";"";"";"4"
"I";"2020-11-17 15:59:42";"13421";"Especial ";"2624.0";"";"";"4"
"I";"2020-11-18 13:21:06";"13422";"Estabilidade do Dirigente de Cooperativa ";"2656.0";"";"";"4"
"I";"2020-11-18 13:21:11";"13423";"Estabilidade do Integrante de CCP ";"2656.0";"";"";"4"
"I";"2020-11-18 13:21:15";"13424";"Estabilidade do Representante da Empresa ";"2656.0";"";"";"4"
"I";"2020-11-18 12:30:22";"13429";"Faltas ";"2583.0";"";"";"4"
"I";"2020-11-18 19:25:22";"13430";"Fazenda Pública ";"13214.0";"";"";"5"
"I";"2020-11-17 18:34:08";"13431";"Feriado em Dobro ";"2426.0";"";"";"4"
"I";"2020-11-18 12:39:08";"13433";"Ferramentas Próprias ";"4442.0";"";"";"4"
"I";"2020-11-18 13:17:48";"13435";"FGTS - Levantamento Parcial e Multa de 20% ";"13049.0";"";"";"4"
"I";"2020-11-18 13:42:46";"13436";"Fixação do Quantum ";"1855.0";"";"";"4"
"I";"2020-11-17 15:59:49";"13437";"Fonte de Custeio ";"2624.0";"";"";"4"
"I";"2020-11-18 12:36:15";"13438";"Frentista - Devolução de Cheque ";"13137.0";"";"";"4"
"I";"2020-11-18 12:39:48";"13439";"Função de Confiança - Incorporação ";"2458.0";"";"";"4"
"I";"2020-11-17 16:40:58";"13440";"Gerentes / Chefia ";"5280.0";"";"";"4"
"I";"2020-11-17 18:32:57";"13441";"Gorjeta ";"2086.0";"";"";"4"
"I";"2020-11-17 16:41:15";"13442";"Gratificação ";"5280.0";"";"";"4"
"I";"2020-11-18 12:37:00";"13443";"Gratificação Ajustada ";"2055.0";"";"";"4"
"I";"2020-11-18 12:37:03";"13444";"Gratificação Anual ";"2055.0";"";"";"4"
"I";"2020-11-18 12:37:06";"13445";"Gratificação de Aposentadoria ";"2055.0";"";"";"4"
"I";"2020-11-18 12:37:11";"13446";"Gratificação de Caixa ";"2055.0";"";"";"4"
"I";"2020-11-17 15:59:59";"13447";"Gratificação de Contingente e/ou Participação nos Resultados - Avanço de Nível ";"2624.0";"";"";"4"
"I";"2020-11-18 12:37:16";"13448";"Gratificação de Farmácia ";"2055.0";"";"";"4"
"I";"2020-11-18 12:37:21";"13449";"Gratificação de Férias ";"2055.0";"";"";"4"
"I";"2020-11-18 12:37:36";"13450";"Gratificação Semestral ";"2055.0";"";"";"4"
"I";"2020-11-17 16:44:27";"13453";"Hora Extra / Adicional ";"5294.0";"";"";"4"
"I";"2020-11-17 16:42:27";"13454";"Hora Noturna / Hora Extra ";"13152.0";"";"";"4"
"I";"2020-11-17 18:34:25";"13455";"Hora Noturna Reduzida ";"10581.0";"";"";"4"
"I";"2020-11-18 12:37:40";"13457";"Incorporação ";"2055.0";"";"";"4"
"I";"2020-11-18 12:36:41";"13459";"Integração ao Salário ";"1920.0";"";"";"4"
"I";"2020-11-18 12:39:52";"13460";"Integração em Verbas Rescisórias ";"2458.0";"";"";"4"
"I";"2020-11-17 18:33:39";"13463";"Intervalo 15 Minutos Mulher ";"2140.0";"";"";"4"
"I";"2020-11-17 16:41:19";"13464";"Intervalo Intrajornada ";"5280.0";"";"";"4"
"I";"2020-11-18 14:08:03";"13465";"Isonomia Salarial ";"2704.0";"";"";"4"
"I";"2020-11-17 16:44:12";"13466";"Jornada ";"5299.0";"";"";"4"
"I";"2020-11-17 18:33:47";"13467";"Jornada Contratual de 6 Horas - Prorrogação ";"2140.0";"";"";"4"
"I";"2020-11-18 12:39:58";"13472";"Licença Prêmio ";"2458.0";"";"";"4"
"I";"2020-11-18 14:08:06";"13473";"Licitude / Ilicitude ";"2704.0";"";"";"4"
"I";"2020-11-18 13:42:50";"13474";"Limitação de Uso do Banheiro ";"1855.0";"";"";"4"
"I";"2020-11-18 13:42:54";"13475";"Lista Suja ";"1855.0";"";"";"4"
"I";"2020-11-17 17:28:01";"13479";"Mudança de Turno ";"1806.0";"";"";"4"
"I";"2020-11-17 17:28:55";"13480";"Multa Administrativa por Ausência de Registro ";"1844.0";"";"";"4"
"I";"2020-11-18 12:36:52";"13484";"Natureza Jurídica da Parcela - Repercussão ";"2450.0";"";"";"4"
"I";"2020-11-17 18:33:53";"13485";"Natureza Jurídica da Parcela / Repercussão ";"2140.0";"";"";"4"
"I";"2020-11-17 17:28:34";"13486";"Nulidade ";"1816.0";"";"";"4"
"I";"2020-11-18 13:18:32";"13487";"Nulidade ";"1904.0";"";"";"4"
"I";"2020-11-18 13:18:39";"13488";"Obstativa ";"1904.0";"";"";"4"
"I";"2020-11-18 12:37:45";"13490";"Outras Gratificações ";"2055.0";"";"";"4"
"I";"2020-11-18 13:21:20";"13491";"Outras Hipóteses de Estabilidade ";"2656.0";"";"";"4"
"I";"2020-11-17 17:29:16";"13492";"Outras Relações de Emprego ";"2554.0";"";"";"4"
"I";"2020-11-18 12:30:28";"13493";"Outros Abonos ";"2583.0";"";"";"4"
"I";"2020-11-18 12:32:37";"13494";"Outros Adicionais ";"2594.0";"";"";"4"
"I";"2020-11-18 12:36:19";"13495";"Outros Descontos Salariais ";"13137.0";"";"";"4"
"I";"2020-11-17 18:30:12";"13496";"Outros Sistemas de Compensação ";"13096.0";"";"";"4"
"I";"2020-11-17 16:00:07";"13497";"Parcelas que Integram a Aposentadoria ";"2624.0";"";"";"4"
"I";"2020-11-18 13:41:45";"13498";"Pensão Vitalícia ";"8808.0";"";"";"4"
"I";"2020-11-18 12:40:08";"13499";"Período do Afastamento - Reintegração ";"2458.0";"";"";"4"
"I";"2020-11-18 12:30:32";"13500";"Permanência ";"2583.0";"";"";"4"
"I";"2020-11-17 16:42:48";"13501";"Piso Salarial ";"5284.0";"";"";"4"
"I";"2020-11-18 12:40:21";"13502";"Plano de Cargos e Salários ";"2458.0";"";"";"4"
"I";"2020-11-17 16:00:12";"13503";"Plano de Incentivo ";"2624.0";"13564";"";"4"
"I";"2020-11-17 17:29:20";"13504";"Policial Militar e Civil ";"2554.0";"";"";"4"
"I";"2020-11-17 18:33:01";"13507";"Pré-contratação ";"2086.0";"";"";"4"
"I";"2020-11-17 16:00:25";"13508";"Prêmio ";"2624.0";"";"";"4"
"I";"2020-11-18 12:36:24";"13511";"Previ e Cassi/BB ";"13137.0";"";"";"4"
"I";"2020-11-17 18:34:30";"13512";"Previsão de 8 Horas - Norma Coletiva ";"10581.0";"";"";"4"
"I";"2020-11-18 12:38:37";"13513";"Produção ";"2331.0";"";"";"4"
"I";"2020-11-18 12:40:25";"13514";"Promoção ";"2458.0";"";"";"4"
"I";"2020-11-17 18:29:32";"13515";"Prorrogação do Horário Noturno ";"1663.0";"";"";"4"
"I";"2020-11-18 14:26:19";"13516";"Protesto Judicial ";"13208.0";"";"";"4"
"I";"2020-11-18 13:42:58";"13517";"Quebra de Sigilo Bancário ";"1855.0";"";"";"4"
"I";"2020-11-17 17:28:12";"13518";"Quota Preenchimento ";"2233.0";"";"";"4"
"I";"2020-11-17 18:33:56";"13519";"Redução / Supressão ";"2140.0";"";"";"4"
"I";"2020-11-17 16:44:38";"13520";"Redução Carga Horária ";"5294.0";"";"";"4"
"I";"2020-11-17 16:00:31";"13521";"Reenquadramento ";"2624.0";"";"";"4"
"I";"2020-11-17 18:33:11";"13522";"Reflexos ";"2086.0";"";"";"4"
"I";"2020-11-17 18:30:17";"13523";"Regime 12 x 36 ";"13096.0";"";"";"4"
"I";"2020-11-17 16:44:42";"13527";"Repouso Semanal Remunerado ";"5294.0";"";"";"4"
"I";"2020-11-18 13:43:01";"13529";"Revistas Íntimas / Pertences ";"1855.0";"";"";"4"
"I";"2020-11-17 16:41:25";"13530";"Sábado / Dia Útil ";"5280.0";"";"";"4"
"I";"2020-11-18 12:40:36";"13532";"Salário Base - Obediência ao Salário Mínimo ";"2458.0";"";"";"4"
"I";"2020-11-18 12:40:41";"13533";"Salário Complessivo ";"2458.0";"";"";"4"
"I";"2020-11-18 12:41:35";"13534";"Salário Suplementar ";"2458.0";"";"";"4"
"I";"2020-11-18 12:36:29";"13535";"Seguro de Vida ";"13137.0";"";"";"4"
"I";"2020-11-18 13:17:52";"13536";"Seguro Desemprego - Impossibilidade de Acesso ";"13049.0";"";"";"4"
"I";"2020-11-17 18:33:26";"13538";"Supressão / Limitação por Norma Coletiva ";"1661.0";"";"";"4"
"I";"2020-11-17 18:33:16";"13539";"Supressão / Redução de Horas Extras / Indenização ";"2086.0";"";"";"4"
"I";"2020-11-17 17:27:28";"13545";"Terceirização ";"5272.0";"";"";"4"
"I";"2020-11-18 13:19:55";"13546";"Termo de Quitação Anual ";"13275.0";"";"";"4"
"I";"2020-11-18 13:19:59";"13547";"Termo de Rescisão Contratual ";"13275.0";"";"";"4"
"I";"2020-11-18 12:41:44";"13548";"Teto Salarial - limitação ";"2458.0";"";"";"4"
"I";"2020-11-17 18:34:11";"13552";"Trabalho aos Domingos ";"2426.0";"";"";"4"
"I";"2020-11-17 17:29:26";"13553";"Trabalho em Condições Análogas à de Escravo ";"2554.0";"";"";"4"
"I";"2020-11-17 18:29:49";"13554";"Trabalho em Domicílio / Teletrabalho ";"13060.0";"";"";"4"
"I";"2020-11-17 17:29:33";"13556";"Trabalho sob Aplicativos e/ou Plataformas Digitais ";"2554.0";"";"";"4"
"I";"2020-11-18 12:39:12";"13558";"Uniforme ";"4442.0";"";"";"4"
"I";"2020-11-18 13:43:07";"13560";"Valor Arbitrado ";"1855.0";"";"";"4"
"I";"2020-11-18 13:17:57";"13561";"Verbas Rescisórias ";"13049.0";"";"";"4"
"I";"2020-11-17 18:32:04";"13562";"Vício Formal - Pagamento do Adicional de Horas Extras ";"13096.0";"";"";"4"
"I";"2020-11-17 16:00:20";"13564";"Transação ";"13503.0";"";"";"5"
"I";"2020-11-17 16:40:41";"13565";"Categoria Diferenciada ";"13417.0";"";"";"5"
"I";"2020-11-17 16:40:50";"13566";"Financeiras / Equiparação Bancário ";"13417.0";"";"";"5"
"I";"2020-11-17 16:40:46";"13567";"Empresa de Processamento de Dados ";"13417.0";"";"";"5"
"I";"2020-11-17 16:40:54";"13568";"Isonomia/Diferença Salarial ";"13417.0";"";"";"5"
"I";"2020-11-17 17:27:53";"13569";"Programa de Assistência Médica - Benefícios ";"2445.0";"";"";"5"
"I";"2020-11-18 12:31:32";"13577";"Base de Cálculo ";"1666.0";"";"";"5"
"I";"2020-11-18 12:31:44";"13578";"Equipamento de Proteção Individual - EPI ";"1666.0";"";"";"5"
"I";"2020-11-18 12:32:18";"13579";"Lixo Urbano ";"1666.0";"";"";"5"
"I";"2020-11-18 12:32:22";"13580";"Óleos Minerais ";"1666.0";"";"";"5"
"I";"2020-11-18 12:32:27";"13581";"Outros Agentes Insalubres ";"1666.0";"";"";"5"
"I";"2020-11-18 12:32:31";"13582";"Raios Solares ";"1666.0";"";"";"5"
"I";"2020-11-18 12:32:52";"13583";"Armazenamento de Líquido Inflamável ";"1681.0";"";"";"5"
"I";"2020-11-18 12:32:56";"13584";"Base de Cálculo ";"1681.0";"";"";"5"
"I";"2020-11-18 12:32:59";"13585";"Cumulação com Adicional de Insalubridade ";"1681.0";"";"";"5"
"I";"2020-11-18 12:33:14";"13586";"Eletricitário ";"1681.0";"";"";"5"
"I";"2020-11-18 12:33:18";"13587";"Hora Extra - Integração ";"1681.0";"";"";"5"
"I";"2020-11-18 12:33:24";"13588";"Percentual Inferior ao Legal - Norma Coletiva ";"1681.0";"";"";"5"
"I";"2020-11-18 12:33:29";"13589";"Radiação Ionizante ou Substância Radioativa ";"1681.0";"";"";"5"
"I";"2020-11-18 12:33:34";"13590";"Tempo de Exposição ";"1681.0";"";"";"5"
"I";"2020-11-18 12:42:27";"13591";"Quadro de Carreira ";"2697.0";"";"";"5"
"I";"2020-11-18 12:42:22";"13592";"Multa pela Ilicitude da Discriminação Salarial ";"2697.0";"";"";"5"
"I";"2020-11-18 13:22:01";"13593";"Contrato de Experiência ";"2641.0";"";"";"5"
"I";"2020-11-18 13:22:06";"13594";"Culpa Recíproca ";"2641.0";"";"";"5"
"I";"2020-11-18 13:22:09";"13595";"Indenizado - Efeitos ";"2641.0";"";"";"5"
"I";"2020-11-18 13:22:20";"13596";"Proporcional ";"2641.0";"";"";"5"
"I";"2020-11-18 13:22:48";"13597";"Expurgos Inflacionários ";"1998.0";"";"";"5"
"I";"2020-11-19 13:44:55";"13598";"Custas ";"9050.0";"";"";"4"
"I";"2020-11-19 13:45:02";"13599";"Depósito ";"9050.0";"";"";"4"
"I";"2020-11-17 15:41:57";"13616";"Unicidade Sindical ";"4452.0";"";"";"4"
"I";"2020-11-18 12:44:44";"13948";"Rescisão do Contrato de Trabalho";"864.0";"";"";"2"
"I";"2020-11-18 14:39:15";"14065";"Permuta";"10187.0";"";"";"4"
"I";"2020-11-19 13:15:14";"14071";"Ausência Injustificada de Testemunha";"12952.0";"";"";"4"
"I";"2020-11-23 17:55:27";"14089";"Comum Acordo para Ajuizamento";"14083.0";"";"";"4"
"I";"2020-11-23 17:55:21";"14090";"Comum Acordo para Ajuizamento";"14083.0";"";"";"4"
"I";"2020-12-04 17:07:29";"14097";"Violência Doméstica e Familiar contra a Mulher";"10949.0";"";"";"3"
"I";"2020-12-04 17:06:52";"14098";"Crimes de Descumprimento de Medida Protetiva de Urgência";"10949.0";"";"";"3"
"I";"2020-12-04 18:37:37";"14119";"Quebra de Caixa";"13831.0";"";"";"4"
"I";"2021-01-20 09:15:45";"14125";"Proteção de Dados Pessoais (LGPD)";"12467.0";"";"";"2"
"I";"2021-01-18 11:30:09";"14152";"Correspondência - ECT";"10502.0";"";"";"4"
"I";"2021-01-18 11:30:05";"14153";"Correspondência - ECT";"10502.0";"";"";"4"
"I";"2021-01-18 12:24:51";"14160";"Política Pública de Preços";"10502.0";"";"";"4"
"I";"2021-07-29 15:38:30";"14181";"Tuberculose Ativa";"14180.0";"";"";"6"
"I";"2021-07-29 15:37:33";"14182";"Alienação Mental";"14180.0";"";"";"6"
"I";"2021-07-29 15:37:48";"14183";"Esclerose Múltipla";"14180.0";"";"";"6"
"I";"2021-07-29 15:38:12";"14184";"Neoplasia Maligna";"14180.0";"";"";"6"
"I";"2021-07-29 15:37:42";"14185";"Cegueira";"14180.0";"";"";"6"
"I";"2021-07-29 15:37:56";"14186";"Hanseníase";"14180.0";"";"";"6"
"I";"2021-07-29 15:37:38";"14187";"Cardiopatia Grave";"14180.0";"";"";"6"
"I";"2021-07-29 15:37:45";"14188";"Doença de Parkinson";"14180.0";"";"";"6"
"I";"2021-07-29 15:38:15";"14189";"Paralisia Irreversível e Incapacitante";"14180.0";"";"";"6"
"I";"2021-07-29 15:37:52";"14190";"Espondilaortrose Anquisolante";"14180.0";"";"";"6"
"I";"2021-07-29 15:38:08";"14191";"Nefropatia Grave";"14180.0";"";"";"6"
"I";"2021-07-29 15:38:04";"14192";"Mal de Paget (Osteíte Deformante)";"14180.0";"";"";"6"
"I";"2021-07-29 15:38:25";"14193";"Síndrome de Imunodeficiência Adquirida";"14180.0";"";"";"6"
"I";"2021-05-28 13:13:31";"14653";"Redução à Condição Análoga à de Escravo";"864.0";"";"";"2"
"I";"2022-06-10 16:17:03";"14679";"Explosão da Fábrica de Fogos de Santo Antônio de Jesus/BA";"12467.0";"";"";"2"
"I";"2022-06-13 14:43:38";"14697";"Racismo";"3603.0";"";"";"3"
"I";"2022-06-13 15:16:19";"14699";"Racismo";"9847.0";"";"";"4"
"I";"2021-08-13 14:34:50";"14743";"Protesto de CDA";"4949.0";"";"";"4"
"I";"2021-09-29 12:40:41";"14807";"Rural (art. 59/63)";"7757.0";"";"";"4"
"I";"2023-10-04 12:11:30";"14836";"Cálculo do Benefício com Base na Regra Definitiva Prevista no Art. 29 da Lei 8.213/1991, Quando Mais Favorável que a Regra de Transição Contida no Art. 3º da Lei 9.876/1999";"6119.0";"";"";"3"
"I";"2021-09-29 17:00:33";"14883";"Fundo de Saúde do Exército - FUSEX";"6077.0";"";"";"5"
"I";"2021-09-30 14:54:36";"14928";"Indulto";"7791.0";"";"";"4"
"I";"2022-03-22 15:48:44";"15013";"Ausência ou Irregularidade no CNPJ";"11725.0";"";"";"3"
"I";"2022-03-22 15:57:35";"15015";"Propaganda Política - Propaganda Eleitoral - Bem Particular de Uso Comum";"11652.0";"";"";"4"
"I";"2025-04-01 14:22:17";"15143";"Violência contra a Mulher Candidata ou no Exercício do Mandato Eletivo";"11482.0";"";"";"4"
"I";"2025-04-01 14:20:50";"15399";"Violência Política de Gênero";"11497.0";"";"";"4"
"I";"2025-09-03 14:15:58";"15400";"Violência Política de Gênero (art. 326-B do Código Eleitoral)";"9847.0";"";"";"4"
